log_id,case_id,sop_id,step_no,step_name,executed_by,timestamp,expected_duration_min,actual_duration_min,deviation_flag,deviation_type,risk_level
1,LN-2026000,SOP-LU-001,1,Application Intake,P.Nair,2026-06-05 20:17:00,10,10,False,None,Low
2,LN-2026000,SOP-LU-001,2,KYC & Identity Verification,K.Menon,2026-06-05 20:54:00,20,18,False,None,High
3,LN-2026000,SOP-LU-001,3,Credit Bureau Pull,N.Bose,2026-06-05 21:12:00,15,14,False,None,Medium
4,LN-2026000,SOP-LU-001,4,Income & Employment Verification,M.Khan,2026-06-05 21:41:00,25,21,False,None,Medium
5,LN-2026000,SOP-LU-001,5,Debt-to-Income Calculation,P.Nair,2026-06-05 21:51:00,10,9,True,Step Skipped,Medium
6,LN-2026000,SOP-LU-001,6,Collateral Valuation,J.Pillai,2026-06-05 22:44:00,45,41,False,None,High
7,LN-2026000,SOP-LU-001,7,Fraud Risk Screening,N.Bose,2026-06-05 23:09:00,15,15,True,Order Swapped,High
8,LN-2026000,SOP-LU-001,8,Automated Credit Scoring,V.Reddy,2026-06-05 23:29:00,5,4,False,None,Medium
9,LN-2026000,SOP-LU-001,9,Manual Underwriting Review,A.Rao,2026-06-06 00:16:00,30,28,False,None,High
10,LN-2026000,SOP-LU-001,10,Conditional Approval Decision,S.Iyer,2026-06-06 00:42:00,15,14,False,None,Medium
11,LN-2026000,SOP-LU-001,11,Document Stipulation Collection,T.Sharma,2026-06-06 01:12:00,20,27,False,None,Low
12,LN-2026000,SOP-LU-001,12,Final Compliance Sign-off,P.Nair,2026-06-06 01:32:00,15,15,False,None,High
13,LN-2026000,SOP-LU-001,13,Final Approval & Booking,T.Sharma,2026-06-06 01:47:00,10,8,False,None,Medium
14,LN-2026000,SOP-LU-001,14,Disbursement Instruction,M.Khan,2026-06-06 02:15:00,10,10,False,None,Medium
15,LN-2026000,SOP-LU-001,15,Post-Disbursement Audit Tagging,T.Sharma,2026-06-06 02:21:00,5,4,False,None,Low
16,LN-2026001,SOP-LU-001,1,Application Intake,N.Bose,2026-06-26 19:26:00,10,11,False,None,Low
17,LN-2026001,SOP-LU-001,2,KYC & Identity Verification,M.Khan,2026-06-26 19:56:00,20,22,False,None,High
18,LN-2026001,SOP-LU-001,3,Credit Bureau Pull,R.Das,2026-06-26 20:29:00,15,18,False,None,Medium
19,LN-2026001,SOP-LU-001,4,Income & Employment Verification,J.Pillai,2026-06-26 21:10:00,25,23,False,None,Medium
20,LN-2026001,SOP-LU-001,5,Debt-to-Income Calculation,T.Sharma,2026-06-26 21:26:00,10,8,False,None,Medium
21,LN-2026001,SOP-LU-001,6,Collateral Valuation,K.Menon,2026-06-26 22:17:00,45,41,False,None,High
22,LN-2026001,SOP-LU-001,7,Fraud Risk Screening,R.Das,2026-06-26 22:39:00,15,18,True,Order Swapped,High
23,LN-2026001,SOP-LU-001,8,Automated Credit Scoring,P.Nair,2026-06-26 23:00:00,5,5,False,None,Medium
24,LN-2026001,SOP-LU-001,9,Manual Underwriting Review,M.Khan,2026-06-26 23:48:00,30,33,False,None,High
25,LN-2026001,SOP-LU-001,10,Conditional Approval Decision,T.Sharma,2026-06-27 00:18:00,15,14,False,None,Medium
26,LN-2026001,SOP-LU-001,11,Document Stipulation Collection,T.Sharma,2026-06-27 00:50:00,20,19,False,None,Low
27,LN-2026001,SOP-LU-001,12,Final Compliance Sign-off,R.Das,2026-06-27 01:19:00,15,16,False,None,High
28,LN-2026001,SOP-LU-001,13,Final Approval & Booking,K.Menon,2026-06-27 01:37:00,10,9,False,None,Medium
29,LN-2026001,SOP-LU-001,14,Disbursement Instruction,S.Iyer,2026-06-27 01:52:00,10,8,False,None,Medium
30,LN-2026001,SOP-LU-001,15,Post-Disbursement Audit Tagging,P.Nair,2026-06-27 02:05:00,5,4,False,None,Low
31,LN-2026002,SOP-LU-001,1,Application Intake,N.Bose,2026-06-26 23:18:00,10,7,False,None,Low
32,LN-2026002,SOP-LU-001,2,KYC & Identity Verification,T.Sharma,2026-06-26 23:54:00,20,17,False,None,High
33,LN-2026002,SOP-LU-001,3,Credit Bureau Pull,A.Rao,2026-06-27 00:12:00,15,17,False,None,Medium
34,LN-2026002,SOP-LU-001,4,Income & Employment Verification,A.Rao,2026-06-27 00:45:00,25,28,False,None,Medium
35,LN-2026002,SOP-LU-001,5,Debt-to-Income Calculation,M.Khan,2026-06-27 01:02:00,10,10,False,None,Medium
36,LN-2026002,SOP-LU-001,6,Collateral Valuation,P.Nair,2026-06-27 02:00:00,45,49,False,None,High
37,LN-2026002,SOP-LU-001,7,Fraud Risk Screening,J.Pillai,2026-06-27 02:27:00,15,11,False,None,High
38,LN-2026002,SOP-LU-001,8,Automated Credit Scoring,T.Sharma,2026-06-27 02:37:00,5,5,False,None,Medium
39,LN-2026002,SOP-LU-001,9,Manual Underwriting Review,V.Reddy,2026-06-27 03:13:00,30,33,False,None,High
40,LN-2026002,SOP-LU-001,10,Conditional Approval Decision,V.Reddy,2026-06-27 03:32:00,15,18,False,None,Medium
41,LN-2026002,SOP-LU-001,11,Document Stipulation Collection,S.Iyer,2026-06-27 03:55:00,20,20,False,None,Low
42,LN-2026002,SOP-LU-001,12,Final Compliance Sign-off,N.Bose,2026-06-27 04:10:00,15,14,False,None,High
43,LN-2026002,SOP-LU-001,13,Final Approval & Booking,J.Pillai,2026-06-27 04:32:00,10,8,False,None,Medium
44,LN-2026002,SOP-LU-001,14,Disbursement Instruction,J.Pillai,2026-06-27 04:50:00,10,11,False,None,Medium
45,LN-2026002,SOP-LU-001,15,Post-Disbursement Audit Tagging,P.Nair,2026-06-27 05:13:00,5,4,False,None,Low
46,LN-2026003,SOP-LU-001,1,Application Intake,A.Rao,2026-06-05 23:15:00,10,8,False,None,Low
47,LN-2026003,SOP-LU-001,2,KYC & Identity Verification,S.Iyer,2026-06-05 23:46:00,20,27,False,None,High
48,LN-2026003,SOP-LU-001,3,Credit Bureau Pull,M.Khan,2026-06-06 00:03:00,15,12,False,None,Medium
49,LN-2026003,SOP-LU-001,4,Income & Employment Verification,M.Khan,2026-06-06 00:36:00,25,22,False,None,Medium
50,LN-2026003,SOP-LU-001,5,Debt-to-Income Calculation,V.Reddy,2026-06-06 00:47:00,10,7,False,None,Medium
51,LN-2026003,SOP-LU-001,6,Collateral Valuation,N.Bose,2026-06-06 01:51:00,45,45,False,None,High
52,LN-2026003,SOP-LU-001,7,Fraud Risk Screening,A.Rao,2026-06-06 02:09:00,15,16,False,None,High
53,LN-2026003,SOP-LU-001,8,Automated Credit Scoring,K.Menon,2026-06-06 02:18:00,5,3,False,None,Medium
54,LN-2026003,SOP-LU-001,9,Manual Underwriting Review,N.Bose,2026-06-06 03:04:00,30,34,False,None,High
55,LN-2026003,SOP-LU-001,10,Conditional Approval Decision,T.Sharma,2026-06-06 03:29:00,15,18,False,None,Medium
56,LN-2026003,SOP-LU-001,11,Document Stipulation Collection,M.Khan,2026-06-06 03:50:00,20,20,False,None,Low
57,LN-2026003,SOP-LU-001,12,Final Compliance Sign-off,A.Rao,2026-06-06 04:19:00,15,16,False,None,High
58,LN-2026003,SOP-LU-001,13,Final Approval & Booking,R.Das,2026-06-06 04:36:00,10,8,False,None,Medium
59,LN-2026003,SOP-LU-001,14,Disbursement Instruction,S.Iyer,2026-06-06 04:53:00,10,8,False,None,Medium
60,LN-2026003,SOP-LU-001,15,Post-Disbursement Audit Tagging,K.Menon,2026-06-06 05:02:00,5,4,False,None,Low
61,LN-2026004,SOP-LU-001,1,Application Intake,J.Pillai,2026-06-22 09:19:00,10,10,False,None,Low
62,LN-2026004,SOP-LU-001,2,KYC & Identity Verification,T.Sharma,2026-06-22 09:55:00,20,19,False,None,High
63,LN-2026004,SOP-LU-001,3,Credit Bureau Pull,N.Bose,2026-06-22 10:21:00,15,14,False,None,Medium
64,LN-2026004,SOP-LU-001,4,Income & Employment Verification,N.Bose,2026-06-22 10:52:00,25,24,False,None,Medium
65,LN-2026004,SOP-LU-001,5,Debt-to-Income Calculation,J.Pillai,2026-06-22 11:16:00,10,7,False,None,Medium
66,LN-2026004,SOP-LU-001,6,Collateral Valuation,A.Rao,2026-06-22 12:17:00,45,44,False,None,High
67,LN-2026004,SOP-LU-001,7,Fraud Risk Screening,T.Sharma,2026-06-22 12:32:00,15,14,False,None,High
68,LN-2026004,SOP-LU-001,8,Automated Credit Scoring,R.Das,2026-06-22 12:37:00,5,4,False,None,Medium
69,LN-2026004,SOP-LU-001,9,Manual Underwriting Review,P.Nair,2026-06-22 13:16:00,30,27,False,None,High
70,LN-2026004,SOP-LU-001,10,Conditional Approval Decision,K.Menon,2026-06-22 13:36:00,15,14,False,None,Medium
71,LN-2026004,SOP-LU-001,11,Document Stipulation Collection,V.Reddy,2026-06-22 14:09:00,20,22,False,None,Low
72,LN-2026004,SOP-LU-001,12,Final Compliance Sign-off,N.Bose,2026-06-22 14:38:00,15,12,False,None,High
73,LN-2026004,SOP-LU-001,13,Final Approval & Booking,S.Iyer,2026-06-22 14:48:00,10,8,False,None,Medium
74,LN-2026004,SOP-LU-001,14,Disbursement Instruction,N.Bose,2026-06-22 15:06:00,10,12,False,None,Medium
75,LN-2026004,SOP-LU-001,15,Post-Disbursement Audit Tagging,N.Bose,2026-06-22 15:27:00,5,5,False,None,Low
76,LN-2026005,SOP-LU-001,1,Application Intake,N.Bose,2026-05-26 08:18:00,10,9,False,None,Low
77,LN-2026005,SOP-LU-001,2,KYC & Identity Verification,P.Nair,2026-05-26 08:38:00,20,17,False,None,High
78,LN-2026005,SOP-LU-001,3,Credit Bureau Pull,M.Khan,2026-05-26 08:55:00,15,13,False,None,Medium
79,LN-2026005,SOP-LU-001,4,Income & Employment Verification,T.Sharma,2026-05-26 09:39:00,25,25,False,None,Medium
80,LN-2026005,SOP-LU-001,5,Debt-to-Income Calculation,N.Bose,2026-05-26 09:55:00,10,9,False,None,Medium
81,LN-2026005,SOP-LU-001,6,Collateral Valuation,P.Nair,2026-05-26 10:50:00,45,48,False,None,High
82,LN-2026005,SOP-LU-001,7,Fraud Risk Screening,T.Sharma,2026-05-26 11:20:00,15,12,False,None,High
83,LN-2026005,SOP-LU-001,8,Automated Credit Scoring,P.Nair,2026-05-26 11:43:00,5,5,True,Documentation Missing,Medium
84,LN-2026005,SOP-LU-001,9,Manual Underwriting Review,A.Rao,2026-05-26 12:27:00,30,34,False,None,High
85,LN-2026005,SOP-LU-001,10,Conditional Approval Decision,A.Rao,2026-05-26 12:59:00,15,16,False,None,Medium
86,LN-2026005,SOP-LU-001,11,Document Stipulation Collection,A.Rao,2026-05-26 13:32:00,20,16,False,None,Low
87,LN-2026005,SOP-LU-001,12,Final Compliance Sign-off,K.Menon,2026-05-26 13:58:00,15,14,False,None,High
88,LN-2026005,SOP-LU-001,13,Final Approval & Booking,R.Das,2026-05-26 14:12:00,10,9,False,None,Medium
89,LN-2026005,SOP-LU-001,14,Disbursement Instruction,P.Nair,2026-05-26 14:31:00,10,10,False,None,Medium
90,LN-2026005,SOP-LU-001,15,Post-Disbursement Audit Tagging,J.Pillai,2026-05-26 14:45:00,5,5,False,None,Low
91,LN-2026006,SOP-LU-001,1,Application Intake,M.Khan,2026-07-10 02:11:00,10,10,False,None,Low
92,LN-2026006,SOP-LU-001,2,KYC & Identity Verification,K.Menon,2026-07-10 02:42:00,20,20,False,None,High
93,LN-2026006,SOP-LU-001,3,Credit Bureau Pull,T.Sharma,2026-07-10 03:14:00,15,16,False,None,Medium
94,LN-2026006,SOP-LU-001,4,Income & Employment Verification,V.Reddy,2026-07-10 03:48:00,25,31,False,None,Medium
95,LN-2026006,SOP-LU-001,5,Debt-to-Income Calculation,A.Rao,2026-07-10 04:00:00,10,9,False,None,Medium
96,LN-2026006,SOP-LU-001,6,Collateral Valuation,K.Menon,2026-07-10 04:47:00,45,31,False,None,High
97,LN-2026006,SOP-LU-001,7,Fraud Risk Screening,T.Sharma,2026-07-10 05:17:00,15,14,False,None,High
98,LN-2026006,SOP-LU-001,8,Automated Credit Scoring,K.Menon,2026-07-10 05:29:00,5,4,False,None,Medium
99,LN-2026006,SOP-LU-001,9,Manual Underwriting Review,P.Nair,2026-07-10 06:01:00,30,31,False,None,High
100,LN-2026006,SOP-LU-001,10,Conditional Approval Decision,S.Iyer,2026-07-10 06:34:00,15,17,False,None,Medium
101,LN-2026006,SOP-LU-001,11,Document Stipulation Collection,R.Das,2026-07-10 07:07:00,20,19,False,None,Low
102,LN-2026006,SOP-LU-001,12,Final Compliance Sign-off,K.Menon,2026-07-10 07:26:00,15,13,False,None,High
103,LN-2026006,SOP-LU-001,13,Final Approval & Booking,N.Bose,2026-07-10 07:43:00,10,9,False,None,Medium
104,LN-2026006,SOP-LU-001,14,Disbursement Instruction,N.Bose,2026-07-10 07:55:00,10,10,False,None,Medium
105,LN-2026006,SOP-LU-001,15,Post-Disbursement Audit Tagging,K.Menon,2026-07-10 08:15:00,5,5,False,None,Low
106,LN-2026007,SOP-LU-001,1,Application Intake,V.Reddy,2026-06-09 23:08:00,10,7,False,None,Low
107,LN-2026007,SOP-LU-001,2,KYC & Identity Verification,M.Khan,2026-06-09 23:48:00,20,21,False,None,High
108,LN-2026007,SOP-LU-001,3,Credit Bureau Pull,S.Iyer,2026-06-10 00:05:00,15,13,False,None,Medium
109,LN-2026007,SOP-LU-001,4,Income & Employment Verification,M.Khan,2026-06-10 00:47:00,25,25,False,None,Medium
110,LN-2026007,SOP-LU-001,5,Debt-to-Income Calculation,V.Reddy,2026-06-10 01:08:00,10,9,False,None,Medium
111,LN-2026007,SOP-LU-001,6,Collateral Valuation,N.Bose,2026-06-10 02:00:00,45,43,False,None,High
112,LN-2026007,SOP-LU-001,7,Fraud Risk Screening,V.Reddy,2026-06-10 02:21:00,15,16,False,None,High
113,LN-2026007,SOP-LU-001,8,Automated Credit Scoring,R.Das,2026-06-10 02:28:00,5,4,False,None,Medium
114,LN-2026007,SOP-LU-001,9,Manual Underwriting Review,A.Rao,2026-06-10 03:02:00,30,33,False,None,High
115,LN-2026007,SOP-LU-001,10,Conditional Approval Decision,N.Bose,2026-06-10 03:17:00,15,14,False,None,Medium
116,LN-2026007,SOP-LU-001,11,Document Stipulation Collection,T.Sharma,2026-06-10 03:38:00,20,18,False,None,Low
117,LN-2026007,SOP-LU-001,12,Final Compliance Sign-off,V.Reddy,2026-06-10 03:56:00,15,15,True,Documentation Missing,High
118,LN-2026007,SOP-LU-001,13,Final Approval & Booking,N.Bose,2026-06-10 04:12:00,10,8,False,None,Medium
119,LN-2026007,SOP-LU-001,14,Disbursement Instruction,N.Bose,2026-06-10 04:30:00,10,8,False,None,Medium
120,LN-2026007,SOP-LU-001,15,Post-Disbursement Audit Tagging,S.Iyer,2026-06-10 04:38:00,5,6,False,None,Low
121,LN-2026008,SOP-LU-001,1,Application Intake,M.Khan,2026-06-02 16:20:00,10,10,False,None,Low
122,LN-2026008,SOP-LU-001,2,KYC & Identity Verification,J.Pillai,2026-06-02 16:48:00,20,25,False,None,High
123,LN-2026008,SOP-LU-001,3,Credit Bureau Pull,J.Pillai,2026-06-02 17:11:00,15,16,False,None,Medium
124,LN-2026008,SOP-LU-001,4,Income & Employment Verification,M.Khan,2026-06-02 17:34:00,25,19,True,Step Skipped,Medium
125,LN-2026008,SOP-LU-001,5,Debt-to-Income Calculation,J.Pillai,2026-06-02 17:58:00,10,10,False,None,Medium
126,LN-2026008,SOP-LU-001,6,Collateral Valuation,R.Das,2026-06-02 19:06:00,45,52,False,None,High
127,LN-2026008,SOP-LU-001,7,Fraud Risk Screening,T.Sharma,2026-06-02 19:40:00,15,15,False,None,High
128,LN-2026008,SOP-LU-001,8,Automated Credit Scoring,M.Khan,2026-06-02 20:01:00,5,4,False,None,Medium
129,LN-2026008,SOP-LU-001,9,Manual Underwriting Review,R.Das,2026-06-02 20:27:00,30,25,False,None,High
130,LN-2026008,SOP-LU-001,10,Conditional Approval Decision,K.Menon,2026-06-02 20:49:00,15,14,False,None,Medium
131,LN-2026008,SOP-LU-001,11,Document Stipulation Collection,J.Pillai,2026-06-02 21:11:00,20,17,True,Documentation Missing,Low
132,LN-2026008,SOP-LU-001,12,Final Compliance Sign-off,K.Menon,2026-06-02 21:34:00,15,16,False,None,High
133,LN-2026008,SOP-LU-001,13,Final Approval & Booking,N.Bose,2026-06-02 21:55:00,10,13,False,None,Medium
134,LN-2026008,SOP-LU-001,14,Disbursement Instruction,T.Sharma,2026-06-02 22:23:00,10,12,False,None,Medium
135,LN-2026008,SOP-LU-001,15,Post-Disbursement Audit Tagging,P.Nair,2026-06-02 22:47:00,5,5,False,None,Low
136,LN-2026009,SOP-LU-001,1,Application Intake,R.Das,2026-05-28 08:29:00,10,10,False,None,Low
137,LN-2026009,SOP-LU-001,2,KYC & Identity Verification,N.Bose,2026-05-28 08:51:00,20,17,False,None,High
138,LN-2026009,SOP-LU-001,3,Credit Bureau Pull,N.Bose,2026-05-28 09:14:00,15,14,True,Tool Substitution,Medium
139,LN-2026009,SOP-LU-001,4,Income & Employment Verification,K.Menon,2026-05-28 09:38:00,25,23,False,None,Medium
140,LN-2026009,SOP-LU-001,5,Debt-to-Income Calculation,S.Iyer,2026-05-28 10:03:00,10,10,False,None,Medium
141,LN-2026009,SOP-LU-001,6,Collateral Valuation,K.Menon,2026-05-28 11:06:00,45,47,False,None,High
142,LN-2026009,SOP-LU-001,7,Fraud Risk Screening,S.Iyer,2026-05-28 11:25:00,15,11,False,None,High
143,LN-2026009,SOP-LU-001,8,Automated Credit Scoring,J.Pillai,2026-05-28 11:37:00,5,5,False,None,Medium
144,LN-2026009,SOP-LU-001,9,Manual Underwriting Review,T.Sharma,2026-05-28 12:14:00,30,32,False,None,High
145,LN-2026009,SOP-LU-001,10,Conditional Approval Decision,R.Das,2026-05-28 12:38:00,15,12,False,None,Medium
146,LN-2026009,SOP-LU-001,11,Document Stipulation Collection,R.Das,2026-05-28 13:19:00,20,25,False,None,Low
147,LN-2026009,SOP-LU-001,12,Final Compliance Sign-off,A.Rao,2026-05-28 13:47:00,15,13,False,None,High
148,LN-2026009,SOP-LU-001,13,Final Approval & Booking,M.Khan,2026-05-28 14:13:00,10,9,False,None,Medium
149,LN-2026009,SOP-LU-001,14,Disbursement Instruction,A.Rao,2026-05-28 14:28:00,10,11,False,None,Medium
150,LN-2026009,SOP-LU-001,15,Post-Disbursement Audit Tagging,S.Iyer,2026-05-28 14:34:00,5,5,True,Tool Substitution,Low
151,LN-2026010,SOP-LU-001,1,Application Intake,N.Bose,2026-07-13 05:14:00,10,9,False,None,Low
152,LN-2026010,SOP-LU-001,2,KYC & Identity Verification,N.Bose,2026-07-13 05:38:00,20,20,False,None,High
153,LN-2026010,SOP-LU-001,3,Credit Bureau Pull,S.Iyer,2026-07-13 06:11:00,15,14,True,Step Skipped,Medium
154,LN-2026010,SOP-LU-001,4,Income & Employment Verification,T.Sharma,2026-07-13 06:35:00,25,23,False,None,Medium
155,LN-2026010,SOP-LU-001,5,Debt-to-Income Calculation,S.Iyer,2026-07-13 07:03:00,10,12,False,None,Medium
156,LN-2026010,SOP-LU-001,6,Collateral Valuation,A.Rao,2026-07-13 08:06:00,45,47,False,None,High
157,LN-2026010,SOP-LU-001,7,Fraud Risk Screening,A.Rao,2026-07-13 08:32:00,15,14,False,None,High
158,LN-2026010,SOP-LU-001,8,Automated Credit Scoring,P.Nair,2026-07-13 08:55:00,5,5,False,None,Medium
159,LN-2026010,SOP-LU-001,9,Manual Underwriting Review,K.Menon,2026-07-13 09:39:00,30,25,False,None,High
160,LN-2026010,SOP-LU-001,10,Conditional Approval Decision,N.Bose,2026-07-13 10:05:00,15,15,False,None,Medium
161,LN-2026010,SOP-LU-001,11,Document Stipulation Collection,M.Khan,2026-07-13 10:25:00,20,19,False,None,Low
162,LN-2026010,SOP-LU-001,12,Final Compliance Sign-off,S.Iyer,2026-07-13 10:49:00,15,16,False,None,High
163,LN-2026010,SOP-LU-001,13,Final Approval & Booking,P.Nair,2026-07-13 11:06:00,10,9,False,None,Medium
164,LN-2026010,SOP-LU-001,14,Disbursement Instruction,S.Iyer,2026-07-13 11:26:00,10,10,False,None,Medium
165,LN-2026010,SOP-LU-001,15,Post-Disbursement Audit Tagging,A.Rao,2026-07-13 11:48:00,5,4,False,None,Low
166,LN-2026011,SOP-LU-001,1,Application Intake,M.Khan,2026-07-03 04:20:00,10,9,False,None,Low
167,LN-2026011,SOP-LU-001,2,KYC & Identity Verification,P.Nair,2026-07-03 04:45:00,20,21,False,None,High
168,LN-2026011,SOP-LU-001,3,Credit Bureau Pull,K.Menon,2026-07-03 05:11:00,15,16,False,None,Medium
169,LN-2026011,SOP-LU-001,4,Income & Employment Verification,A.Rao,2026-07-03 05:45:00,25,31,False,None,Medium
170,LN-2026011,SOP-LU-001,5,Debt-to-Income Calculation,P.Nair,2026-07-03 06:09:00,10,7,False,None,Medium
171,LN-2026011,SOP-LU-001,6,Collateral Valuation,V.Reddy,2026-07-03 07:06:00,45,40,False,None,High
172,LN-2026011,SOP-LU-001,7,Fraud Risk Screening,P.Nair,2026-07-03 07:28:00,15,15,False,None,High
173,LN-2026011,SOP-LU-001,8,Automated Credit Scoring,P.Nair,2026-07-03 07:38:00,5,5,False,None,Medium
174,LN-2026011,SOP-LU-001,9,Manual Underwriting Review,R.Das,2026-07-03 08:21:00,30,31,False,None,High
175,LN-2026011,SOP-LU-001,10,Conditional Approval Decision,R.Das,2026-07-03 08:42:00,15,18,False,None,Medium
176,LN-2026011,SOP-LU-001,11,Document Stipulation Collection,N.Bose,2026-07-03 09:09:00,20,18,False,None,Low
177,LN-2026011,SOP-LU-001,12,Final Compliance Sign-off,N.Bose,2026-07-03 09:41:00,15,16,False,None,High
178,LN-2026011,SOP-LU-001,13,Final Approval & Booking,A.Rao,2026-07-03 10:00:00,10,6,False,None,Medium
179,LN-2026011,SOP-LU-001,14,Disbursement Instruction,R.Das,2026-07-03 10:21:00,10,9,False,None,Medium
180,LN-2026011,SOP-LU-001,15,Post-Disbursement Audit Tagging,R.Das,2026-07-03 10:35:00,5,5,False,None,Low
181,LN-2026012,SOP-LU-001,1,Application Intake,T.Sharma,2026-05-04 03:29:00,10,10,False,None,Low
182,LN-2026012,SOP-LU-001,2,KYC & Identity Verification,N.Bose,2026-05-04 04:03:00,20,19,False,None,High
183,LN-2026012,SOP-LU-001,3,Credit Bureau Pull,J.Pillai,2026-05-04 04:24:00,15,17,False,None,Medium
184,LN-2026012,SOP-LU-001,4,Income & Employment Verification,A.Rao,2026-05-04 05:13:00,25,33,False,None,Medium
185,LN-2026012,SOP-LU-001,5,Debt-to-Income Calculation,A.Rao,2026-05-04 05:26:00,10,8,False,None,Medium
186,LN-2026012,SOP-LU-001,6,Collateral Valuation,N.Bose,2026-05-04 06:13:00,45,44,False,None,High
187,LN-2026012,SOP-LU-001,7,Fraud Risk Screening,P.Nair,2026-05-04 06:45:00,15,14,False,None,High
188,LN-2026012,SOP-LU-001,8,Automated Credit Scoring,K.Menon,2026-05-04 07:05:00,5,5,False,None,Medium
189,LN-2026012,SOP-LU-001,9,Manual Underwriting Review,T.Sharma,2026-05-04 07:48:00,30,31,False,None,High
190,LN-2026012,SOP-LU-001,10,Conditional Approval Decision,K.Menon,2026-05-04 08:18:00,15,13,False,None,Medium
191,LN-2026012,SOP-LU-001,11,Document Stipulation Collection,R.Das,2026-05-04 08:54:00,20,18,False,None,Low
192,LN-2026012,SOP-LU-001,12,Final Compliance Sign-off,M.Khan,2026-05-04 09:11:00,15,15,False,None,High
193,LN-2026012,SOP-LU-001,13,Final Approval & Booking,R.Das,2026-05-04 09:29:00,10,11,False,None,Medium
194,LN-2026012,SOP-LU-001,14,Disbursement Instruction,P.Nair,2026-05-04 09:51:00,10,9,False,None,Medium
195,LN-2026012,SOP-LU-001,15,Post-Disbursement Audit Tagging,M.Khan,2026-05-04 10:14:00,5,4,False,None,Low
196,LN-2026013,SOP-LU-001,1,Application Intake,R.Das,2026-06-20 05:19:00,10,12,False,None,Low
197,LN-2026013,SOP-LU-001,2,KYC & Identity Verification,A.Rao,2026-06-20 05:48:00,20,22,False,None,High
198,LN-2026013,SOP-LU-001,3,Credit Bureau Pull,P.Nair,2026-06-20 06:05:00,15,14,False,None,Medium
199,LN-2026013,SOP-LU-001,4,Income & Employment Verification,J.Pillai,2026-06-20 06:35:00,25,22,False,None,Medium
200,LN-2026013,SOP-LU-001,5,Debt-to-Income Calculation,T.Sharma,2026-06-20 06:51:00,10,7,False,None,Medium
201,LN-2026013,SOP-LU-001,6,Collateral Valuation,V.Reddy,2026-06-20 07:58:00,45,50,False,None,High
202,LN-2026013,SOP-LU-001,7,Fraud Risk Screening,N.Bose,2026-06-20 08:16:00,15,17,False,None,High
203,LN-2026013,SOP-LU-001,8,Automated Credit Scoring,S.Iyer,2026-06-20 08:26:00,5,5,False,None,Medium
204,LN-2026013,SOP-LU-001,9,Manual Underwriting Review,R.Das,2026-06-20 09:00:00,30,30,False,None,High
205,LN-2026013,SOP-LU-001,10,Conditional Approval Decision,J.Pillai,2026-06-20 09:34:00,15,16,False,None,Medium
206,LN-2026013,SOP-LU-001,11,Document Stipulation Collection,P.Nair,2026-06-20 10:09:00,20,20,False,None,Low
207,LN-2026013,SOP-LU-001,12,Final Compliance Sign-off,P.Nair,2026-06-20 10:28:00,15,18,False,None,High
208,LN-2026013,SOP-LU-001,13,Final Approval & Booking,S.Iyer,2026-06-20 10:42:00,10,11,False,None,Medium
209,LN-2026013,SOP-LU-001,14,Disbursement Instruction,V.Reddy,2026-06-20 10:59:00,10,9,True,Order Swapped,Medium
210,LN-2026013,SOP-LU-001,15,Post-Disbursement Audit Tagging,K.Menon,2026-06-20 11:08:00,5,5,False,None,Low
211,LN-2026014,SOP-LU-001,1,Application Intake,M.Khan,2026-05-04 17:12:00,10,7,False,None,Low
212,LN-2026014,SOP-LU-001,2,KYC & Identity Verification,P.Nair,2026-05-04 17:39:00,20,18,False,None,High
213,LN-2026014,SOP-LU-001,3,Credit Bureau Pull,A.Rao,2026-05-04 18:10:00,15,14,False,None,Medium
214,LN-2026014,SOP-LU-001,4,Income & Employment Verification,K.Menon,2026-05-04 18:37:00,25,18,False,None,Medium
215,LN-2026014,SOP-LU-001,5,Debt-to-Income Calculation,P.Nair,2026-05-04 19:04:00,10,11,False,None,Medium
216,LN-2026014,SOP-LU-001,6,Collateral Valuation,N.Bose,2026-05-04 19:58:00,45,41,False,None,High
217,LN-2026014,SOP-LU-001,7,Fraud Risk Screening,N.Bose,2026-05-04 20:28:00,15,12,False,None,High
218,LN-2026014,SOP-LU-001,8,Automated Credit Scoring,K.Menon,2026-05-04 20:47:00,5,6,False,None,Medium
219,LN-2026014,SOP-LU-001,9,Manual Underwriting Review,V.Reddy,2026-05-04 21:16:00,30,28,False,None,High
220,LN-2026014,SOP-LU-001,10,Conditional Approval Decision,N.Bose,2026-05-04 21:46:00,15,12,False,None,Medium
221,LN-2026014,SOP-LU-001,11,Document Stipulation Collection,V.Reddy,2026-05-04 22:17:00,20,14,False,None,Low
222,LN-2026014,SOP-LU-001,12,Final Compliance Sign-off,N.Bose,2026-05-04 22:48:00,15,18,False,None,High
223,LN-2026014,SOP-LU-001,13,Final Approval & Booking,N.Bose,2026-05-04 23:03:00,10,10,False,None,Medium
224,LN-2026014,SOP-LU-001,14,Disbursement Instruction,S.Iyer,2026-05-04 23:17:00,10,9,False,None,Medium
225,LN-2026014,SOP-LU-001,15,Post-Disbursement Audit Tagging,V.Reddy,2026-05-04 23:27:00,5,5,False,None,Low
226,LN-2026015,SOP-LU-001,1,Application Intake,R.Das,2026-05-30 17:20:00,10,10,False,None,Low
227,LN-2026015,SOP-LU-001,2,KYC & Identity Verification,N.Bose,2026-05-30 17:44:00,20,15,False,None,High
228,LN-2026015,SOP-LU-001,3,Credit Bureau Pull,P.Nair,2026-05-30 18:11:00,15,13,False,None,Medium
229,LN-2026015,SOP-LU-001,4,Income & Employment Verification,K.Menon,2026-05-30 18:36:00,25,21,False,None,Medium
230,LN-2026015,SOP-LU-001,5,Debt-to-Income Calculation,P.Nair,2026-05-30 18:45:00,10,8,False,None,Medium
231,LN-2026015,SOP-LU-001,6,Collateral Valuation,T.Sharma,2026-05-30 19:45:00,45,52,False,None,High
232,LN-2026015,SOP-LU-001,7,Fraud Risk Screening,K.Menon,2026-05-30 20:10:00,15,18,False,None,High
233,LN-2026015,SOP-LU-001,8,Automated Credit Scoring,P.Nair,2026-05-30 20:18:00,5,5,False,None,Medium
234,LN-2026015,SOP-LU-001,9,Manual Underwriting Review,S.Iyer,2026-05-30 21:15:00,30,39,False,None,High
235,LN-2026015,SOP-LU-001,10,Conditional Approval Decision,K.Menon,2026-05-30 21:35:00,15,15,False,None,Medium
236,LN-2026015,SOP-LU-001,11,Document Stipulation Collection,T.Sharma,2026-05-30 22:15:00,20,23,False,None,Low
237,LN-2026015,SOP-LU-001,12,Final Compliance Sign-off,M.Khan,2026-05-30 22:33:00,15,16,False,None,High
238,LN-2026015,SOP-LU-001,13,Final Approval & Booking,M.Khan,2026-05-30 22:56:00,10,12,True,Tool Substitution,Medium
239,LN-2026015,SOP-LU-001,14,Disbursement Instruction,J.Pillai,2026-05-30 23:07:00,10,9,False,None,Medium
240,LN-2026015,SOP-LU-001,15,Post-Disbursement Audit Tagging,A.Rao,2026-05-30 23:17:00,5,4,False,None,Low
241,LN-2026016,SOP-LU-001,1,Application Intake,A.Rao,2026-06-25 09:26:00,10,7,False,None,Low
242,LN-2026016,SOP-LU-001,2,KYC & Identity Verification,R.Das,2026-06-25 09:52:00,20,24,False,None,High
243,LN-2026016,SOP-LU-001,3,Credit Bureau Pull,M.Khan,2026-06-25 10:22:00,15,15,False,None,Medium
244,LN-2026016,SOP-LU-001,4,Income & Employment Verification,N.Bose,2026-06-25 10:48:00,25,16,False,None,Medium
245,LN-2026016,SOP-LU-001,5,Debt-to-Income Calculation,P.Nair,2026-06-25 11:00:00,10,7,False,None,Medium
246,LN-2026016,SOP-LU-001,6,Collateral Valuation,R.Das,2026-06-25 11:46:00,45,44,False,None,High
247,LN-2026016,SOP-LU-001,7,Fraud Risk Screening,A.Rao,2026-06-25 12:08:00,15,11,False,None,High
248,LN-2026016,SOP-LU-001,8,Automated Credit Scoring,M.Khan,2026-06-25 12:24:00,5,5,False,None,Medium
249,LN-2026016,SOP-LU-001,9,Manual Underwriting Review,V.Reddy,2026-06-25 13:09:00,30,29,False,None,High
250,LN-2026016,SOP-LU-001,10,Conditional Approval Decision,J.Pillai,2026-06-25 13:34:00,15,14,False,None,Medium
251,LN-2026016,SOP-LU-001,11,Document Stipulation Collection,M.Khan,2026-06-25 14:03:00,20,21,False,None,Low
252,LN-2026016,SOP-LU-001,12,Final Compliance Sign-off,A.Rao,2026-06-25 14:19:00,15,12,False,None,High
253,LN-2026016,SOP-LU-001,13,Final Approval & Booking,M.Khan,2026-06-25 14:33:00,10,11,False,None,Medium
254,LN-2026016,SOP-LU-001,14,Disbursement Instruction,V.Reddy,2026-06-25 15:00:00,10,9,False,None,Medium
255,LN-2026016,SOP-LU-001,15,Post-Disbursement Audit Tagging,R.Das,2026-06-25 15:08:00,5,3,False,None,Low
256,LN-2026017,SOP-LU-001,1,Application Intake,M.Khan,2026-07-02 01:20:00,10,10,False,None,Low
257,LN-2026017,SOP-LU-001,2,KYC & Identity Verification,M.Khan,2026-07-02 01:53:00,20,19,False,None,High
258,LN-2026017,SOP-LU-001,3,Credit Bureau Pull,K.Menon,2026-07-02 02:07:00,15,12,False,None,Medium
259,LN-2026017,SOP-LU-001,4,Income & Employment Verification,N.Bose,2026-07-02 02:39:00,25,23,False,None,Medium
260,LN-2026017,SOP-LU-001,5,Debt-to-Income Calculation,P.Nair,2026-07-02 03:07:00,10,13,True,Extra Manual Step Added,Medium
261,LN-2026017,SOP-LU-001,6,Collateral Valuation,A.Rao,2026-07-02 03:58:00,45,40,False,None,High
262,LN-2026017,SOP-LU-001,7,Fraud Risk Screening,P.Nair,2026-07-02 04:29:00,15,15,False,None,High
263,LN-2026017,SOP-LU-001,8,Automated Credit Scoring,A.Rao,2026-07-02 04:34:00,5,4,False,None,Medium
264,LN-2026017,SOP-LU-001,9,Manual Underwriting Review,P.Nair,2026-07-02 05:11:00,30,29,False,None,High
265,LN-2026017,SOP-LU-001,10,Conditional Approval Decision,K.Menon,2026-07-02 05:39:00,15,13,False,None,Medium
266,LN-2026017,SOP-LU-001,11,Document Stipulation Collection,P.Nair,2026-07-02 06:15:00,20,21,False,None,Low
267,LN-2026017,SOP-LU-001,12,Final Compliance Sign-off,R.Das,2026-07-02 06:43:00,15,14,False,None,High
268,LN-2026017,SOP-LU-001,13,Final Approval & Booking,S.Iyer,2026-07-02 06:51:00,10,6,False,None,Medium
269,LN-2026017,SOP-LU-001,14,Disbursement Instruction,K.Menon,2026-07-02 07:17:00,10,11,False,None,Medium
270,LN-2026017,SOP-LU-001,15,Post-Disbursement Audit Tagging,S.Iyer,2026-07-02 07:35:00,5,4,False,None,Low
271,LN-2026018,SOP-LU-001,1,Application Intake,J.Pillai,2026-07-13 22:18:00,10,13,True,Extra Manual Step Added,Low
272,LN-2026018,SOP-LU-001,2,KYC & Identity Verification,M.Khan,2026-07-13 22:43:00,20,15,False,None,High
273,LN-2026018,SOP-LU-001,3,Credit Bureau Pull,P.Nair,2026-07-13 23:12:00,15,17,False,None,Medium
274,LN-2026018,SOP-LU-001,4,Income & Employment Verification,P.Nair,2026-07-13 23:54:00,25,25,False,None,Medium
275,LN-2026018,SOP-LU-001,5,Debt-to-Income Calculation,R.Das,2026-07-14 00:13:00,10,9,False,None,Medium
276,LN-2026018,SOP-LU-001,6,Collateral Valuation,J.Pillai,2026-07-14 00:46:00,45,30,False,None,High
277,LN-2026018,SOP-LU-001,7,Fraud Risk Screening,J.Pillai,2026-07-14 01:04:00,15,14,False,None,High
278,LN-2026018,SOP-LU-001,8,Automated Credit Scoring,T.Sharma,2026-07-14 01:25:00,5,6,False,None,Medium
279,LN-2026018,SOP-LU-001,9,Manual Underwriting Review,T.Sharma,2026-07-14 02:04:00,30,31,False,None,High
280,LN-2026018,SOP-LU-001,10,Conditional Approval Decision,T.Sharma,2026-07-14 02:39:00,15,18,True,Approval Bypassed,Medium
281,LN-2026018,SOP-LU-001,11,Document Stipulation Collection,V.Reddy,2026-07-14 03:23:00,20,42,True,Duration Overrun,Low
282,LN-2026018,SOP-LU-001,12,Final Compliance Sign-off,T.Sharma,2026-07-14 03:53:00,15,17,False,None,High
283,LN-2026018,SOP-LU-001,13,Final Approval & Booking,V.Reddy,2026-07-14 04:09:00,10,10,False,None,Medium
284,LN-2026018,SOP-LU-001,14,Disbursement Instruction,M.Khan,2026-07-14 04:24:00,10,9,False,None,Medium
285,LN-2026018,SOP-LU-001,15,Post-Disbursement Audit Tagging,N.Bose,2026-07-14 04:39:00,5,4,False,None,Low
286,LN-2026019,SOP-LU-001,1,Application Intake,N.Bose,2026-07-07 22:18:00,10,9,False,None,Low
287,LN-2026019,SOP-LU-001,2,KYC & Identity Verification,V.Reddy,2026-07-07 22:46:00,20,20,False,None,High
288,LN-2026019,SOP-LU-001,3,Credit Bureau Pull,J.Pillai,2026-07-07 23:04:00,15,13,False,None,Medium
289,LN-2026019,SOP-LU-001,4,Income & Employment Verification,P.Nair,2026-07-07 23:34:00,25,26,False,None,Medium
290,LN-2026019,SOP-LU-001,5,Debt-to-Income Calculation,K.Menon,2026-07-07 23:58:00,10,9,False,None,Medium
291,LN-2026019,SOP-LU-001,6,Collateral Valuation,V.Reddy,2026-07-08 00:45:00,45,41,False,None,High
292,LN-2026019,SOP-LU-001,7,Fraud Risk Screening,V.Reddy,2026-07-08 01:20:00,15,16,False,None,High
293,LN-2026019,SOP-LU-001,8,Automated Credit Scoring,M.Khan,2026-07-08 01:36:00,5,5,False,None,Medium
294,LN-2026019,SOP-LU-001,9,Manual Underwriting Review,V.Reddy,2026-07-08 02:17:00,30,33,False,None,High
295,LN-2026019,SOP-LU-001,10,Conditional Approval Decision,S.Iyer,2026-07-08 02:39:00,15,17,False,None,Medium
296,LN-2026019,SOP-LU-001,11,Document Stipulation Collection,T.Sharma,2026-07-08 03:04:00,20,19,False,None,Low
297,LN-2026019,SOP-LU-001,12,Final Compliance Sign-off,T.Sharma,2026-07-08 03:32:00,15,16,False,None,High
298,LN-2026019,SOP-LU-001,13,Final Approval & Booking,J.Pillai,2026-07-08 03:55:00,10,8,False,None,Medium
299,LN-2026019,SOP-LU-001,14,Disbursement Instruction,R.Das,2026-07-08 04:12:00,10,11,False,None,Medium
300,LN-2026019,SOP-LU-001,15,Post-Disbursement Audit Tagging,N.Bose,2026-07-08 04:22:00,5,5,False,None,Low
301,LN-2026020,SOP-LU-001,1,Application Intake,V.Reddy,2026-07-19 21:20:00,10,9,False,None,Low
302,LN-2026020,SOP-LU-001,2,KYC & Identity Verification,P.Nair,2026-07-19 21:39:00,20,16,False,None,High
303,LN-2026020,SOP-LU-001,3,Credit Bureau Pull,V.Reddy,2026-07-19 22:03:00,15,14,False,None,Medium
304,LN-2026020,SOP-LU-001,4,Income & Employment Verification,A.Rao,2026-07-19 22:31:00,25,23,False,None,Medium
305,LN-2026020,SOP-LU-001,5,Debt-to-Income Calculation,P.Nair,2026-07-19 22:43:00,10,11,False,None,Medium
306,LN-2026020,SOP-LU-001,6,Collateral Valuation,P.Nair,2026-07-19 23:29:00,45,41,False,None,High
307,LN-2026020,SOP-LU-001,7,Fraud Risk Screening,J.Pillai,2026-07-19 23:52:00,15,20,False,None,High
308,LN-2026020,SOP-LU-001,8,Automated Credit Scoring,N.Bose,2026-07-20 00:13:00,5,4,False,None,Medium
309,LN-2026020,SOP-LU-001,9,Manual Underwriting Review,M.Khan,2026-07-20 01:03:00,30,32,False,None,High
310,LN-2026020,SOP-LU-001,10,Conditional Approval Decision,N.Bose,2026-07-20 01:33:00,15,16,False,None,Medium
311,LN-2026020,SOP-LU-001,11,Document Stipulation Collection,V.Reddy,2026-07-20 01:52:00,20,18,False,None,Low
312,LN-2026020,SOP-LU-001,12,Final Compliance Sign-off,R.Das,2026-07-20 02:12:00,15,12,False,None,High
313,LN-2026020,SOP-LU-001,13,Final Approval & Booking,P.Nair,2026-07-20 02:27:00,10,10,False,None,Medium
314,LN-2026020,SOP-LU-001,14,Disbursement Instruction,N.Bose,2026-07-20 02:51:00,10,10,False,None,Medium
315,LN-2026020,SOP-LU-001,15,Post-Disbursement Audit Tagging,S.Iyer,2026-07-20 03:01:00,5,5,False,None,Low
316,LN-2026021,SOP-LU-001,1,Application Intake,J.Pillai,2026-07-25 12:29:00,10,10,False,None,Low
317,LN-2026021,SOP-LU-001,2,KYC & Identity Verification,N.Bose,2026-07-25 12:53:00,20,20,False,None,High
318,LN-2026021,SOP-LU-001,3,Credit Bureau Pull,K.Menon,2026-07-25 13:25:00,15,19,False,None,Medium
319,LN-2026021,SOP-LU-001,4,Income & Employment Verification,R.Das,2026-07-25 14:04:00,25,31,False,None,Medium
320,LN-2026021,SOP-LU-001,5,Debt-to-Income Calculation,S.Iyer,2026-07-25 14:22:00,10,11,False,None,Medium
321,LN-2026021,SOP-LU-001,6,Collateral Valuation,N.Bose,2026-07-25 15:16:00,45,48,False,None,High
322,LN-2026021,SOP-LU-001,7,Fraud Risk Screening,A.Rao,2026-07-25 15:32:00,15,15,False,None,High
323,LN-2026021,SOP-LU-001,8,Automated Credit Scoring,N.Bose,2026-07-25 15:54:00,5,5,False,None,Medium
324,LN-2026021,SOP-LU-001,9,Manual Underwriting Review,S.Iyer,2026-07-25 16:32:00,30,37,False,None,High
325,LN-2026021,SOP-LU-001,10,Conditional Approval Decision,V.Reddy,2026-07-25 16:56:00,15,16,False,None,Medium
326,LN-2026021,SOP-LU-001,11,Document Stipulation Collection,A.Rao,2026-07-25 17:16:00,20,12,False,None,Low
327,LN-2026021,SOP-LU-001,12,Final Compliance Sign-off,V.Reddy,2026-07-25 17:35:00,15,13,False,None,High
328,LN-2026021,SOP-LU-001,13,Final Approval & Booking,T.Sharma,2026-07-25 17:48:00,10,10,False,None,Medium
329,LN-2026021,SOP-LU-001,14,Disbursement Instruction,A.Rao,2026-07-25 18:10:00,10,7,False,None,Medium
330,LN-2026021,SOP-LU-001,15,Post-Disbursement Audit Tagging,V.Reddy,2026-07-25 18:30:00,5,5,False,None,Low
331,LN-2026022,SOP-LU-001,1,Application Intake,J.Pillai,2026-07-10 12:16:00,10,12,False,None,Low
332,LN-2026022,SOP-LU-001,2,KYC & Identity Verification,A.Rao,2026-07-10 12:41:00,20,19,False,None,High
333,LN-2026022,SOP-LU-001,3,Credit Bureau Pull,J.Pillai,2026-07-10 12:58:00,15,16,False,None,Medium
334,LN-2026022,SOP-LU-001,4,Income & Employment Verification,K.Menon,2026-07-10 13:30:00,25,28,False,None,Medium
335,LN-2026022,SOP-LU-001,5,Debt-to-Income Calculation,K.Menon,2026-07-10 13:52:00,10,12,False,None,Medium
336,LN-2026022,SOP-LU-001,6,Collateral Valuation,M.Khan,2026-07-10 14:40:00,45,47,False,None,High
337,LN-2026022,SOP-LU-001,7,Fraud Risk Screening,J.Pillai,2026-07-10 15:10:00,15,15,False,None,High
338,LN-2026022,SOP-LU-001,8,Automated Credit Scoring,N.Bose,2026-07-10 15:18:00,5,4,False,None,Medium
339,LN-2026022,SOP-LU-001,9,Manual Underwriting Review,V.Reddy,2026-07-10 16:13:00,30,40,False,None,High
340,LN-2026022,SOP-LU-001,10,Conditional Approval Decision,J.Pillai,2026-07-10 16:33:00,15,12,False,None,Medium
341,LN-2026022,SOP-LU-001,11,Document Stipulation Collection,R.Das,2026-07-10 17:03:00,20,18,False,None,Low
342,LN-2026022,SOP-LU-001,12,Final Compliance Sign-off,A.Rao,2026-07-10 17:29:00,15,13,False,None,High
343,LN-2026022,SOP-LU-001,13,Final Approval & Booking,K.Menon,2026-07-10 17:59:00,10,11,False,None,Medium
344,LN-2026022,SOP-LU-001,14,Disbursement Instruction,P.Nair,2026-07-10 18:15:00,10,12,False,None,Medium
345,LN-2026022,SOP-LU-001,15,Post-Disbursement Audit Tagging,R.Das,2026-07-10 18:23:00,5,3,False,None,Low
346,LN-2026023,SOP-LU-001,1,Application Intake,K.Menon,2026-07-10 03:21:00,10,10,False,None,Low
347,LN-2026023,SOP-LU-001,2,KYC & Identity Verification,M.Khan,2026-07-10 03:46:00,20,19,False,None,High
348,LN-2026023,SOP-LU-001,3,Credit Bureau Pull,J.Pillai,2026-07-10 04:09:00,15,15,False,None,Medium
349,LN-2026023,SOP-LU-001,4,Income & Employment Verification,A.Rao,2026-07-10 04:38:00,25,18,False,None,Medium
350,LN-2026023,SOP-LU-001,5,Debt-to-Income Calculation,R.Das,2026-07-10 04:59:00,10,9,False,None,Medium
351,LN-2026023,SOP-LU-001,6,Collateral Valuation,V.Reddy,2026-07-10 05:50:00,45,43,False,None,High
352,LN-2026023,SOP-LU-001,7,Fraud Risk Screening,R.Das,2026-07-10 06:15:00,15,14,True,Order Swapped,High
353,LN-2026023,SOP-LU-001,8,Automated Credit Scoring,J.Pillai,2026-07-10 06:24:00,5,5,False,None,Medium
354,LN-2026023,SOP-LU-001,9,Manual Underwriting Review,P.Nair,2026-07-10 07:02:00,30,33,False,None,High
355,LN-2026023,SOP-LU-001,10,Conditional Approval Decision,N.Bose,2026-07-10 07:27:00,15,15,False,None,Medium
356,LN-2026023,SOP-LU-001,11,Document Stipulation Collection,S.Iyer,2026-07-10 08:05:00,20,21,False,None,Low
357,LN-2026023,SOP-LU-001,12,Final Compliance Sign-off,S.Iyer,2026-07-10 08:43:00,15,19,False,None,High
358,LN-2026023,SOP-LU-001,13,Final Approval & Booking,R.Das,2026-07-10 09:09:00,10,12,True,Order Swapped,Medium
359,LN-2026023,SOP-LU-001,14,Disbursement Instruction,J.Pillai,2026-07-10 09:31:00,10,8,False,None,Medium
360,LN-2026023,SOP-LU-001,15,Post-Disbursement Audit Tagging,V.Reddy,2026-07-10 09:39:00,5,4,False,None,Low
361,LN-2026024,SOP-LU-001,1,Application Intake,R.Das,2026-06-20 05:28:00,10,9,False,None,Low
362,LN-2026024,SOP-LU-001,2,KYC & Identity Verification,V.Reddy,2026-06-20 05:58:00,20,22,False,None,High
363,LN-2026024,SOP-LU-001,3,Credit Bureau Pull,J.Pillai,2026-06-20 06:18:00,15,11,False,None,Medium
364,LN-2026024,SOP-LU-001,4,Income & Employment Verification,T.Sharma,2026-06-20 07:15:00,25,48,True,Duration Overrun,Medium
365,LN-2026024,SOP-LU-001,5,Debt-to-Income Calculation,A.Rao,2026-06-20 07:35:00,10,9,False,None,Medium
366,LN-2026024,SOP-LU-001,6,Collateral Valuation,J.Pillai,2026-06-20 08:19:00,45,38,False,None,High
367,LN-2026024,SOP-LU-001,7,Fraud Risk Screening,A.Rao,2026-06-20 08:33:00,15,12,False,None,High
368,LN-2026024,SOP-LU-001,8,Automated Credit Scoring,R.Das,2026-06-20 08:54:00,5,4,False,None,Medium
369,LN-2026024,SOP-LU-001,9,Manual Underwriting Review,S.Iyer,2026-06-20 09:41:00,30,28,False,None,High
370,LN-2026024,SOP-LU-001,10,Conditional Approval Decision,V.Reddy,2026-06-20 10:03:00,15,15,False,None,Medium
371,LN-2026024,SOP-LU-001,11,Document Stipulation Collection,S.Iyer,2026-06-20 10:37:00,20,23,False,None,Low
372,LN-2026024,SOP-LU-001,12,Final Compliance Sign-off,M.Khan,2026-06-20 11:08:00,15,13,False,None,High
373,LN-2026024,SOP-LU-001,13,Final Approval & Booking,V.Reddy,2026-06-20 11:25:00,10,8,False,None,Medium
374,LN-2026024,SOP-LU-001,14,Disbursement Instruction,V.Reddy,2026-06-20 11:52:00,10,10,False,None,Medium
375,LN-2026024,SOP-LU-001,15,Post-Disbursement Audit Tagging,T.Sharma,2026-06-20 12:05:00,5,5,False,None,Low
376,LN-2026025,SOP-LU-001,1,Application Intake,M.Khan,2026-05-14 14:11:00,10,10,False,None,Low
377,LN-2026025,SOP-LU-001,2,KYC & Identity Verification,R.Das,2026-05-14 14:47:00,20,17,False,None,High
378,LN-2026025,SOP-LU-001,3,Credit Bureau Pull,M.Khan,2026-05-14 15:17:00,15,11,False,None,Medium
379,LN-2026025,SOP-LU-001,4,Income & Employment Verification,N.Bose,2026-05-14 15:57:00,25,23,False,None,Medium
380,LN-2026025,SOP-LU-001,5,Debt-to-Income Calculation,T.Sharma,2026-05-14 16:16:00,10,6,True,Step Skipped,Medium
381,LN-2026025,SOP-LU-001,6,Collateral Valuation,K.Menon,2026-05-14 17:27:00,45,52,False,None,High
382,LN-2026025,SOP-LU-001,7,Fraud Risk Screening,M.Khan,2026-05-14 17:59:00,15,14,False,None,High
383,LN-2026025,SOP-LU-001,8,Automated Credit Scoring,A.Rao,2026-05-14 18:22:00,5,5,False,None,Medium
384,LN-2026025,SOP-LU-001,9,Manual Underwriting Review,N.Bose,2026-05-14 18:49:00,30,25,False,None,High
385,LN-2026025,SOP-LU-001,10,Conditional Approval Decision,A.Rao,2026-05-14 19:06:00,15,11,False,None,Medium
386,LN-2026025,SOP-LU-001,11,Document Stipulation Collection,T.Sharma,2026-05-14 19:53:00,20,28,False,None,Low
387,LN-2026025,SOP-LU-001,12,Final Compliance Sign-off,V.Reddy,2026-05-14 20:14:00,15,14,False,None,High
388,LN-2026025,SOP-LU-001,13,Final Approval & Booking,A.Rao,2026-05-14 20:26:00,10,9,False,None,Medium
389,LN-2026025,SOP-LU-001,14,Disbursement Instruction,N.Bose,2026-05-14 20:47:00,10,7,False,None,Medium
390,LN-2026025,SOP-LU-001,15,Post-Disbursement Audit Tagging,R.Das,2026-05-14 20:53:00,5,4,False,None,Low
391,LN-2026026,SOP-LU-001,1,Application Intake,J.Pillai,2026-07-28 22:12:00,10,9,False,None,Low
392,LN-2026026,SOP-LU-001,2,KYC & Identity Verification,S.Iyer,2026-07-28 22:43:00,20,23,False,None,High
393,LN-2026026,SOP-LU-001,3,Credit Bureau Pull,A.Rao,2026-07-28 23:01:00,15,15,False,None,Medium
394,LN-2026026,SOP-LU-001,4,Income & Employment Verification,K.Menon,2026-07-28 23:44:00,25,24,False,None,Medium
395,LN-2026026,SOP-LU-001,5,Debt-to-Income Calculation,K.Menon,2026-07-28 23:54:00,10,8,False,None,Medium
396,LN-2026026,SOP-LU-001,6,Collateral Valuation,K.Menon,2026-07-29 00:46:00,45,49,False,None,High
397,LN-2026026,SOP-LU-001,7,Fraud Risk Screening,S.Iyer,2026-07-29 01:16:00,15,16,False,None,High
398,LN-2026026,SOP-LU-001,8,Automated Credit Scoring,R.Das,2026-07-29 01:31:00,5,4,False,None,Medium
399,LN-2026026,SOP-LU-001,9,Manual Underwriting Review,R.Das,2026-07-29 02:15:00,30,28,False,None,High
400,LN-2026026,SOP-LU-001,10,Conditional Approval Decision,V.Reddy,2026-07-29 02:45:00,15,12,False,None,Medium
401,LN-2026026,SOP-LU-001,11,Document Stipulation Collection,P.Nair,2026-07-29 03:23:00,20,20,False,None,Low
402,LN-2026026,SOP-LU-001,12,Final Compliance Sign-off,S.Iyer,2026-07-29 03:37:00,15,12,False,None,High
403,LN-2026026,SOP-LU-001,13,Final Approval & Booking,J.Pillai,2026-07-29 03:58:00,10,10,False,None,Medium
404,LN-2026026,SOP-LU-001,14,Disbursement Instruction,S.Iyer,2026-07-29 04:19:00,10,11,False,None,Medium
405,LN-2026026,SOP-LU-001,15,Post-Disbursement Audit Tagging,R.Das,2026-07-29 04:35:00,5,4,False,None,Low
406,LN-2026027,SOP-LU-001,1,Application Intake,N.Bose,2026-07-04 19:16:00,10,11,False,None,Low
407,LN-2026027,SOP-LU-001,2,KYC & Identity Verification,A.Rao,2026-07-04 19:48:00,20,23,False,None,High
408,LN-2026027,SOP-LU-001,3,Credit Bureau Pull,R.Das,2026-07-04 20:03:00,15,13,False,None,Medium
409,LN-2026027,SOP-LU-001,4,Income & Employment Verification,J.Pillai,2026-07-04 20:38:00,25,23,False,None,Medium
410,LN-2026027,SOP-LU-001,5,Debt-to-Income Calculation,V.Reddy,2026-07-04 21:05:00,10,10,False,None,Medium
411,LN-2026027,SOP-LU-001,6,Collateral Valuation,V.Reddy,2026-07-04 22:03:00,45,44,False,None,High
412,LN-2026027,SOP-LU-001,7,Fraud Risk Screening,T.Sharma,2026-07-04 22:37:00,15,17,False,None,High
413,LN-2026027,SOP-LU-001,8,Automated Credit Scoring,N.Bose,2026-07-04 22:52:00,5,6,False,None,Medium
414,LN-2026027,SOP-LU-001,9,Manual Underwriting Review,T.Sharma,2026-07-04 23:17:00,30,17,False,None,High
415,LN-2026027,SOP-LU-001,10,Conditional Approval Decision,P.Nair,2026-07-04 23:39:00,15,13,False,None,Medium
416,LN-2026027,SOP-LU-001,11,Document Stipulation Collection,P.Nair,2026-07-05 00:14:00,20,24,False,None,Low
417,LN-2026027,SOP-LU-001,12,Final Compliance Sign-off,M.Khan,2026-07-05 00:39:00,15,12,False,None,High
418,LN-2026027,SOP-LU-001,13,Final Approval & Booking,V.Reddy,2026-07-05 00:50:00,10,9,True,Approval Bypassed,Medium
419,LN-2026027,SOP-LU-001,14,Disbursement Instruction,M.Khan,2026-07-05 01:14:00,10,7,False,None,Medium
420,LN-2026027,SOP-LU-001,15,Post-Disbursement Audit Tagging,S.Iyer,2026-07-05 01:24:00,5,5,False,None,Low
421,LN-2026028,SOP-LU-001,1,Application Intake,J.Pillai,2026-06-28 09:15:00,10,9,False,None,Low
422,LN-2026028,SOP-LU-001,2,KYC & Identity Verification,K.Menon,2026-06-28 09:43:00,20,20,False,None,High
423,LN-2026028,SOP-LU-001,3,Credit Bureau Pull,V.Reddy,2026-06-28 10:06:00,15,16,False,None,Medium
424,LN-2026028,SOP-LU-001,4,Income & Employment Verification,V.Reddy,2026-06-28 10:36:00,25,20,False,None,Medium
425,LN-2026028,SOP-LU-001,5,Debt-to-Income Calculation,M.Khan,2026-06-28 10:59:00,10,9,True,Order Swapped,Medium
426,LN-2026028,SOP-LU-001,6,Collateral Valuation,S.Iyer,2026-06-28 11:51:00,45,50,False,None,High
427,LN-2026028,SOP-LU-001,7,Fraud Risk Screening,R.Das,2026-06-28 12:26:00,15,16,True,Tool Substitution,High
428,LN-2026028,SOP-LU-001,8,Automated Credit Scoring,M.Khan,2026-06-28 12:34:00,5,4,False,None,Medium
429,LN-2026028,SOP-LU-001,9,Manual Underwriting Review,T.Sharma,2026-06-28 13:06:00,30,28,False,None,High
430,LN-2026028,SOP-LU-001,10,Conditional Approval Decision,N.Bose,2026-06-28 13:40:00,15,17,False,None,Medium
431,LN-2026028,SOP-LU-001,11,Document Stipulation Collection,T.Sharma,2026-06-28 14:04:00,20,22,False,None,Low
432,LN-2026028,SOP-LU-001,12,Final Compliance Sign-off,V.Reddy,2026-06-28 14:37:00,15,18,False,None,High
433,LN-2026028,SOP-LU-001,13,Final Approval & Booking,A.Rao,2026-06-28 14:59:00,10,7,False,None,Medium
434,LN-2026028,SOP-LU-001,14,Disbursement Instruction,P.Nair,2026-06-28 15:27:00,10,9,False,None,Medium
435,LN-2026028,SOP-LU-001,15,Post-Disbursement Audit Tagging,R.Das,2026-06-28 15:44:00,5,4,False,None,Low
436,LN-2026029,SOP-LU-001,1,Application Intake,K.Menon,2026-07-24 10:12:00,10,10,False,None,Low
437,LN-2026029,SOP-LU-001,2,KYC & Identity Verification,K.Menon,2026-07-24 10:39:00,20,18,False,None,High
438,LN-2026029,SOP-LU-001,3,Credit Bureau Pull,R.Das,2026-07-24 11:08:00,15,20,False,None,Medium
439,LN-2026029,SOP-LU-001,4,Income & Employment Verification,A.Rao,2026-07-24 11:40:00,25,21,False,None,Medium
440,LN-2026029,SOP-LU-001,5,Debt-to-Income Calculation,A.Rao,2026-07-24 11:55:00,10,7,False,None,Medium
441,LN-2026029,SOP-LU-001,6,Collateral Valuation,T.Sharma,2026-07-24 12:32:00,45,34,False,None,High
442,LN-2026029,SOP-LU-001,7,Fraud Risk Screening,P.Nair,2026-07-24 13:04:00,15,14,False,None,High
443,LN-2026029,SOP-LU-001,8,Automated Credit Scoring,J.Pillai,2026-07-24 13:15:00,5,5,False,None,Medium
444,LN-2026029,SOP-LU-001,9,Manual Underwriting Review,S.Iyer,2026-07-24 13:51:00,30,34,False,None,High
445,LN-2026029,SOP-LU-001,10,Conditional Approval Decision,K.Menon,2026-07-24 14:22:00,15,14,False,None,Medium
446,LN-2026029,SOP-LU-001,11,Document Stipulation Collection,M.Khan,2026-07-24 14:57:00,20,18,False,None,Low
447,LN-2026029,SOP-LU-001,12,Final Compliance Sign-off,P.Nair,2026-07-24 15:26:00,15,14,False,None,High
448,LN-2026029,SOP-LU-001,13,Final Approval & Booking,J.Pillai,2026-07-24 15:48:00,10,10,False,None,Medium
449,LN-2026029,SOP-LU-001,14,Disbursement Instruction,V.Reddy,2026-07-24 16:07:00,10,11,False,None,Medium
450,LN-2026029,SOP-LU-001,15,Post-Disbursement Audit Tagging,V.Reddy,2026-07-24 16:29:00,5,5,False,None,Low
451,LN-2026030,SOP-LU-001,1,Application Intake,N.Bose,2026-07-12 22:19:00,10,11,False,None,Low
452,LN-2026030,SOP-LU-001,2,KYC & Identity Verification,V.Reddy,2026-07-12 23:01:00,20,24,False,None,High
453,LN-2026030,SOP-LU-001,3,Credit Bureau Pull,J.Pillai,2026-07-12 23:21:00,15,11,False,None,Medium
454,LN-2026030,SOP-LU-001,4,Income & Employment Verification,M.Khan,2026-07-12 23:58:00,25,24,False,None,Medium
455,LN-2026030,SOP-LU-001,5,Debt-to-Income Calculation,V.Reddy,2026-07-13 00:23:00,10,9,False,None,Medium
456,LN-2026030,SOP-LU-001,6,Collateral Valuation,P.Nair,2026-07-13 01:15:00,45,45,False,None,High
457,LN-2026030,SOP-LU-001,7,Fraud Risk Screening,V.Reddy,2026-07-13 01:40:00,15,10,False,None,High
458,LN-2026030,SOP-LU-001,8,Automated Credit Scoring,M.Khan,2026-07-13 01:51:00,5,4,False,None,Medium
459,LN-2026030,SOP-LU-001,9,Manual Underwriting Review,J.Pillai,2026-07-13 02:41:00,30,32,False,None,High
460,LN-2026030,SOP-LU-001,11,Document Stipulation Collection,R.Das,2026-07-13 03:18:00,20,19,False,None,Low
461,LN-2026030,SOP-LU-001,10,Conditional Approval Decision,M.Khan,2026-07-13 03:43:00,15,18,True,Tool Substitution,Medium
462,LN-2026030,SOP-LU-001,12,Final Compliance Sign-off,J.Pillai,2026-07-13 04:08:00,15,8,False,None,High
463,LN-2026030,SOP-LU-001,13,Final Approval & Booking,A.Rao,2026-07-13 04:28:00,10,8,False,None,Medium
464,LN-2026030,SOP-LU-001,14,Disbursement Instruction,V.Reddy,2026-07-13 04:53:00,10,12,False,None,Medium
465,LN-2026030,SOP-LU-001,15,Post-Disbursement Audit Tagging,R.Das,2026-07-13 05:06:00,5,5,False,None,Low
466,LN-2026031,SOP-LU-001,1,Application Intake,P.Nair,2026-05-08 14:21:00,10,9,False,None,Low
467,LN-2026031,SOP-LU-001,2,KYC & Identity Verification,J.Pillai,2026-05-08 14:49:00,20,24,False,None,High
468,LN-2026031,SOP-LU-001,3,Credit Bureau Pull,S.Iyer,2026-05-08 15:17:00,15,15,False,None,Medium
469,LN-2026031,SOP-LU-001,4,Income & Employment Verification,A.Rao,2026-05-08 15:55:00,25,28,False,None,Medium
470,LN-2026031,SOP-LU-001,5,Debt-to-Income Calculation,V.Reddy,2026-05-08 16:17:00,10,10,False,None,Medium
471,LN-2026031,SOP-LU-001,6,Collateral Valuation,S.Iyer,2026-05-08 17:39:00,45,79,True,Extra Manual Step Added,High
472,LN-2026031,SOP-LU-001,7,Fraud Risk Screening,T.Sharma,2026-05-08 18:13:00,15,20,True,Extra Manual Step Added,High
473,LN-2026031,SOP-LU-001,8,Automated Credit Scoring,S.Iyer,2026-05-08 18:30:00,5,5,False,None,Medium
474,LN-2026031,SOP-LU-001,9,Manual Underwriting Review,N.Bose,2026-05-08 19:12:00,30,26,False,None,High
475,LN-2026031,SOP-LU-001,10,Conditional Approval Decision,T.Sharma,2026-05-08 19:32:00,15,13,False,None,Medium
476,LN-2026031,SOP-LU-001,11,Document Stipulation Collection,R.Das,2026-05-08 20:01:00,20,24,False,None,Low
477,LN-2026031,SOP-LU-001,12,Final Compliance Sign-off,R.Das,2026-05-08 20:29:00,15,10,False,None,High
478,LN-2026031,SOP-LU-001,13,Final Approval & Booking,V.Reddy,2026-05-08 20:42:00,10,9,False,None,Medium
479,LN-2026031,SOP-LU-001,14,Disbursement Instruction,R.Das,2026-05-08 21:09:00,10,11,False,None,Medium
480,LN-2026031,SOP-LU-001,15,Post-Disbursement Audit Tagging,T.Sharma,2026-05-08 21:16:00,5,6,False,None,Low
481,LN-2026032,SOP-LU-001,1,Application Intake,P.Nair,2026-07-23 06:11:00,10,7,True,Tool Substitution,Low
482,LN-2026032,SOP-LU-001,2,KYC & Identity Verification,M.Khan,2026-07-23 06:39:00,20,16,False,None,High
483,LN-2026032,SOP-LU-001,3,Credit Bureau Pull,N.Bose,2026-07-23 07:02:00,15,16,False,None,Medium
484,LN-2026032,SOP-LU-001,4,Income & Employment Verification,M.Khan,2026-07-23 07:35:00,25,19,False,None,Medium
485,LN-2026032,SOP-LU-001,5,Debt-to-Income Calculation,K.Menon,2026-07-23 07:48:00,10,11,True,Documentation Missing,Medium
486,LN-2026032,SOP-LU-001,6,Collateral Valuation,R.Das,2026-07-23 08:41:00,45,46,False,None,High
487,LN-2026032,SOP-LU-001,7,Fraud Risk Screening,T.Sharma,2026-07-23 09:15:00,15,15,False,None,High
488,LN-2026032,SOP-LU-001,8,Automated Credit Scoring,P.Nair,2026-07-23 09:33:00,5,5,False,None,Medium
489,LN-2026032,SOP-LU-001,9,Manual Underwriting Review,J.Pillai,2026-07-23 10:04:00,30,28,False,None,High
490,LN-2026032,SOP-LU-001,10,Conditional Approval Decision,N.Bose,2026-07-23 10:24:00,15,14,False,None,Medium
491,LN-2026032,SOP-LU-001,11,Document Stipulation Collection,J.Pillai,2026-07-23 11:02:00,20,21,False,None,Low
492,LN-2026032,SOP-LU-001,12,Final Compliance Sign-off,K.Menon,2026-07-23 11:28:00,15,17,False,None,High
493,LN-2026032,SOP-LU-001,13,Final Approval & Booking,V.Reddy,2026-07-23 11:55:00,10,9,False,None,Medium
494,LN-2026032,SOP-LU-001,14,Disbursement Instruction,R.Das,2026-07-23 12:21:00,10,8,False,None,Medium
495,LN-2026032,SOP-LU-001,15,Post-Disbursement Audit Tagging,K.Menon,2026-07-23 12:28:00,5,4,False,None,Low
496,LN-2026033,SOP-LU-001,1,Application Intake,V.Reddy,2026-06-02 12:25:00,10,10,False,None,Low
497,LN-2026033,SOP-LU-001,2,KYC & Identity Verification,P.Nair,2026-06-02 12:47:00,20,19,False,None,High
498,LN-2026033,SOP-LU-001,3,Credit Bureau Pull,S.Iyer,2026-06-02 13:13:00,15,17,False,None,Medium
499,LN-2026033,SOP-LU-001,4,Income & Employment Verification,T.Sharma,2026-06-02 13:42:00,25,24,False,None,Medium
500,LN-2026033,SOP-LU-001,5,Debt-to-Income Calculation,N.Bose,2026-06-02 14:02:00,10,9,False,None,Medium
501,LN-2026033,SOP-LU-001,6,Collateral Valuation,S.Iyer,2026-06-02 15:00:00,45,43,False,None,High
502,LN-2026033,SOP-LU-001,7,Fraud Risk Screening,K.Menon,2026-06-02 15:19:00,15,13,False,None,High
503,LN-2026033,SOP-LU-001,8,Automated Credit Scoring,J.Pillai,2026-06-02 15:42:00,5,5,False,None,Medium
504,LN-2026033,SOP-LU-001,9,Manual Underwriting Review,R.Das,2026-06-02 16:13:00,30,25,False,None,High
505,LN-2026033,SOP-LU-001,10,Conditional Approval Decision,P.Nair,2026-06-02 16:44:00,15,23,True,Extra Manual Step Added,Medium
506,LN-2026033,SOP-LU-001,11,Document Stipulation Collection,P.Nair,2026-06-02 17:06:00,20,20,False,None,Low
507,LN-2026033,SOP-LU-001,12,Final Compliance Sign-off,K.Menon,2026-06-02 17:24:00,15,17,False,None,High
508,LN-2026033,SOP-LU-001,13,Final Approval & Booking,T.Sharma,2026-06-02 17:40:00,10,10,False,None,Medium
509,LN-2026033,SOP-LU-001,14,Disbursement Instruction,T.Sharma,2026-06-02 17:52:00,10,11,False,None,Medium
510,LN-2026033,SOP-LU-001,15,Post-Disbursement Audit Tagging,P.Nair,2026-06-02 18:14:00,5,6,True,Extra Manual Step Added,Low
511,LN-2026034,SOP-LU-001,1,Application Intake,K.Menon,2026-07-11 00:18:00,10,8,False,None,Low
512,LN-2026034,SOP-LU-001,2,KYC & Identity Verification,J.Pillai,2026-07-11 00:39:00,20,17,False,None,High
513,LN-2026034,SOP-LU-001,3,Credit Bureau Pull,A.Rao,2026-07-11 01:04:00,15,18,False,None,Medium
514,LN-2026034,SOP-LU-001,4,Income & Employment Verification,P.Nair,2026-07-11 01:36:00,25,27,False,None,Medium
515,LN-2026034,SOP-LU-001,5,Debt-to-Income Calculation,J.Pillai,2026-07-11 01:52:00,10,9,False,None,Medium
516,LN-2026034,SOP-LU-001,6,Collateral Valuation,N.Bose,2026-07-11 02:49:00,45,39,False,None,High
517,LN-2026034,SOP-LU-001,7,Fraud Risk Screening,P.Nair,2026-07-11 03:16:00,15,15,False,None,High
518,LN-2026034,SOP-LU-001,8,Automated Credit Scoring,P.Nair,2026-07-11 03:28:00,5,5,False,None,Medium
519,LN-2026034,SOP-LU-001,9,Manual Underwriting Review,S.Iyer,2026-07-11 04:08:00,30,32,False,None,High
520,LN-2026034,SOP-LU-001,10,Conditional Approval Decision,J.Pillai,2026-07-11 04:20:00,15,10,False,None,Medium
521,LN-2026034,SOP-LU-001,11,Document Stipulation Collection,S.Iyer,2026-07-11 04:44:00,20,21,True,Tool Substitution,Low
522,LN-2026034,SOP-LU-001,12,Final Compliance Sign-off,N.Bose,2026-07-11 05:19:00,15,19,False,None,High
523,LN-2026034,SOP-LU-001,13,Final Approval & Booking,S.Iyer,2026-07-11 05:39:00,10,10,False,None,Medium
524,LN-2026034,SOP-LU-001,14,Disbursement Instruction,A.Rao,2026-07-11 05:57:00,10,9,False,None,Medium
525,LN-2026034,SOP-LU-001,15,Post-Disbursement Audit Tagging,T.Sharma,2026-07-11 06:16:00,5,4,False,None,Low
526,LN-2026035,SOP-LU-001,1,Application Intake,S.Iyer,2026-06-21 21:15:00,10,10,False,None,Low
527,LN-2026035,SOP-LU-001,2,KYC & Identity Verification,S.Iyer,2026-06-21 21:50:00,20,18,False,None,High
528,LN-2026035,SOP-LU-001,3,Credit Bureau Pull,N.Bose,2026-06-21 22:17:00,15,15,False,None,Medium
529,LN-2026035,SOP-LU-001,4,Income & Employment Verification,K.Menon,2026-06-21 22:43:00,25,25,False,None,Medium
530,LN-2026035,SOP-LU-001,5,Debt-to-Income Calculation,T.Sharma,2026-06-21 23:09:00,10,8,False,None,Medium
531,LN-2026035,SOP-LU-001,6,Collateral Valuation,K.Menon,2026-06-22 00:03:00,45,47,False,None,High
532,LN-2026035,SOP-LU-001,7,Fraud Risk Screening,P.Nair,2026-06-22 00:27:00,15,13,False,None,High
533,LN-2026035,SOP-LU-001,8,Automated Credit Scoring,A.Rao,2026-06-22 00:50:00,5,4,False,None,Medium
534,LN-2026035,SOP-LU-001,9,Manual Underwriting Review,N.Bose,2026-06-22 01:36:00,30,35,False,None,High
535,LN-2026035,SOP-LU-001,10,Conditional Approval Decision,A.Rao,2026-06-22 02:03:00,15,13,False,None,Medium
536,LN-2026035,SOP-LU-001,11,Document Stipulation Collection,M.Khan,2026-06-22 02:53:00,20,46,True,Duration Overrun,Low
537,LN-2026035,SOP-LU-001,12,Final Compliance Sign-off,K.Menon,2026-06-22 03:11:00,15,11,False,None,High
538,LN-2026035,SOP-LU-001,13,Final Approval & Booking,V.Reddy,2026-06-22 03:32:00,10,6,False,None,Medium
539,LN-2026035,SOP-LU-001,14,Disbursement Instruction,T.Sharma,2026-06-22 03:44:00,10,10,True,Step Skipped,Medium
540,LN-2026035,SOP-LU-001,15,Post-Disbursement Audit Tagging,K.Menon,2026-06-22 04:04:00,5,5,False,None,Low
541,LN-2026036,SOP-LU-001,1,Application Intake,T.Sharma,2026-06-10 13:12:00,10,9,False,None,Low
542,LN-2026036,SOP-LU-001,2,KYC & Identity Verification,J.Pillai,2026-06-10 13:47:00,20,18,False,None,High
543,LN-2026036,SOP-LU-001,3,Credit Bureau Pull,V.Reddy,2026-06-10 14:07:00,15,15,False,None,Medium
544,LN-2026036,SOP-LU-001,4,Income & Employment Verification,M.Khan,2026-06-10 14:38:00,25,25,False,None,Medium
545,LN-2026036,SOP-LU-001,5,Debt-to-Income Calculation,K.Menon,2026-06-10 14:48:00,10,9,False,None,Medium
546,LN-2026036,SOP-LU-001,6,Collateral Valuation,N.Bose,2026-06-10 15:49:00,45,55,False,None,High
547,LN-2026036,SOP-LU-001,7,Fraud Risk Screening,P.Nair,2026-06-10 16:19:00,15,13,False,None,High
548,LN-2026036,SOP-LU-001,8,Automated Credit Scoring,P.Nair,2026-06-10 16:35:00,5,4,False,None,Medium
549,LN-2026036,SOP-LU-001,9,Manual Underwriting Review,V.Reddy,2026-06-10 17:07:00,30,24,False,None,High
550,LN-2026036,SOP-LU-001,10,Conditional Approval Decision,K.Menon,2026-06-10 17:41:00,15,20,False,None,Medium
551,LN-2026036,SOP-LU-001,11,Document Stipulation Collection,T.Sharma,2026-06-10 18:18:00,20,19,False,None,Low
552,LN-2026036,SOP-LU-001,12,Final Compliance Sign-off,T.Sharma,2026-06-10 18:37:00,15,12,False,None,High
553,LN-2026036,SOP-LU-001,13,Final Approval & Booking,V.Reddy,2026-06-10 18:48:00,10,8,False,None,Medium
554,LN-2026036,SOP-LU-001,14,Disbursement Instruction,K.Menon,2026-06-10 19:12:00,10,10,True,Tool Substitution,Medium
555,LN-2026036,SOP-LU-001,15,Post-Disbursement Audit Tagging,T.Sharma,2026-06-10 19:22:00,5,6,True,Step Skipped,Low
556,LN-2026037,SOP-LU-001,1,Application Intake,N.Bose,2026-05-22 16:18:00,10,12,False,None,Low
557,LN-2026037,SOP-LU-001,2,KYC & Identity Verification,K.Menon,2026-05-22 16:38:00,20,18,False,None,High
558,LN-2026037,SOP-LU-001,3,Credit Bureau Pull,M.Khan,2026-05-22 16:59:00,15,13,False,None,Medium
559,LN-2026037,SOP-LU-001,4,Income & Employment Verification,A.Rao,2026-05-22 17:30:00,25,23,False,None,Medium
560,LN-2026037,SOP-LU-001,5,Debt-to-Income Calculation,J.Pillai,2026-05-22 17:55:00,10,7,False,None,Medium
561,LN-2026037,SOP-LU-001,6,Collateral Valuation,K.Menon,2026-05-22 18:48:00,45,38,False,None,High
562,LN-2026037,SOP-LU-001,7,Fraud Risk Screening,P.Nair,2026-05-22 19:12:00,15,18,False,None,High
563,LN-2026037,SOP-LU-001,8,Automated Credit Scoring,V.Reddy,2026-05-22 19:18:00,5,5,False,None,Medium
564,LN-2026037,SOP-LU-001,9,Manual Underwriting Review,K.Menon,2026-05-22 19:49:00,30,25,False,None,High
565,LN-2026037,SOP-LU-001,10,Conditional Approval Decision,N.Bose,2026-05-22 20:23:00,15,15,False,None,Medium
566,LN-2026037,SOP-LU-001,11,Document Stipulation Collection,R.Das,2026-05-22 20:53:00,20,21,False,None,Low
567,LN-2026037,SOP-LU-001,12,Final Compliance Sign-off,M.Khan,2026-05-22 21:08:00,15,14,False,None,High
568,LN-2026037,SOP-LU-001,13,Final Approval & Booking,J.Pillai,2026-05-22 21:26:00,10,8,False,None,Medium
569,LN-2026037,SOP-LU-001,14,Disbursement Instruction,N.Bose,2026-05-22 21:45:00,10,10,False,None,Medium
570,LN-2026037,SOP-LU-001,15,Post-Disbursement Audit Tagging,R.Das,2026-05-22 22:02:00,5,4,True,Approval Bypassed,Low
571,LN-2026038,SOP-LU-001,1,Application Intake,T.Sharma,2026-07-21 05:15:00,10,8,False,None,Low
572,LN-2026038,SOP-LU-001,2,KYC & Identity Verification,S.Iyer,2026-07-21 05:48:00,20,19,False,None,High
573,LN-2026038,SOP-LU-001,3,Credit Bureau Pull,J.Pillai,2026-07-21 06:15:00,15,17,False,None,Medium
574,LN-2026038,SOP-LU-001,4,Income & Employment Verification,K.Menon,2026-07-21 06:54:00,25,27,False,None,Medium
575,LN-2026038,SOP-LU-001,5,Debt-to-Income Calculation,A.Rao,2026-07-21 07:07:00,10,10,False,None,Medium
576,LN-2026038,SOP-LU-001,6,Collateral Valuation,P.Nair,2026-07-21 07:52:00,45,39,True,Documentation Missing,High
577,LN-2026038,SOP-LU-001,7,Fraud Risk Screening,V.Reddy,2026-07-21 08:19:00,15,18,False,None,High
578,LN-2026038,SOP-LU-001,8,Automated Credit Scoring,T.Sharma,2026-07-21 08:43:00,5,6,False,None,Medium
579,LN-2026038,SOP-LU-001,9,Manual Underwriting Review,T.Sharma,2026-07-21 09:33:00,30,35,False,None,High
580,LN-2026038,SOP-LU-001,10,Conditional Approval Decision,J.Pillai,2026-07-21 09:56:00,15,16,False,None,Medium
581,LN-2026038,SOP-LU-001,12,Final Compliance Sign-off,A.Rao,2026-07-21 10:18:00,15,16,False,None,High
582,LN-2026038,SOP-LU-001,13,Final Approval & Booking,J.Pillai,2026-07-21 10:33:00,10,12,False,None,Medium
583,LN-2026038,SOP-LU-001,14,Disbursement Instruction,R.Das,2026-07-21 10:57:00,10,12,True,Step Skipped,Medium
584,LN-2026038,SOP-LU-001,15,Post-Disbursement Audit Tagging,M.Khan,2026-07-21 11:13:00,5,4,False,None,Low
585,LN-2026039,SOP-LU-001,1,Application Intake,N.Bose,2026-07-05 00:23:00,10,9,False,None,Low
586,LN-2026039,SOP-LU-001,2,KYC & Identity Verification,M.Khan,2026-07-05 00:48:00,20,21,False,None,High
587,LN-2026039,SOP-LU-001,3,Credit Bureau Pull,J.Pillai,2026-07-05 01:23:00,15,16,False,None,Medium
588,LN-2026039,SOP-LU-001,4,Income & Employment Verification,R.Das,2026-07-05 02:01:00,25,26,False,None,Medium
589,LN-2026039,SOP-LU-001,5,Debt-to-Income Calculation,J.Pillai,2026-07-05 02:29:00,10,19,True,Duration Overrun,Medium
590,LN-2026039,SOP-LU-001,6,Collateral Valuation,R.Das,2026-07-05 03:19:00,45,47,True,Order Swapped,High
591,LN-2026039,SOP-LU-001,7,Fraud Risk Screening,S.Iyer,2026-07-05 03:48:00,15,14,False,None,High
592,LN-2026039,SOP-LU-001,8,Automated Credit Scoring,R.Das,2026-07-05 03:53:00,5,4,False,None,Medium
593,LN-2026039,SOP-LU-001,9,Manual Underwriting Review,A.Rao,2026-07-05 04:26:00,30,28,False,None,High
594,LN-2026039,SOP-LU-001,10,Conditional Approval Decision,M.Khan,2026-07-05 04:45:00,15,15,False,None,Medium
595,LN-2026039,SOP-LU-001,11,Document Stipulation Collection,M.Khan,2026-07-05 05:25:00,20,22,False,None,Low
596,LN-2026039,SOP-LU-001,12,Final Compliance Sign-off,P.Nair,2026-07-05 05:58:00,15,16,False,None,High
597,LN-2026039,SOP-LU-001,13,Final Approval & Booking,T.Sharma,2026-07-05 06:13:00,10,13,False,None,Medium
598,LN-2026039,SOP-LU-001,14,Disbursement Instruction,A.Rao,2026-07-05 06:27:00,10,10,True,Tool Substitution,Medium
599,LN-2026039,SOP-LU-001,15,Post-Disbursement Audit Tagging,V.Reddy,2026-07-05 06:49:00,5,3,False,None,Low
600,LN-2026040,SOP-LU-001,1,Application Intake,J.Pillai,2026-05-08 17:21:00,10,9,False,None,Low
601,LN-2026040,SOP-LU-001,2,KYC & Identity Verification,M.Khan,2026-05-08 17:53:00,20,17,False,None,High
602,LN-2026040,SOP-LU-001,3,Credit Bureau Pull,M.Khan,2026-05-08 18:03:00,15,9,False,None,Medium
603,LN-2026040,SOP-LU-001,4,Income & Employment Verification,S.Iyer,2026-05-08 18:56:00,25,43,True,Extra Manual Step Added,Medium
604,LN-2026040,SOP-LU-001,5,Debt-to-Income Calculation,J.Pillai,2026-05-08 19:16:00,10,8,False,None,Medium
605,LN-2026040,SOP-LU-001,6,Collateral Valuation,T.Sharma,2026-05-08 20:07:00,45,46,False,None,High
606,LN-2026040,SOP-LU-001,7,Fraud Risk Screening,K.Menon,2026-05-08 20:21:00,15,9,True,Tool Substitution,High
607,LN-2026040,SOP-LU-001,8,Automated Credit Scoring,J.Pillai,2026-05-08 20:40:00,5,4,False,None,Medium
608,LN-2026040,SOP-LU-001,9,Manual Underwriting Review,K.Menon,2026-05-08 21:20:00,30,26,False,None,High
609,LN-2026040,SOP-LU-001,10,Conditional Approval Decision,R.Das,2026-05-08 21:31:00,15,9,False,None,Medium
610,LN-2026040,SOP-LU-001,11,Document Stipulation Collection,P.Nair,2026-05-08 21:58:00,20,20,False,None,Low
611,LN-2026040,SOP-LU-001,12,Final Compliance Sign-off,S.Iyer,2026-05-08 22:14:00,15,14,False,None,High
612,LN-2026040,SOP-LU-001,13,Final Approval & Booking,K.Menon,2026-05-08 22:25:00,10,8,True,Approval Bypassed,Medium
613,LN-2026040,SOP-LU-001,14,Disbursement Instruction,P.Nair,2026-05-08 22:41:00,10,8,False,None,Medium
614,LN-2026040,SOP-LU-001,15,Post-Disbursement Audit Tagging,T.Sharma,2026-05-08 22:58:00,5,5,False,None,Low
615,LN-2026041,SOP-LU-001,1,Application Intake,S.Iyer,2026-05-13 12:18:00,10,8,False,None,Low
616,LN-2026041,SOP-LU-001,2,KYC & Identity Verification,S.Iyer,2026-05-13 12:38:00,20,17,False,None,High
617,LN-2026041,SOP-LU-001,3,Credit Bureau Pull,S.Iyer,2026-05-13 12:58:00,15,10,False,None,Medium
618,LN-2026041,SOP-LU-001,4,Income & Employment Verification,K.Menon,2026-05-13 13:32:00,25,22,False,None,Medium
619,LN-2026041,SOP-LU-001,5,Debt-to-Income Calculation,V.Reddy,2026-05-13 13:49:00,10,9,False,None,Medium
620,LN-2026041,SOP-LU-001,6,Collateral Valuation,J.Pillai,2026-05-13 14:53:00,45,53,False,None,High
621,LN-2026041,SOP-LU-001,7,Fraud Risk Screening,V.Reddy,2026-05-13 15:16:00,15,12,False,None,High
622,LN-2026041,SOP-LU-001,8,Automated Credit Scoring,J.Pillai,2026-05-13 15:24:00,5,3,False,None,Medium
623,LN-2026041,SOP-LU-001,9,Manual Underwriting Review,J.Pillai,2026-05-13 16:13:00,30,32,False,None,High
624,LN-2026041,SOP-LU-001,10,Conditional Approval Decision,T.Sharma,2026-05-13 16:40:00,15,10,False,None,Medium
625,LN-2026041,SOP-LU-001,11,Document Stipulation Collection,K.Menon,2026-05-13 17:13:00,20,18,False,None,Low
626,LN-2026041,SOP-LU-001,12,Final Compliance Sign-off,R.Das,2026-05-13 17:47:00,15,19,False,None,High
627,LN-2026041,SOP-LU-001,13,Final Approval & Booking,J.Pillai,2026-05-13 18:17:00,10,12,False,None,Medium
628,LN-2026041,SOP-LU-001,14,Disbursement Instruction,K.Menon,2026-05-13 18:44:00,10,13,True,Documentation Missing,Medium
629,LN-2026041,SOP-LU-001,15,Post-Disbursement Audit Tagging,V.Reddy,2026-05-13 18:50:00,5,5,False,None,Low
630,LN-2026042,SOP-LU-001,1,Application Intake,K.Menon,2026-07-30 06:11:00,10,8,True,Tool Substitution,Low
631,LN-2026042,SOP-LU-001,2,KYC & Identity Verification,N.Bose,2026-07-30 06:38:00,20,22,False,None,High
632,LN-2026042,SOP-LU-001,3,Credit Bureau Pull,J.Pillai,2026-07-30 06:53:00,15,14,False,None,Medium
633,LN-2026042,SOP-LU-001,4,Income & Employment Verification,A.Rao,2026-07-30 07:25:00,25,22,False,None,Medium
634,LN-2026042,SOP-LU-001,5,Debt-to-Income Calculation,J.Pillai,2026-07-30 07:53:00,10,10,False,None,Medium
635,LN-2026042,SOP-LU-001,6,Collateral Valuation,T.Sharma,2026-07-30 08:45:00,45,45,False,None,High
636,LN-2026042,SOP-LU-001,7,Fraud Risk Screening,N.Bose,2026-07-30 09:16:00,15,16,False,None,High
637,LN-2026042,SOP-LU-001,8,Automated Credit Scoring,A.Rao,2026-07-30 09:25:00,5,3,False,None,Medium
638,LN-2026042,SOP-LU-001,9,Manual Underwriting Review,T.Sharma,2026-07-30 10:09:00,30,31,False,None,High
639,LN-2026042,SOP-LU-001,10,Conditional Approval Decision,K.Menon,2026-07-30 10:23:00,15,13,False,None,Medium
640,LN-2026042,SOP-LU-001,12,Final Compliance Sign-off,S.Iyer,2026-07-30 10:47:00,15,16,False,None,High
641,LN-2026042,SOP-LU-001,13,Final Approval & Booking,V.Reddy,2026-07-30 11:11:00,10,9,True,Approval Bypassed,Medium
642,LN-2026042,SOP-LU-001,14,Disbursement Instruction,N.Bose,2026-07-30 11:35:00,10,9,False,None,Medium
643,LN-2026042,SOP-LU-001,15,Post-Disbursement Audit Tagging,S.Iyer,2026-07-30 11:51:00,5,5,False,None,Low
644,LN-2026043,SOP-LU-001,1,Application Intake,T.Sharma,2026-07-23 01:28:00,10,10,False,None,Low
645,LN-2026043,SOP-LU-001,2,KYC & Identity Verification,A.Rao,2026-07-23 02:05:00,20,22,False,None,High
646,LN-2026043,SOP-LU-001,3,Credit Bureau Pull,T.Sharma,2026-07-23 02:26:00,15,13,False,None,Medium
647,LN-2026043,SOP-LU-001,4,Income & Employment Verification,N.Bose,2026-07-23 03:03:00,25,23,True,Step Skipped,Medium
648,LN-2026043,SOP-LU-001,5,Debt-to-Income Calculation,R.Das,2026-07-23 03:17:00,10,10,False,None,Medium
649,LN-2026043,SOP-LU-001,6,Collateral Valuation,J.Pillai,2026-07-23 04:10:00,45,37,False,None,High
650,LN-2026043,SOP-LU-001,7,Fraud Risk Screening,T.Sharma,2026-07-23 04:40:00,15,16,False,None,High
651,LN-2026043,SOP-LU-001,8,Automated Credit Scoring,S.Iyer,2026-07-23 04:48:00,5,6,True,Approval Bypassed,Medium
652,LN-2026043,SOP-LU-001,9,Manual Underwriting Review,R.Das,2026-07-23 05:30:00,30,24,False,None,High
653,LN-2026043,SOP-LU-001,10,Conditional Approval Decision,M.Khan,2026-07-23 05:42:00,15,11,False,None,Medium
654,LN-2026043,SOP-LU-001,11,Document Stipulation Collection,K.Menon,2026-07-23 06:13:00,20,22,False,None,Low
655,LN-2026043,SOP-LU-001,12,Final Compliance Sign-off,M.Khan,2026-07-23 06:38:00,15,14,False,None,High
656,LN-2026043,SOP-LU-001,13,Final Approval & Booking,T.Sharma,2026-07-23 06:51:00,10,9,False,None,Medium
657,LN-2026043,SOP-LU-001,14,Disbursement Instruction,N.Bose,2026-07-23 07:06:00,10,11,False,None,Medium
658,LN-2026043,SOP-LU-001,15,Post-Disbursement Audit Tagging,M.Khan,2026-07-23 07:17:00,5,5,True,Approval Bypassed,Low
659,LN-2026044,SOP-LU-001,1,Application Intake,P.Nair,2026-05-01 18:19:00,10,10,False,None,Low
660,LN-2026044,SOP-LU-001,2,KYC & Identity Verification,V.Reddy,2026-05-01 19:00:00,20,22,False,None,High
661,LN-2026044,SOP-LU-001,3,Credit Bureau Pull,S.Iyer,2026-05-01 19:21:00,15,14,False,None,Medium
662,LN-2026044,SOP-LU-001,4,Income & Employment Verification,R.Das,2026-05-01 20:04:00,25,28,False,None,Medium
663,LN-2026044,SOP-LU-001,5,Debt-to-Income Calculation,K.Menon,2026-05-01 20:31:00,10,12,False,None,Medium
664,LN-2026044,SOP-LU-001,6,Collateral Valuation,N.Bose,2026-05-01 21:45:00,45,55,False,None,High
665,LN-2026044,SOP-LU-001,8,Automated Credit Scoring,N.Bose,2026-05-01 22:06:00,5,4,False,None,Medium
666,LN-2026044,SOP-LU-001,7,Fraud Risk Screening,J.Pillai,2026-05-01 22:32:00,15,23,True,Extra Manual Step Added,High
667,LN-2026044,SOP-LU-001,9,Manual Underwriting Review,M.Khan,2026-05-01 23:19:00,30,37,False,None,High
668,LN-2026044,SOP-LU-001,10,Conditional Approval Decision,S.Iyer,2026-05-01 23:38:00,15,17,False,None,Medium
669,LN-2026044,SOP-LU-001,11,Document Stipulation Collection,J.Pillai,2026-05-01 23:59:00,20,13,False,None,Low
670,LN-2026044,SOP-LU-001,12,Final Compliance Sign-off,S.Iyer,2026-05-02 00:28:00,15,13,False,None,High
671,LN-2026044,SOP-LU-001,13,Final Approval & Booking,A.Rao,2026-05-02 00:53:00,10,10,False,None,Medium
672,LN-2026044,SOP-LU-001,14,Disbursement Instruction,P.Nair,2026-05-02 01:13:00,10,8,False,None,Medium
673,LN-2026044,SOP-LU-001,15,Post-Disbursement Audit Tagging,J.Pillai,2026-05-02 01:22:00,5,3,False,None,Low
674,LN-2026045,SOP-LU-001,1,Application Intake,N.Bose,2026-06-07 02:20:00,10,9,False,None,Low
675,LN-2026045,SOP-LU-001,2,KYC & Identity Verification,V.Reddy,2026-06-07 02:50:00,20,19,False,None,High
676,LN-2026045,SOP-LU-001,3,Credit Bureau Pull,P.Nair,2026-06-07 03:24:00,15,15,False,None,Medium
677,LN-2026045,SOP-LU-001,4,Income & Employment Verification,J.Pillai,2026-06-07 03:50:00,25,22,False,None,Medium
678,LN-2026045,SOP-LU-001,5,Debt-to-Income Calculation,V.Reddy,2026-06-07 04:15:00,10,9,False,None,Medium
679,LN-2026045,SOP-LU-001,6,Collateral Valuation,M.Khan,2026-06-07 05:28:00,45,58,False,None,High
680,LN-2026045,SOP-LU-001,7,Fraud Risk Screening,M.Khan,2026-06-07 05:46:00,15,15,False,None,High
681,LN-2026045,SOP-LU-001,8,Automated Credit Scoring,P.Nair,2026-06-07 06:08:00,5,4,False,None,Medium
682,LN-2026045,SOP-LU-001,9,Manual Underwriting Review,S.Iyer,2026-06-07 06:40:00,30,30,False,None,High
683,LN-2026045,SOP-LU-001,10,Conditional Approval Decision,A.Rao,2026-06-07 07:04:00,15,13,False,None,Medium
684,LN-2026045,SOP-LU-001,11,Document Stipulation Collection,T.Sharma,2026-06-07 07:26:00,20,15,False,None,Low
685,LN-2026045,SOP-LU-001,12,Final Compliance Sign-off,K.Menon,2026-06-07 07:51:00,15,12,False,None,High
686,LN-2026045,SOP-LU-001,13,Final Approval & Booking,N.Bose,2026-06-07 08:08:00,10,10,False,None,Medium
687,LN-2026045,SOP-LU-001,14,Disbursement Instruction,R.Das,2026-06-07 08:29:00,10,11,False,None,Medium
688,LN-2026045,SOP-LU-001,15,Post-Disbursement Audit Tagging,R.Das,2026-06-07 08:37:00,5,4,True,Order Swapped,Low
689,LN-2026046,SOP-LU-001,1,Application Intake,K.Menon,2026-06-16 03:13:00,10,12,False,None,Low
690,LN-2026046,SOP-LU-001,2,KYC & Identity Verification,P.Nair,2026-06-16 03:44:00,20,19,False,None,High
691,LN-2026046,SOP-LU-001,3,Credit Bureau Pull,T.Sharma,2026-06-16 04:12:00,15,15,False,None,Medium
692,LN-2026046,SOP-LU-001,4,Income & Employment Verification,M.Khan,2026-06-16 04:44:00,25,23,False,None,Medium
693,LN-2026046,SOP-LU-001,5,Debt-to-Income Calculation,T.Sharma,2026-06-16 05:04:00,10,10,True,Documentation Missing,Medium
694,LN-2026046,SOP-LU-001,6,Collateral Valuation,K.Menon,2026-06-16 06:04:00,45,52,False,None,High
695,LN-2026046,SOP-LU-001,7,Fraud Risk Screening,A.Rao,2026-06-16 06:24:00,15,15,False,None,High
696,LN-2026046,SOP-LU-001,8,Automated Credit Scoring,K.Menon,2026-06-16 06:34:00,5,6,False,None,Medium
697,LN-2026046,SOP-LU-001,9,Manual Underwriting Review,T.Sharma,2026-06-16 07:14:00,30,33,False,None,High
698,LN-2026046,SOP-LU-001,10,Conditional Approval Decision,S.Iyer,2026-06-16 07:37:00,15,13,False,None,Medium
699,LN-2026046,SOP-LU-001,11,Document Stipulation Collection,V.Reddy,2026-06-16 08:08:00,20,21,True,Tool Substitution,Low
700,LN-2026046,SOP-LU-001,12,Final Compliance Sign-off,S.Iyer,2026-06-16 08:25:00,15,16,False,None,High
701,LN-2026046,SOP-LU-001,13,Final Approval & Booking,V.Reddy,2026-06-16 08:50:00,10,8,False,None,Medium
702,LN-2026046,SOP-LU-001,14,Disbursement Instruction,A.Rao,2026-06-16 09:02:00,10,9,False,None,Medium
703,LN-2026046,SOP-LU-001,15,Post-Disbursement Audit Tagging,A.Rao,2026-06-16 09:23:00,5,4,False,None,Low
704,LN-2026047,SOP-LU-001,1,Application Intake,J.Pillai,2026-05-28 13:27:00,10,11,False,None,Low
705,LN-2026047,SOP-LU-001,2,KYC & Identity Verification,K.Menon,2026-05-28 13:50:00,20,16,False,None,High
706,LN-2026047,SOP-LU-001,3,Credit Bureau Pull,P.Nair,2026-05-28 14:14:00,15,13,False,None,Medium
707,LN-2026047,SOP-LU-001,4,Income & Employment Verification,A.Rao,2026-05-28 14:38:00,25,22,False,None,Medium
708,LN-2026047,SOP-LU-001,5,Debt-to-Income Calculation,J.Pillai,2026-05-28 14:48:00,10,7,False,None,Medium
709,LN-2026047,SOP-LU-001,6,Collateral Valuation,K.Menon,2026-05-28 15:54:00,45,56,False,None,High
710,LN-2026047,SOP-LU-001,7,Fraud Risk Screening,V.Reddy,2026-05-28 16:18:00,15,17,False,None,High
711,LN-2026047,SOP-LU-001,8,Automated Credit Scoring,A.Rao,2026-05-28 16:27:00,5,5,False,None,Medium
712,LN-2026047,SOP-LU-001,9,Manual Underwriting Review,J.Pillai,2026-05-28 17:00:00,30,27,False,None,High
713,LN-2026047,SOP-LU-001,10,Conditional Approval Decision,S.Iyer,2026-05-28 17:25:00,15,11,False,None,Medium
714,LN-2026047,SOP-LU-001,11,Document Stipulation Collection,A.Rao,2026-05-28 17:50:00,20,21,False,None,Low
715,LN-2026047,SOP-LU-001,12,Final Compliance Sign-off,P.Nair,2026-05-28 18:09:00,15,13,False,None,High
716,LN-2026047,SOP-LU-001,13,Final Approval & Booking,S.Iyer,2026-05-28 18:26:00,10,8,False,None,Medium
717,LN-2026047,SOP-LU-001,14,Disbursement Instruction,K.Menon,2026-05-28 18:36:00,10,8,False,None,Medium
718,LN-2026047,SOP-LU-001,15,Post-Disbursement Audit Tagging,T.Sharma,2026-05-28 18:47:00,5,6,False,None,Low
719,LN-2026048,SOP-LU-001,1,Application Intake,N.Bose,2026-05-07 15:29:00,10,11,False,None,Low
720,LN-2026048,SOP-LU-001,2,KYC & Identity Verification,M.Khan,2026-05-07 15:52:00,20,20,False,None,High
721,LN-2026048,SOP-LU-001,3,Credit Bureau Pull,A.Rao,2026-05-07 16:05:00,15,10,False,None,Medium
722,LN-2026048,SOP-LU-001,4,Income & Employment Verification,T.Sharma,2026-05-07 16:37:00,25,26,False,None,Medium
723,LN-2026048,SOP-LU-001,5,Debt-to-Income Calculation,A.Rao,2026-05-07 16:52:00,10,9,False,None,Medium
724,LN-2026048,SOP-LU-001,6,Collateral Valuation,K.Menon,2026-05-07 17:50:00,45,41,False,None,High
725,LN-2026048,SOP-LU-001,7,Fraud Risk Screening,K.Menon,2026-05-07 18:12:00,15,14,False,None,High
726,LN-2026048,SOP-LU-001,8,Automated Credit Scoring,T.Sharma,2026-05-07 18:29:00,5,5,False,None,Medium
727,LN-2026048,SOP-LU-001,9,Manual Underwriting Review,T.Sharma,2026-05-07 19:20:00,30,35,False,None,High
728,LN-2026048,SOP-LU-001,10,Conditional Approval Decision,S.Iyer,2026-05-07 19:46:00,15,16,False,None,Medium
729,LN-2026048,SOP-LU-001,11,Document Stipulation Collection,V.Reddy,2026-05-07 20:21:00,20,19,False,None,Low
730,LN-2026048,SOP-LU-001,12,Final Compliance Sign-off,V.Reddy,2026-05-07 20:45:00,15,12,False,None,High
731,LN-2026048,SOP-LU-001,13,Final Approval & Booking,S.Iyer,2026-05-07 20:59:00,10,11,False,None,Medium
732,LN-2026048,SOP-LU-001,14,Disbursement Instruction,V.Reddy,2026-05-07 21:23:00,10,8,True,Tool Substitution,Medium
733,LN-2026048,SOP-LU-001,15,Post-Disbursement Audit Tagging,A.Rao,2026-05-07 21:46:00,5,4,True,Order Swapped,Low
734,LN-2026049,SOP-LU-001,1,Application Intake,R.Das,2026-05-27 05:14:00,10,9,False,None,Low
735,LN-2026049,SOP-LU-001,2,KYC & Identity Verification,N.Bose,2026-05-27 05:37:00,20,22,False,None,High
736,LN-2026049,SOP-LU-001,3,Credit Bureau Pull,A.Rao,2026-05-27 05:59:00,15,16,False,None,Medium
737,LN-2026049,SOP-LU-001,4,Income & Employment Verification,P.Nair,2026-05-27 06:28:00,25,28,False,None,Medium
738,LN-2026049,SOP-LU-001,5,Debt-to-Income Calculation,A.Rao,2026-05-27 06:52:00,10,8,False,None,Medium
739,LN-2026049,SOP-LU-001,6,Collateral Valuation,T.Sharma,2026-05-27 07:42:00,45,36,False,None,High
740,LN-2026049,SOP-LU-001,7,Fraud Risk Screening,T.Sharma,2026-05-27 08:01:00,15,15,False,None,High
741,LN-2026049,SOP-LU-001,8,Automated Credit Scoring,M.Khan,2026-05-27 08:07:00,5,4,False,None,Medium
742,LN-2026049,SOP-LU-001,9,Manual Underwriting Review,M.Khan,2026-05-27 08:41:00,30,25,False,None,High
743,LN-2026049,SOP-LU-001,10,Conditional Approval Decision,S.Iyer,2026-05-27 08:55:00,15,10,False,None,Medium
744,LN-2026049,SOP-LU-001,11,Document Stipulation Collection,V.Reddy,2026-05-27 09:34:00,20,21,False,None,Low
745,LN-2026049,SOP-LU-001,12,Final Compliance Sign-off,N.Bose,2026-05-27 10:01:00,15,16,False,None,High
746,LN-2026049,SOP-LU-001,13,Final Approval & Booking,K.Menon,2026-05-27 10:26:00,10,10,False,None,Medium
747,LN-2026049,SOP-LU-001,14,Disbursement Instruction,K.Menon,2026-05-27 10:39:00,10,10,False,None,Medium
748,LN-2026049,SOP-LU-001,15,Post-Disbursement Audit Tagging,S.Iyer,2026-05-27 10:53:00,5,4,False,None,Low
749,LN-2026050,SOP-LU-001,1,Application Intake,R.Das,2026-07-10 13:15:00,10,8,True,Approval Bypassed,Low
750,LN-2026050,SOP-LU-001,2,KYC & Identity Verification,J.Pillai,2026-07-10 13:50:00,20,21,False,None,High
751,LN-2026050,SOP-LU-001,3,Credit Bureau Pull,S.Iyer,2026-07-10 14:06:00,15,14,False,None,Medium
752,LN-2026050,SOP-LU-001,4,Income & Employment Verification,T.Sharma,2026-07-10 14:30:00,25,22,False,None,Medium
753,LN-2026050,SOP-LU-001,5,Debt-to-Income Calculation,T.Sharma,2026-07-10 14:43:00,10,11,False,None,Medium
754,LN-2026050,SOP-LU-001,6,Collateral Valuation,M.Khan,2026-07-10 15:29:00,45,45,False,None,High
755,LN-2026050,SOP-LU-001,7,Fraud Risk Screening,A.Rao,2026-07-10 15:57:00,15,14,False,None,High
756,LN-2026050,SOP-LU-001,8,Automated Credit Scoring,M.Khan,2026-07-10 16:18:00,5,5,True,Approval Bypassed,Medium
757,LN-2026050,SOP-LU-001,9,Manual Underwriting Review,S.Iyer,2026-07-10 16:48:00,30,27,False,None,High
758,LN-2026050,SOP-LU-001,10,Conditional Approval Decision,S.Iyer,2026-07-10 17:07:00,15,16,False,None,Medium
759,LN-2026050,SOP-LU-001,11,Document Stipulation Collection,V.Reddy,2026-07-10 17:25:00,20,16,False,None,Low
760,LN-2026050,SOP-LU-001,12,Final Compliance Sign-off,P.Nair,2026-07-10 17:47:00,15,14,True,Step Skipped,High
761,LN-2026050,SOP-LU-001,13,Final Approval & Booking,T.Sharma,2026-07-10 18:13:00,10,11,False,None,Medium
762,LN-2026050,SOP-LU-001,14,Disbursement Instruction,J.Pillai,2026-07-10 18:21:00,10,4,False,None,Medium
763,LN-2026050,SOP-LU-001,15,Post-Disbursement Audit Tagging,V.Reddy,2026-07-10 18:40:00,5,5,True,Order Swapped,Low
764,LN-2026051,SOP-LU-001,1,Application Intake,J.Pillai,2026-07-10 01:14:00,10,8,False,None,Low
765,LN-2026051,SOP-LU-001,2,KYC & Identity Verification,T.Sharma,2026-07-10 01:48:00,20,15,False,None,High
766,LN-2026051,SOP-LU-001,3,Credit Bureau Pull,R.Das,2026-07-10 02:10:00,15,17,False,None,Medium
767,LN-2026051,SOP-LU-001,4,Income & Employment Verification,K.Menon,2026-07-10 02:36:00,25,24,False,None,Medium
768,LN-2026051,SOP-LU-001,5,Debt-to-Income Calculation,V.Reddy,2026-07-10 02:59:00,10,12,True,Order Swapped,Medium
769,LN-2026051,SOP-LU-001,6,Collateral Valuation,N.Bose,2026-07-10 04:03:00,45,49,False,None,High
770,LN-2026051,SOP-LU-001,7,Fraud Risk Screening,R.Das,2026-07-10 04:30:00,15,18,True,Tool Substitution,High
771,LN-2026051,SOP-LU-001,8,Automated Credit Scoring,P.Nair,2026-07-10 04:43:00,5,4,False,None,Medium
772,LN-2026051,SOP-LU-001,9,Manual Underwriting Review,R.Das,2026-07-10 05:25:00,30,28,False,None,High
773,LN-2026051,SOP-LU-001,10,Conditional Approval Decision,V.Reddy,2026-07-10 05:41:00,15,15,False,None,Medium
774,LN-2026051,SOP-LU-001,11,Document Stipulation Collection,S.Iyer,2026-07-10 06:03:00,20,18,False,None,Low
775,LN-2026051,SOP-LU-001,12,Final Compliance Sign-off,V.Reddy,2026-07-10 06:20:00,15,12,False,None,High
776,LN-2026051,SOP-LU-001,13,Final Approval & Booking,V.Reddy,2026-07-10 06:37:00,10,10,False,None,Medium
777,LN-2026051,SOP-LU-001,14,Disbursement Instruction,T.Sharma,2026-07-10 06:50:00,10,9,False,None,Medium
778,LN-2026051,SOP-LU-001,15,Post-Disbursement Audit Tagging,K.Menon,2026-07-10 07:00:00,5,4,False,None,Low
779,LN-2026052,SOP-LU-001,1,Application Intake,S.Iyer,2026-07-02 20:12:00,10,9,False,None,Low
780,LN-2026052,SOP-LU-001,2,KYC & Identity Verification,S.Iyer,2026-07-02 20:41:00,20,22,False,None,High
781,LN-2026052,SOP-LU-001,3,Credit Bureau Pull,N.Bose,2026-07-02 20:58:00,15,10,False,None,Medium
782,LN-2026052,SOP-LU-001,4,Income & Employment Verification,P.Nair,2026-07-02 21:38:00,25,35,False,None,Medium
783,LN-2026052,SOP-LU-001,5,Debt-to-Income Calculation,P.Nair,2026-07-02 21:50:00,10,10,False,None,Medium
784,LN-2026052,SOP-LU-001,6,Collateral Valuation,A.Rao,2026-07-02 22:40:00,45,44,False,None,High
785,LN-2026052,SOP-LU-001,7,Fraud Risk Screening,J.Pillai,2026-07-02 23:03:00,15,16,False,None,High
786,LN-2026052,SOP-LU-001,8,Automated Credit Scoring,N.Bose,2026-07-02 23:12:00,5,4,False,None,Medium
787,LN-2026052,SOP-LU-001,9,Manual Underwriting Review,K.Menon,2026-07-02 23:48:00,30,25,False,None,High
788,LN-2026052,SOP-LU-001,10,Conditional Approval Decision,V.Reddy,2026-07-03 00:26:00,15,34,True,Duration Overrun,Medium
789,LN-2026052,SOP-LU-001,11,Document Stipulation Collection,M.Khan,2026-07-03 01:02:00,20,18,False,None,Low
790,LN-2026052,SOP-LU-001,12,Final Compliance Sign-off,K.Menon,2026-07-03 01:26:00,15,16,False,None,High
791,LN-2026052,SOP-LU-001,13,Final Approval & Booking,T.Sharma,2026-07-03 01:42:00,10,10,False,None,Medium
792,LN-2026052,SOP-LU-001,14,Disbursement Instruction,V.Reddy,2026-07-03 02:03:00,10,11,False,None,Medium
793,LN-2026052,SOP-LU-001,15,Post-Disbursement Audit Tagging,N.Bose,2026-07-03 02:17:00,5,5,False,None,Low
794,LN-2026053,SOP-LU-001,1,Application Intake,J.Pillai,2026-08-02 07:27:00,10,10,False,None,Low
795,LN-2026053,SOP-LU-001,2,KYC & Identity Verification,S.Iyer,2026-08-02 07:50:00,20,21,False,None,High
796,LN-2026053,SOP-LU-001,3,Credit Bureau Pull,A.Rao,2026-08-02 08:21:00,15,15,False,None,Medium
797,LN-2026053,SOP-LU-001,4,Income & Employment Verification,N.Bose,2026-08-02 08:56:00,25,27,False,None,Medium
798,LN-2026053,SOP-LU-001,5,Debt-to-Income Calculation,S.Iyer,2026-08-02 09:16:00,10,9,False,None,Medium
799,LN-2026053,SOP-LU-001,6,Collateral Valuation,P.Nair,2026-08-02 09:52:00,45,28,False,None,High
800,LN-2026053,SOP-LU-001,7,Fraud Risk Screening,N.Bose,2026-08-02 10:23:00,15,14,False,None,High
801,LN-2026053,SOP-LU-001,8,Automated Credit Scoring,K.Menon,2026-08-02 10:40:00,5,4,False,None,Medium
802,LN-2026053,SOP-LU-001,9,Manual Underwriting Review,N.Bose,2026-08-02 11:29:00,30,30,False,None,High
803,LN-2026053,SOP-LU-001,10,Conditional Approval Decision,R.Das,2026-08-02 11:50:00,15,13,False,None,Medium
804,LN-2026053,SOP-LU-001,11,Document Stipulation Collection,K.Menon,2026-08-02 12:20:00,20,19,False,None,Low
805,LN-2026053,SOP-LU-001,12,Final Compliance Sign-off,S.Iyer,2026-08-02 12:40:00,15,17,False,None,High
806,LN-2026053,SOP-LU-001,13,Final Approval & Booking,J.Pillai,2026-08-02 13:07:00,10,10,False,None,Medium
807,LN-2026053,SOP-LU-001,14,Disbursement Instruction,J.Pillai,2026-08-02 13:25:00,10,7,False,None,Medium
808,LN-2026053,SOP-LU-001,15,Post-Disbursement Audit Tagging,J.Pillai,2026-08-02 13:44:00,5,4,False,None,Low
809,LN-2026054,SOP-LU-001,1,Application Intake,A.Rao,2026-06-21 10:19:00,10,8,True,Tool Substitution,Low
810,LN-2026054,SOP-LU-001,2,KYC & Identity Verification,J.Pillai,2026-06-21 10:45:00,20,21,True,Approval Bypassed,High
811,LN-2026054,SOP-LU-001,3,Credit Bureau Pull,P.Nair,2026-06-21 11:10:00,15,17,False,None,Medium
812,LN-2026054,SOP-LU-001,4,Income & Employment Verification,M.Khan,2026-06-21 11:45:00,25,25,False,None,Medium
813,LN-2026054,SOP-LU-001,5,Debt-to-Income Calculation,A.Rao,2026-06-21 11:57:00,10,10,False,None,Medium
814,LN-2026054,SOP-LU-001,6,Collateral Valuation,N.Bose,2026-06-21 13:05:00,45,53,False,None,High
815,LN-2026054,SOP-LU-001,7,Fraud Risk Screening,R.Das,2026-06-21 13:23:00,15,14,False,None,High
816,LN-2026054,SOP-LU-001,8,Automated Credit Scoring,M.Khan,2026-06-21 13:41:00,5,4,False,None,Medium
817,LN-2026054,SOP-LU-001,9,Manual Underwriting Review,K.Menon,2026-06-21 14:25:00,30,34,False,None,High
818,LN-2026054,SOP-LU-001,10,Conditional Approval Decision,S.Iyer,2026-06-21 14:43:00,15,14,False,None,Medium
819,LN-2026054,SOP-LU-001,11,Document Stipulation Collection,V.Reddy,2026-06-21 15:23:00,20,24,False,None,Low
820,LN-2026054,SOP-LU-001,12,Final Compliance Sign-off,T.Sharma,2026-06-21 15:44:00,15,19,False,None,High
821,LN-2026054,SOP-LU-001,13,Final Approval & Booking,T.Sharma,2026-06-21 16:01:00,10,9,False,None,Medium
822,LN-2026054,SOP-LU-001,14,Disbursement Instruction,T.Sharma,2026-06-21 16:27:00,10,8,False,None,Medium
823,LN-2026054,SOP-LU-001,15,Post-Disbursement Audit Tagging,T.Sharma,2026-06-21 16:45:00,5,4,False,None,Low
824,LN-2026055,SOP-LU-001,1,Application Intake,N.Bose,2026-07-30 11:26:00,10,8,False,None,Low
825,LN-2026055,SOP-LU-001,2,KYC & Identity Verification,V.Reddy,2026-07-30 11:59:00,20,19,True,Order Swapped,High
826,LN-2026055,SOP-LU-001,3,Credit Bureau Pull,P.Nair,2026-07-30 12:26:00,15,24,True,Duration Overrun,Medium
827,LN-2026055,SOP-LU-001,4,Income & Employment Verification,A.Rao,2026-07-30 12:53:00,25,20,False,None,Medium
828,LN-2026055,SOP-LU-001,5,Debt-to-Income Calculation,M.Khan,2026-07-30 13:21:00,10,11,False,None,Medium
829,LN-2026055,SOP-LU-001,6,Collateral Valuation,M.Khan,2026-07-30 14:21:00,45,47,False,None,High
830,LN-2026055,SOP-LU-001,7,Fraud Risk Screening,S.Iyer,2026-07-30 14:40:00,15,11,False,None,High
831,LN-2026055,SOP-LU-001,8,Automated Credit Scoring,J.Pillai,2026-07-30 14:57:00,5,5,False,None,Medium
832,LN-2026055,SOP-LU-001,9,Manual Underwriting Review,P.Nair,2026-07-30 15:45:00,30,37,False,None,High
833,LN-2026055,SOP-LU-001,10,Conditional Approval Decision,V.Reddy,2026-07-30 16:15:00,15,17,False,None,Medium
834,LN-2026055,SOP-LU-001,11,Document Stipulation Collection,V.Reddy,2026-07-30 16:50:00,20,17,False,None,Low
835,LN-2026055,SOP-LU-001,12,Final Compliance Sign-off,R.Das,2026-07-30 17:23:00,15,15,False,None,High
836,LN-2026055,SOP-LU-001,13,Final Approval & Booking,K.Menon,2026-07-30 17:46:00,10,8,False,None,Medium
837,LN-2026055,SOP-LU-001,14,Disbursement Instruction,N.Bose,2026-07-30 18:10:00,10,11,False,None,Medium
838,LN-2026055,SOP-LU-001,15,Post-Disbursement Audit Tagging,P.Nair,2026-07-30 18:26:00,5,5,False,None,Low
839,LN-2026056,SOP-LU-001,1,Application Intake,J.Pillai,2026-07-11 20:24:00,10,17,True,Duration Overrun,Low
840,LN-2026056,SOP-LU-001,2,KYC & Identity Verification,V.Reddy,2026-07-11 21:00:00,20,24,False,None,High
841,LN-2026056,SOP-LU-001,3,Credit Bureau Pull,A.Rao,2026-07-11 21:32:00,15,17,False,None,Medium
842,LN-2026056,SOP-LU-001,4,Income & Employment Verification,M.Khan,2026-07-11 22:07:00,25,27,False,None,Medium
843,LN-2026056,SOP-LU-001,5,Debt-to-Income Calculation,R.Das,2026-07-11 22:17:00,10,9,False,None,Medium
844,LN-2026056,SOP-LU-001,6,Collateral Valuation,M.Khan,2026-07-11 23:13:00,45,44,False,None,High
845,LN-2026056,SOP-LU-001,7,Fraud Risk Screening,M.Khan,2026-07-11 23:37:00,15,14,False,None,High
846,LN-2026056,SOP-LU-001,8,Automated Credit Scoring,P.Nair,2026-07-11 23:43:00,5,4,True,Documentation Missing,Medium
847,LN-2026056,SOP-LU-001,9,Manual Underwriting Review,R.Das,2026-07-12 00:28:00,30,31,False,None,High
848,LN-2026056,SOP-LU-001,10,Conditional Approval Decision,V.Reddy,2026-07-12 00:46:00,15,11,True,Documentation Missing,Medium
849,LN-2026056,SOP-LU-001,11,Document Stipulation Collection,R.Das,2026-07-12 01:26:00,20,24,False,None,Low
850,LN-2026056,SOP-LU-001,12,Final Compliance Sign-off,J.Pillai,2026-07-12 01:56:00,15,17,False,None,High
851,LN-2026056,SOP-LU-001,13,Final Approval & Booking,K.Menon,2026-07-12 02:18:00,10,12,False,None,Medium
852,LN-2026056,SOP-LU-001,14,Disbursement Instruction,K.Menon,2026-07-12 02:43:00,10,13,False,None,Medium
853,LN-2026056,SOP-LU-001,15,Post-Disbursement Audit Tagging,T.Sharma,2026-07-12 02:49:00,5,4,False,None,Low
854,LN-2026057,SOP-LU-001,1,Application Intake,J.Pillai,2026-07-14 02:16:00,10,10,False,None,Low
855,LN-2026057,SOP-LU-001,2,KYC & Identity Verification,N.Bose,2026-07-14 02:43:00,20,17,False,None,High
856,LN-2026057,SOP-LU-001,3,Credit Bureau Pull,S.Iyer,2026-07-14 02:56:00,15,10,True,Step Skipped,Medium
857,LN-2026057,SOP-LU-001,4,Income & Employment Verification,V.Reddy,2026-07-14 03:30:00,25,26,False,None,Medium
858,LN-2026057,SOP-LU-001,5,Debt-to-Income Calculation,S.Iyer,2026-07-14 03:45:00,10,8,False,None,Medium
859,LN-2026057,SOP-LU-001,6,Collateral Valuation,N.Bose,2026-07-14 04:54:00,45,52,False,None,High
860,LN-2026057,SOP-LU-001,7,Fraud Risk Screening,J.Pillai,2026-07-14 05:14:00,15,13,False,None,High
861,LN-2026057,SOP-LU-001,8,Automated Credit Scoring,M.Khan,2026-07-14 05:25:00,5,6,False,None,Medium
862,LN-2026057,SOP-LU-001,9,Manual Underwriting Review,R.Das,2026-07-14 06:09:00,30,28,False,None,High
863,LN-2026057,SOP-LU-001,10,Conditional Approval Decision,N.Bose,2026-07-14 06:27:00,15,16,False,None,Medium
864,LN-2026057,SOP-LU-001,11,Document Stipulation Collection,N.Bose,2026-07-14 07:02:00,20,17,False,None,Low
865,LN-2026057,SOP-LU-001,12,Final Compliance Sign-off,J.Pillai,2026-07-14 07:35:00,15,14,False,None,High
866,LN-2026057,SOP-LU-001,13,Final Approval & Booking,A.Rao,2026-07-14 08:02:00,10,10,False,None,Medium
867,LN-2026057,SOP-LU-001,14,Disbursement Instruction,K.Menon,2026-07-14 08:23:00,10,8,False,None,Medium
868,LN-2026057,SOP-LU-001,15,Post-Disbursement Audit Tagging,J.Pillai,2026-07-14 08:40:00,5,5,False,None,Low
869,LN-2026058,SOP-LU-001,1,Application Intake,A.Rao,2026-05-23 13:23:00,10,10,False,None,Low
870,LN-2026058,SOP-LU-001,2,KYC & Identity Verification,R.Das,2026-05-23 13:50:00,20,23,False,None,High
871,LN-2026058,SOP-LU-001,3,Credit Bureau Pull,J.Pillai,2026-05-23 14:06:00,15,15,False,None,Medium
872,LN-2026058,SOP-LU-001,4,Income & Employment Verification,A.Rao,2026-05-23 14:46:00,25,22,False,None,Medium
873,LN-2026058,SOP-LU-001,5,Debt-to-Income Calculation,S.Iyer,2026-05-23 15:10:00,10,9,False,None,Medium
874,LN-2026058,SOP-LU-001,6,Collateral Valuation,J.Pillai,2026-05-23 16:04:00,45,43,False,None,High
875,LN-2026058,SOP-LU-001,7,Fraud Risk Screening,M.Khan,2026-05-23 16:17:00,15,12,False,None,High
876,LN-2026058,SOP-LU-001,8,Automated Credit Scoring,P.Nair,2026-05-23 16:39:00,5,5,False,None,Medium
877,LN-2026058,SOP-LU-001,9,Manual Underwriting Review,K.Menon,2026-05-23 17:23:00,30,29,True,Approval Bypassed,High
878,LN-2026058,SOP-LU-001,10,Conditional Approval Decision,V.Reddy,2026-05-23 17:58:00,15,20,False,None,Medium
879,LN-2026058,SOP-LU-001,11,Document Stipulation Collection,S.Iyer,2026-05-23 18:32:00,20,23,False,None,Low
880,LN-2026058,SOP-LU-001,12,Final Compliance Sign-off,P.Nair,2026-05-23 18:53:00,15,14,False,None,High
881,LN-2026058,SOP-LU-001,13,Final Approval & Booking,J.Pillai,2026-05-23 19:15:00,10,12,False,None,Medium
882,LN-2026058,SOP-LU-001,14,Disbursement Instruction,A.Rao,2026-05-23 19:45:00,10,12,False,None,Medium
883,LN-2026058,SOP-LU-001,15,Post-Disbursement Audit Tagging,N.Bose,2026-05-23 20:03:00,5,5,False,None,Low
884,LN-2026059,SOP-LU-001,1,Application Intake,N.Bose,2026-07-19 04:27:00,10,8,False,None,Low
885,LN-2026059,SOP-LU-001,2,KYC & Identity Verification,S.Iyer,2026-07-19 04:55:00,20,23,False,None,High
886,LN-2026059,SOP-LU-001,3,Credit Bureau Pull,N.Bose,2026-07-19 05:26:00,15,14,False,None,Medium
887,LN-2026059,SOP-LU-001,4,Income & Employment Verification,T.Sharma,2026-07-19 05:57:00,25,27,False,None,Medium
888,LN-2026059,SOP-LU-001,5,Debt-to-Income Calculation,R.Das,2026-07-19 06:12:00,10,9,False,None,Medium
889,LN-2026059,SOP-LU-001,6,Collateral Valuation,P.Nair,2026-07-19 07:00:00,45,41,False,None,High
890,LN-2026059,SOP-LU-001,7,Fraud Risk Screening,R.Das,2026-07-19 07:33:00,15,15,False,None,High
891,LN-2026059,SOP-LU-001,8,Automated Credit Scoring,P.Nair,2026-07-19 07:42:00,5,5,False,None,Medium
892,LN-2026059,SOP-LU-001,9,Manual Underwriting Review,R.Das,2026-07-19 08:18:00,30,30,False,None,High
893,LN-2026059,SOP-LU-001,10,Conditional Approval Decision,P.Nair,2026-07-19 08:36:00,15,14,False,None,Medium
894,LN-2026059,SOP-LU-001,11,Document Stipulation Collection,V.Reddy,2026-07-19 09:05:00,20,17,False,None,Low
895,LN-2026059,SOP-LU-001,12,Final Compliance Sign-off,T.Sharma,2026-07-19 09:31:00,15,12,False,None,High
896,LN-2026059,SOP-LU-001,13,Final Approval & Booking,R.Das,2026-07-19 09:49:00,10,8,False,None,Medium
897,LN-2026059,SOP-LU-001,14,Disbursement Instruction,J.Pillai,2026-07-19 10:10:00,10,11,False,None,Medium
898,LN-2026059,SOP-LU-001,15,Post-Disbursement Audit Tagging,M.Khan,2026-07-19 10:27:00,5,4,False,None,Low
899,LN-2026060,SOP-LU-001,1,Application Intake,S.Iyer,2026-05-25 05:20:00,10,9,False,None,Low
900,LN-2026060,SOP-LU-001,2,KYC & Identity Verification,R.Das,2026-05-25 05:55:00,20,17,False,None,High
901,LN-2026060,SOP-LU-001,3,Credit Bureau Pull,K.Menon,2026-05-25 06:11:00,15,9,False,None,Medium
902,LN-2026060,SOP-LU-001,4,Income & Employment Verification,V.Reddy,2026-05-25 06:45:00,25,28,False,None,Medium
903,LN-2026060,SOP-LU-001,5,Debt-to-Income Calculation,V.Reddy,2026-05-25 07:10:00,10,10,False,None,Medium
904,LN-2026060,SOP-LU-001,6,Collateral Valuation,N.Bose,2026-05-25 08:11:00,45,45,False,None,High
905,LN-2026060,SOP-LU-001,7,Fraud Risk Screening,N.Bose,2026-05-25 08:27:00,15,11,False,None,High
906,LN-2026060,SOP-LU-001,8,Automated Credit Scoring,S.Iyer,2026-05-25 08:49:00,5,4,False,None,Medium
907,LN-2026060,SOP-LU-001,9,Manual Underwriting Review,J.Pillai,2026-05-25 09:26:00,30,32,True,Approval Bypassed,High
908,LN-2026060,SOP-LU-001,10,Conditional Approval Decision,A.Rao,2026-05-25 09:56:00,15,13,False,None,Medium
909,LN-2026060,SOP-LU-001,11,Document Stipulation Collection,N.Bose,2026-05-25 10:29:00,20,21,False,None,Low
910,LN-2026060,SOP-LU-001,12,Final Compliance Sign-off,P.Nair,2026-05-25 10:52:00,15,14,False,None,High
911,LN-2026060,SOP-LU-001,13,Final Approval & Booking,T.Sharma,2026-05-25 11:19:00,10,26,True,Duration Overrun,Medium
912,LN-2026060,SOP-LU-001,14,Disbursement Instruction,K.Menon,2026-05-25 11:45:00,10,9,False,None,Medium
913,LN-2026060,SOP-LU-001,15,Post-Disbursement Audit Tagging,S.Iyer,2026-05-25 11:57:00,5,5,False,None,Low
914,LN-2026061,SOP-LU-001,1,Application Intake,V.Reddy,2026-05-08 08:23:00,10,6,False,None,Low
915,LN-2026061,SOP-LU-001,2,KYC & Identity Verification,P.Nair,2026-05-08 08:40:00,20,15,False,None,High
916,LN-2026061,SOP-LU-001,3,Credit Bureau Pull,R.Das,2026-05-08 08:57:00,15,16,False,None,Medium
917,LN-2026061,SOP-LU-001,4,Income & Employment Verification,A.Rao,2026-05-08 09:33:00,25,20,False,None,Medium
918,LN-2026061,SOP-LU-001,5,Debt-to-Income Calculation,K.Menon,2026-05-08 09:44:00,10,9,False,None,Medium
919,LN-2026061,SOP-LU-001,6,Collateral Valuation,P.Nair,2026-05-08 10:52:00,45,56,False,None,High
920,LN-2026061,SOP-LU-001,7,Fraud Risk Screening,A.Rao,2026-05-08 11:21:00,15,14,False,None,High
921,LN-2026061,SOP-LU-001,8,Automated Credit Scoring,S.Iyer,2026-05-08 11:37:00,5,6,False,None,Medium
922,LN-2026061,SOP-LU-001,9,Manual Underwriting Review,S.Iyer,2026-05-08 12:10:00,30,30,False,None,High
923,LN-2026061,SOP-LU-001,10,Conditional Approval Decision,A.Rao,2026-05-08 12:27:00,15,13,False,None,Medium
924,LN-2026061,SOP-LU-001,11,Document Stipulation Collection,M.Khan,2026-05-08 12:58:00,20,17,False,None,Low
925,LN-2026061,SOP-LU-001,12,Final Compliance Sign-off,S.Iyer,2026-05-08 13:27:00,15,15,False,None,High
926,LN-2026061,SOP-LU-001,13,Final Approval & Booking,R.Das,2026-05-08 13:44:00,10,8,False,None,Medium
927,LN-2026061,SOP-LU-001,14,Disbursement Instruction,A.Rao,2026-05-08 14:13:00,10,12,False,None,Medium
928,LN-2026062,SOP-LU-001,1,Application Intake,T.Sharma,2026-05-19 14:12:00,10,10,False,None,Low
929,LN-2026062,SOP-LU-001,2,KYC & Identity Verification,N.Bose,2026-05-19 14:39:00,20,19,False,None,High
930,LN-2026062,SOP-LU-001,3,Credit Bureau Pull,S.Iyer,2026-05-19 15:04:00,15,13,False,None,Medium
931,LN-2026062,SOP-LU-001,4,Income & Employment Verification,V.Reddy,2026-05-19 15:34:00,25,24,False,None,Medium
932,LN-2026062,SOP-LU-001,5,Debt-to-Income Calculation,K.Menon,2026-05-19 15:55:00,10,14,False,None,Medium
933,LN-2026062,SOP-LU-001,6,Collateral Valuation,V.Reddy,2026-05-19 17:05:00,45,52,False,None,High
934,LN-2026062,SOP-LU-001,7,Fraud Risk Screening,S.Iyer,2026-05-19 17:32:00,15,16,False,None,High
935,LN-2026062,SOP-LU-001,8,Automated Credit Scoring,R.Das,2026-05-19 17:48:00,5,7,True,Extra Manual Step Added,Medium
936,LN-2026062,SOP-LU-001,9,Manual Underwriting Review,P.Nair,2026-05-19 18:15:00,30,23,False,None,High
937,LN-2026062,SOP-LU-001,10,Conditional Approval Decision,M.Khan,2026-05-19 18:36:00,15,12,False,None,Medium
938,LN-2026062,SOP-LU-001,11,Document Stipulation Collection,N.Bose,2026-05-19 19:07:00,20,16,False,None,Low
939,LN-2026062,SOP-LU-001,12,Final Compliance Sign-off,M.Khan,2026-05-19 19:21:00,15,8,False,None,High
940,LN-2026062,SOP-LU-001,13,Final Approval & Booking,S.Iyer,2026-05-19 19:44:00,10,11,False,None,Medium
941,LN-2026062,SOP-LU-001,14,Disbursement Instruction,V.Reddy,2026-05-19 20:07:00,10,10,False,None,Medium
942,LN-2026062,SOP-LU-001,15,Post-Disbursement Audit Tagging,P.Nair,2026-05-19 20:14:00,5,4,False,None,Low
943,LN-2026063,SOP-LU-001,1,Application Intake,T.Sharma,2026-05-12 18:17:00,10,9,False,None,Low
944,LN-2026063,SOP-LU-001,2,KYC & Identity Verification,J.Pillai,2026-05-12 18:40:00,20,18,False,None,High
945,LN-2026063,SOP-LU-001,3,Credit Bureau Pull,T.Sharma,2026-05-12 19:01:00,15,16,True,Approval Bypassed,Medium
946,LN-2026063,SOP-LU-001,4,Income & Employment Verification,A.Rao,2026-05-12 19:32:00,25,27,False,None,Medium
947,LN-2026063,SOP-LU-001,5,Debt-to-Income Calculation,V.Reddy,2026-05-12 19:41:00,10,8,False,None,Medium
948,LN-2026063,SOP-LU-001,6,Collateral Valuation,M.Khan,2026-05-12 20:46:00,45,52,False,None,High
949,LN-2026063,SOP-LU-001,7,Fraud Risk Screening,R.Das,2026-05-12 21:04:00,15,12,False,None,High
950,LN-2026063,SOP-LU-001,8,Automated Credit Scoring,R.Das,2026-05-12 21:14:00,5,5,False,None,Medium
951,LN-2026063,SOP-LU-001,9,Manual Underwriting Review,P.Nair,2026-05-12 21:51:00,30,35,False,None,High
952,LN-2026063,SOP-LU-001,10,Conditional Approval Decision,S.Iyer,2026-05-12 22:16:00,15,20,False,None,Medium
953,LN-2026063,SOP-LU-001,12,Final Compliance Sign-off,V.Reddy,2026-05-12 22:38:00,15,16,False,None,High
954,LN-2026063,SOP-LU-001,13,Final Approval & Booking,J.Pillai,2026-05-12 23:06:00,10,9,False,None,Medium
955,LN-2026063,SOP-LU-001,14,Disbursement Instruction,N.Bose,2026-05-12 23:25:00,10,10,False,None,Medium
956,LN-2026063,SOP-LU-001,15,Post-Disbursement Audit Tagging,N.Bose,2026-05-12 23:32:00,5,5,False,None,Low
957,LN-2026064,SOP-LU-001,1,Application Intake,J.Pillai,2026-06-10 21:25:00,10,9,False,None,Low
958,LN-2026064,SOP-LU-001,2,KYC & Identity Verification,K.Menon,2026-06-10 21:48:00,20,22,False,None,High
959,LN-2026064,SOP-LU-001,3,Credit Bureau Pull,N.Bose,2026-06-10 22:10:00,15,13,False,None,Medium
960,LN-2026064,SOP-LU-001,4,Income & Employment Verification,K.Menon,2026-06-10 22:52:00,25,23,False,None,Medium
961,LN-2026064,SOP-LU-001,5,Debt-to-Income Calculation,K.Menon,2026-06-10 23:20:00,10,12,False,None,Medium
962,LN-2026064,SOP-LU-001,6,Collateral Valuation,N.Bose,2026-06-11 00:19:00,45,42,True,Documentation Missing,High
963,LN-2026064,SOP-LU-001,7,Fraud Risk Screening,N.Bose,2026-06-11 00:48:00,15,14,False,None,High
964,LN-2026064,SOP-LU-001,8,Automated Credit Scoring,T.Sharma,2026-06-11 00:56:00,5,5,False,None,Medium
965,LN-2026064,SOP-LU-001,9,Manual Underwriting Review,V.Reddy,2026-06-11 01:39:00,30,28,False,None,High
966,LN-2026064,SOP-LU-001,10,Conditional Approval Decision,J.Pillai,2026-06-11 01:59:00,15,13,True,Order Swapped,Medium
967,LN-2026064,SOP-LU-001,11,Document Stipulation Collection,N.Bose,2026-06-11 02:21:00,20,21,False,None,Low
968,LN-2026064,SOP-LU-001,12,Final Compliance Sign-off,A.Rao,2026-06-11 02:41:00,15,12,False,None,High
969,LN-2026064,SOP-LU-001,13,Final Approval & Booking,N.Bose,2026-06-11 03:07:00,10,11,False,None,Medium
970,LN-2026064,SOP-LU-001,14,Disbursement Instruction,J.Pillai,2026-06-11 03:22:00,10,9,False,None,Medium
971,LN-2026064,SOP-LU-001,15,Post-Disbursement Audit Tagging,R.Das,2026-06-11 03:50:00,5,14,True,Duration Overrun,Low
972,LN-2026065,SOP-LU-001,1,Application Intake,P.Nair,2026-07-24 03:21:00,10,9,False,None,Low
973,LN-2026065,SOP-LU-001,2,KYC & Identity Verification,A.Rao,2026-07-24 03:56:00,20,22,False,None,High
974,LN-2026065,SOP-LU-001,3,Credit Bureau Pull,K.Menon,2026-07-24 04:24:00,15,13,False,None,Medium
975,LN-2026065,SOP-LU-001,4,Income & Employment Verification,A.Rao,2026-07-24 04:52:00,25,26,False,None,Medium
976,LN-2026065,SOP-LU-001,5,Debt-to-Income Calculation,K.Menon,2026-07-24 05:15:00,10,9,False,None,Medium
977,LN-2026065,SOP-LU-001,6,Collateral Valuation,V.Reddy,2026-07-24 06:15:00,45,52,False,None,High
978,LN-2026065,SOP-LU-001,7,Fraud Risk Screening,S.Iyer,2026-07-24 07:01:00,15,27,True,Duration Overrun,High
979,LN-2026065,SOP-LU-001,8,Automated Credit Scoring,M.Khan,2026-07-24 07:19:00,5,4,False,None,Medium
980,LN-2026065,SOP-LU-001,9,Manual Underwriting Review,M.Khan,2026-07-24 07:54:00,30,29,False,None,High
981,LN-2026065,SOP-LU-001,10,Conditional Approval Decision,M.Khan,2026-07-24 08:29:00,15,16,False,None,Medium
982,LN-2026065,SOP-LU-001,11,Document Stipulation Collection,N.Bose,2026-07-24 09:01:00,20,18,False,None,Low
983,LN-2026065,SOP-LU-001,12,Final Compliance Sign-off,T.Sharma,2026-07-24 09:25:00,15,15,True,Tool Substitution,High
984,LN-2026065,SOP-LU-001,13,Final Approval & Booking,M.Khan,2026-07-24 09:48:00,10,10,True,Documentation Missing,Medium
985,LN-2026065,SOP-LU-001,14,Disbursement Instruction,P.Nair,2026-07-24 10:18:00,10,11,False,None,Medium
986,LN-2026065,SOP-LU-001,15,Post-Disbursement Audit Tagging,A.Rao,2026-07-24 10:37:00,5,4,False,None,Low
987,LN-2026066,SOP-LU-001,1,Application Intake,M.Khan,2026-05-17 13:13:00,10,9,False,None,Low
988,LN-2026066,SOP-LU-001,2,KYC & Identity Verification,P.Nair,2026-05-17 13:40:00,20,19,False,None,High
989,LN-2026066,SOP-LU-001,3,Credit Bureau Pull,T.Sharma,2026-05-17 14:05:00,15,11,False,None,Medium
990,LN-2026066,SOP-LU-001,4,Income & Employment Verification,P.Nair,2026-05-17 14:42:00,25,26,False,None,Medium
991,LN-2026066,SOP-LU-001,5,Debt-to-Income Calculation,K.Menon,2026-05-17 14:56:00,10,10,False,None,Medium
992,LN-2026066,SOP-LU-001,6,Collateral Valuation,M.Khan,2026-05-17 15:59:00,45,55,True,Approval Bypassed,High
993,LN-2026066,SOP-LU-001,7,Fraud Risk Screening,A.Rao,2026-05-17 16:22:00,15,14,False,None,High
994,LN-2026066,SOP-LU-001,8,Automated Credit Scoring,K.Menon,2026-05-17 16:43:00,5,5,False,None,Medium
995,LN-2026066,SOP-LU-001,9,Manual Underwriting Review,V.Reddy,2026-05-17 17:28:00,30,33,True,Step Skipped,High
996,LN-2026066,SOP-LU-001,10,Conditional Approval Decision,A.Rao,2026-05-17 17:44:00,15,13,False,None,Medium
997,LN-2026066,SOP-LU-001,11,Document Stipulation Collection,A.Rao,2026-05-17 18:11:00,20,22,False,None,Low
998,LN-2026066,SOP-LU-001,12,Final Compliance Sign-off,P.Nair,2026-05-17 18:40:00,15,13,False,None,High
999,LN-2026066,SOP-LU-001,13,Final Approval & Booking,A.Rao,2026-05-17 18:51:00,10,10,False,None,Medium
1000,LN-2026066,SOP-LU-001,14,Disbursement Instruction,R.Das,2026-05-17 19:11:00,10,11,False,None,Medium
1001,LN-2026066,SOP-LU-001,15,Post-Disbursement Audit Tagging,J.Pillai,2026-05-17 19:33:00,5,5,False,None,Low
1002,LN-2026067,SOP-LU-001,1,Application Intake,T.Sharma,2026-05-21 01:11:00,10,10,False,None,Low
1003,LN-2026067,SOP-LU-001,2,KYC & Identity Verification,S.Iyer,2026-05-21 01:46:00,20,16,False,None,High
1004,LN-2026067,SOP-LU-001,3,Credit Bureau Pull,N.Bose,2026-05-21 02:08:00,15,14,False,None,Medium
1005,LN-2026067,SOP-LU-001,4,Income & Employment Verification,R.Das,2026-05-21 02:51:00,25,24,False,None,Medium
1006,LN-2026067,SOP-LU-001,5,Debt-to-Income Calculation,N.Bose,2026-05-21 03:05:00,10,10,False,None,Medium
1007,LN-2026067,SOP-LU-001,6,Collateral Valuation,S.Iyer,2026-05-21 03:48:00,45,39,False,None,High
1008,LN-2026067,SOP-LU-001,7,Fraud Risk Screening,M.Khan,2026-05-21 04:15:00,15,15,False,None,High
1009,LN-2026067,SOP-LU-001,8,Automated Credit Scoring,A.Rao,2026-05-21 04:23:00,5,6,False,None,Medium
1010,LN-2026067,SOP-LU-001,9,Manual Underwriting Review,M.Khan,2026-05-21 04:54:00,30,29,False,None,High
1011,LN-2026067,SOP-LU-001,10,Conditional Approval Decision,T.Sharma,2026-05-21 05:17:00,15,15,False,None,Medium
1012,LN-2026067,SOP-LU-001,11,Document Stipulation Collection,M.Khan,2026-05-21 05:42:00,20,19,False,None,Low
1013,LN-2026067,SOP-LU-001,12,Final Compliance Sign-off,M.Khan,2026-05-21 06:13:00,15,14,False,None,High
1014,LN-2026067,SOP-LU-001,13,Final Approval & Booking,N.Bose,2026-05-21 06:34:00,10,9,False,None,Medium
1015,LN-2026067,SOP-LU-001,14,Disbursement Instruction,P.Nair,2026-05-21 07:04:00,10,11,False,None,Medium
1016,LN-2026067,SOP-LU-001,15,Post-Disbursement Audit Tagging,S.Iyer,2026-05-21 07:19:00,5,5,False,None,Low
1017,LN-2026068,SOP-LU-001,1,Application Intake,M.Khan,2026-05-19 08:17:00,10,9,False,None,Low
1018,LN-2026068,SOP-LU-001,2,KYC & Identity Verification,S.Iyer,2026-05-19 08:44:00,20,13,False,None,High
1019,LN-2026068,SOP-LU-001,3,Credit Bureau Pull,R.Das,2026-05-19 09:12:00,15,11,False,None,Medium
1020,LN-2026068,SOP-LU-001,4,Income & Employment Verification,K.Menon,2026-05-19 09:52:00,25,27,False,None,Medium
1021,LN-2026068,SOP-LU-001,5,Debt-to-Income Calculation,T.Sharma,2026-05-19 10:20:00,10,11,False,None,Medium
1022,LN-2026068,SOP-LU-001,6,Collateral Valuation,P.Nair,2026-05-19 11:13:00,45,45,True,Approval Bypassed,High
1023,LN-2026068,SOP-LU-001,7,Fraud Risk Screening,J.Pillai,2026-05-19 12:00:00,15,37,True,Duration Overrun,High
1024,LN-2026068,SOP-LU-001,8,Automated Credit Scoring,K.Menon,2026-05-19 12:15:00,5,4,False,None,Medium
1025,LN-2026068,SOP-LU-001,9,Manual Underwriting Review,J.Pillai,2026-05-19 12:59:00,30,27,False,None,High
1026,LN-2026068,SOP-LU-001,10,Conditional Approval Decision,N.Bose,2026-05-19 13:34:00,15,16,False,None,Medium
1027,LN-2026068,SOP-LU-001,11,Document Stipulation Collection,P.Nair,2026-05-19 14:01:00,20,20,False,None,Low
1028,LN-2026068,SOP-LU-001,12,Final Compliance Sign-off,T.Sharma,2026-05-19 14:31:00,15,17,False,None,High
1029,LN-2026068,SOP-LU-001,13,Final Approval & Booking,A.Rao,2026-05-19 14:51:00,10,9,False,None,Medium
1030,LN-2026068,SOP-LU-001,14,Disbursement Instruction,P.Nair,2026-05-19 15:14:00,10,10,False,None,Medium
1031,LN-2026068,SOP-LU-001,15,Post-Disbursement Audit Tagging,K.Menon,2026-05-19 15:28:00,5,6,False,None,Low
1032,LN-2026069,SOP-LU-001,1,Application Intake,J.Pillai,2026-05-19 23:21:00,10,8,False,None,Low
1033,LN-2026069,SOP-LU-001,2,KYC & Identity Verification,M.Khan,2026-05-19 23:49:00,20,15,False,None,High
1034,LN-2026069,SOP-LU-001,3,Credit Bureau Pull,N.Bose,2026-05-20 00:13:00,15,17,False,None,Medium
1035,LN-2026069,SOP-LU-001,4,Income & Employment Verification,R.Das,2026-05-20 00:58:00,25,28,False,None,Medium
1036,LN-2026069,SOP-LU-001,5,Debt-to-Income Calculation,N.Bose,2026-05-20 01:23:00,10,10,False,None,Medium
1037,LN-2026069,SOP-LU-001,6,Collateral Valuation,R.Das,2026-05-20 02:09:00,45,42,False,None,High
1038,LN-2026069,SOP-LU-001,7,Fraud Risk Screening,N.Bose,2026-05-20 02:26:00,15,16,False,None,High
1039,LN-2026069,SOP-LU-001,8,Automated Credit Scoring,V.Reddy,2026-05-20 02:48:00,5,3,False,None,Medium
1040,LN-2026069,SOP-LU-001,9,Manual Underwriting Review,V.Reddy,2026-05-20 03:29:00,30,26,True,Approval Bypassed,High
1041,LN-2026069,SOP-LU-001,10,Conditional Approval Decision,T.Sharma,2026-05-20 03:48:00,15,18,False,None,Medium
1042,LN-2026069,SOP-LU-001,11,Document Stipulation Collection,T.Sharma,2026-05-20 04:18:00,20,18,False,None,Low
1043,LN-2026069,SOP-LU-001,12,Final Compliance Sign-off,A.Rao,2026-05-20 04:39:00,15,14,False,None,High
1044,LN-2026069,SOP-LU-001,13,Final Approval & Booking,P.Nair,2026-05-20 04:50:00,10,9,False,None,Medium
1045,LN-2026069,SOP-LU-001,14,Disbursement Instruction,A.Rao,2026-05-20 05:03:00,10,11,False,None,Medium
1046,LN-2026069,SOP-LU-001,15,Post-Disbursement Audit Tagging,J.Pillai,2026-05-20 05:27:00,5,5,False,None,Low
1047,LN-2026070,SOP-LU-001,1,Application Intake,T.Sharma,2026-07-17 18:29:00,10,10,False,None,Low
1048,LN-2026070,SOP-LU-001,2,KYC & Identity Verification,J.Pillai,2026-07-17 19:05:00,20,27,False,None,High
1049,LN-2026070,SOP-LU-001,3,Credit Bureau Pull,V.Reddy,2026-07-17 19:28:00,15,17,False,None,Medium
1050,LN-2026070,SOP-LU-001,4,Income & Employment Verification,T.Sharma,2026-07-17 19:56:00,25,26,False,None,Medium
1051,LN-2026070,SOP-LU-001,5,Debt-to-Income Calculation,V.Reddy,2026-07-17 20:15:00,10,11,False,None,Medium
1052,LN-2026070,SOP-LU-001,6,Collateral Valuation,V.Reddy,2026-07-17 21:02:00,45,45,False,None,High
1053,LN-2026070,SOP-LU-001,7,Fraud Risk Screening,T.Sharma,2026-07-17 21:19:00,15,14,False,None,High
1054,LN-2026070,SOP-LU-001,8,Automated Credit Scoring,N.Bose,2026-07-17 21:34:00,5,4,False,None,Medium
1055,LN-2026070,SOP-LU-001,9,Manual Underwriting Review,N.Bose,2026-07-17 22:21:00,30,42,False,None,High
1056,LN-2026070,SOP-LU-001,10,Conditional Approval Decision,A.Rao,2026-07-17 22:51:00,15,13,False,None,Medium
1057,LN-2026070,SOP-LU-001,11,Document Stipulation Collection,K.Menon,2026-07-17 23:16:00,20,19,False,None,Low
1058,LN-2026070,SOP-LU-001,12,Final Compliance Sign-off,A.Rao,2026-07-17 23:38:00,15,11,False,None,High
1059,LN-2026070,SOP-LU-001,13,Final Approval & Booking,M.Khan,2026-07-17 23:59:00,10,12,False,None,Medium
1060,LN-2026070,SOP-LU-001,14,Disbursement Instruction,P.Nair,2026-07-18 00:13:00,10,8,True,Approval Bypassed,Medium
1061,LN-2026070,SOP-LU-001,15,Post-Disbursement Audit Tagging,A.Rao,2026-07-18 00:19:00,5,4,True,Order Swapped,Low
1062,LN-2026071,SOP-LU-001,1,Application Intake,J.Pillai,2026-07-15 23:15:00,10,12,True,Approval Bypassed,Low
1063,LN-2026071,SOP-LU-001,2,KYC & Identity Verification,V.Reddy,2026-07-15 23:50:00,20,26,False,None,High
1064,LN-2026071,SOP-LU-001,3,Credit Bureau Pull,N.Bose,2026-07-16 00:09:00,15,11,True,Documentation Missing,Medium
1065,LN-2026071,SOP-LU-001,4,Income & Employment Verification,A.Rao,2026-07-16 00:33:00,25,23,False,None,Medium
1066,LN-2026071,SOP-LU-001,5,Debt-to-Income Calculation,R.Das,2026-07-16 00:49:00,10,9,False,None,Medium
1067,LN-2026071,SOP-LU-001,6,Collateral Valuation,R.Das,2026-07-16 01:32:00,45,36,False,None,High
1068,LN-2026071,SOP-LU-001,7,Fraud Risk Screening,M.Khan,2026-07-16 01:51:00,15,15,True,Tool Substitution,High
1069,LN-2026071,SOP-LU-001,8,Automated Credit Scoring,S.Iyer,2026-07-16 02:05:00,5,4,False,None,Medium
1070,LN-2026071,SOP-LU-001,9,Manual Underwriting Review,N.Bose,2026-07-16 02:54:00,30,31,True,Step Skipped,High
1071,LN-2026071,SOP-LU-001,10,Conditional Approval Decision,P.Nair,2026-07-16 03:16:00,15,11,False,None,Medium
1072,LN-2026071,SOP-LU-001,11,Document Stipulation Collection,R.Das,2026-07-16 03:56:00,20,23,False,None,Low
1073,LN-2026071,SOP-LU-001,12,Final Compliance Sign-off,R.Das,2026-07-16 04:25:00,15,17,False,None,High
1074,LN-2026071,SOP-LU-001,13,Final Approval & Booking,K.Menon,2026-07-16 04:41:00,10,10,False,None,Medium
1075,LN-2026071,SOP-LU-001,14,Disbursement Instruction,M.Khan,2026-07-16 05:06:00,10,12,False,None,Medium
1076,LN-2026071,SOP-LU-001,15,Post-Disbursement Audit Tagging,P.Nair,2026-07-16 05:28:00,5,4,False,None,Low
1077,LN-2026072,SOP-LU-001,1,Application Intake,K.Menon,2026-06-28 07:23:00,10,10,False,None,Low
1078,LN-2026072,SOP-LU-001,2,KYC & Identity Verification,A.Rao,2026-06-28 07:48:00,20,21,False,None,High
1079,LN-2026072,SOP-LU-001,3,Credit Bureau Pull,M.Khan,2026-06-28 08:44:00,15,46,True,Duration Overrun,Medium
1080,LN-2026072,SOP-LU-001,4,Income & Employment Verification,A.Rao,2026-06-28 09:27:00,25,24,False,None,Medium
1081,LN-2026072,SOP-LU-001,5,Debt-to-Income Calculation,S.Iyer,2026-06-28 09:39:00,10,7,False,None,Medium
1082,LN-2026072,SOP-LU-001,6,Collateral Valuation,M.Khan,2026-06-28 10:26:00,45,42,True,Tool Substitution,High
1083,LN-2026072,SOP-LU-001,7,Fraud Risk Screening,T.Sharma,2026-06-28 10:46:00,15,14,False,None,High
1084,LN-2026072,SOP-LU-001,8,Automated Credit Scoring,K.Menon,2026-06-28 10:55:00,5,5,False,None,Medium
1085,LN-2026072,SOP-LU-001,9,Manual Underwriting Review,A.Rao,2026-06-28 11:38:00,30,30,False,None,High
1086,LN-2026072,SOP-LU-001,10,Conditional Approval Decision,J.Pillai,2026-06-28 12:08:00,15,15,False,None,Medium
1087,LN-2026072,SOP-LU-001,11,Document Stipulation Collection,A.Rao,2026-06-28 12:40:00,20,19,False,None,Low
1088,LN-2026072,SOP-LU-001,12,Final Compliance Sign-off,R.Das,2026-06-28 12:57:00,15,15,False,None,High
1089,LN-2026072,SOP-LU-001,13,Final Approval & Booking,J.Pillai,2026-06-28 13:25:00,10,9,False,None,Medium
1090,LN-2026072,SOP-LU-001,14,Disbursement Instruction,S.Iyer,2026-06-28 13:36:00,10,8,False,None,Medium
1091,LN-2026072,SOP-LU-001,15,Post-Disbursement Audit Tagging,T.Sharma,2026-06-28 13:59:00,5,4,False,None,Low
1092,LN-2026073,SOP-LU-001,2,KYC & Identity Verification,M.Khan,2026-06-01 17:34:00,20,17,False,None,High
1093,LN-2026073,SOP-LU-001,3,Credit Bureau Pull,R.Das,2026-06-01 18:05:00,15,19,False,None,Medium
1094,LN-2026073,SOP-LU-001,4,Income & Employment Verification,P.Nair,2026-06-01 18:41:00,25,25,False,None,Medium
1095,LN-2026073,SOP-LU-001,5,Debt-to-Income Calculation,M.Khan,2026-06-01 18:51:00,10,7,False,None,Medium
1096,LN-2026073,SOP-LU-001,6,Collateral Valuation,N.Bose,2026-06-01 19:54:00,45,50,False,None,High
1097,LN-2026073,SOP-LU-001,7,Fraud Risk Screening,S.Iyer,2026-06-01 20:27:00,15,14,False,None,High
1098,LN-2026073,SOP-LU-001,8,Automated Credit Scoring,K.Menon,2026-06-01 20:50:00,5,6,False,None,Medium
1099,LN-2026073,SOP-LU-001,9,Manual Underwriting Review,T.Sharma,2026-06-01 21:34:00,30,25,False,None,High
1100,LN-2026073,SOP-LU-001,10,Conditional Approval Decision,P.Nair,2026-06-01 22:10:00,15,28,True,Duration Overrun,Medium
1101,LN-2026073,SOP-LU-001,11,Document Stipulation Collection,T.Sharma,2026-06-01 22:33:00,20,19,False,None,Low
1102,LN-2026073,SOP-LU-001,12,Final Compliance Sign-off,J.Pillai,2026-06-01 23:05:00,15,13,False,None,High
1103,LN-2026073,SOP-LU-001,13,Final Approval & Booking,M.Khan,2026-06-01 23:17:00,10,10,False,None,Medium
1104,LN-2026073,SOP-LU-001,14,Disbursement Instruction,T.Sharma,2026-06-01 23:36:00,10,8,False,None,Medium
1105,LN-2026073,SOP-LU-001,15,Post-Disbursement Audit Tagging,V.Reddy,2026-06-01 23:53:00,5,6,True,Extra Manual Step Added,Low
1106,LN-2026074,SOP-LU-001,1,Application Intake,M.Khan,2026-07-02 22:11:00,10,6,False,None,Low
1107,LN-2026074,SOP-LU-001,2,KYC & Identity Verification,J.Pillai,2026-07-02 22:43:00,20,18,False,None,High
1108,LN-2026074,SOP-LU-001,3,Credit Bureau Pull,K.Menon,2026-07-02 23:11:00,15,16,False,None,Medium
1109,LN-2026074,SOP-LU-001,4,Income & Employment Verification,R.Das,2026-07-02 23:38:00,25,21,False,None,Medium
1110,LN-2026074,SOP-LU-001,5,Debt-to-Income Calculation,K.Menon,2026-07-02 23:52:00,10,10,False,None,Medium
1111,LN-2026074,SOP-LU-001,6,Collateral Valuation,M.Khan,2026-07-03 00:45:00,45,38,True,Order Swapped,High
1112,LN-2026074,SOP-LU-001,7,Fraud Risk Screening,S.Iyer,2026-07-03 01:09:00,15,13,False,None,High
1113,LN-2026074,SOP-LU-001,8,Automated Credit Scoring,T.Sharma,2026-07-03 01:30:00,5,4,False,None,Medium
1114,LN-2026074,SOP-LU-001,9,Manual Underwriting Review,K.Menon,2026-07-03 02:22:00,30,33,False,None,High
1115,LN-2026074,SOP-LU-001,10,Conditional Approval Decision,V.Reddy,2026-07-03 02:59:00,15,22,True,Extra Manual Step Added,Medium
1116,LN-2026074,SOP-LU-001,11,Document Stipulation Collection,R.Das,2026-07-03 03:36:00,20,22,False,None,Low
1117,LN-2026074,SOP-LU-001,12,Final Compliance Sign-off,S.Iyer,2026-07-03 04:08:00,15,16,True,Step Skipped,High
1118,LN-2026074,SOP-LU-001,13,Final Approval & Booking,N.Bose,2026-07-03 04:27:00,10,10,False,None,Medium
1119,LN-2026074,SOP-LU-001,14,Disbursement Instruction,M.Khan,2026-07-03 04:42:00,10,7,False,None,Medium
1120,LN-2026074,SOP-LU-001,15,Post-Disbursement Audit Tagging,T.Sharma,2026-07-03 05:06:00,5,5,True,Step Skipped,Low
1121,LN-2026075,SOP-LU-001,1,Application Intake,M.Khan,2026-06-26 02:24:00,10,10,False,None,Low
1122,LN-2026075,SOP-LU-001,2,KYC & Identity Verification,M.Khan,2026-06-26 03:19:00,20,39,True,Duration Overrun,High
1123,LN-2026075,SOP-LU-001,3,Credit Bureau Pull,N.Bose,2026-06-26 03:55:00,15,20,False,None,Medium
1124,LN-2026075,SOP-LU-001,4,Income & Employment Verification,P.Nair,2026-06-26 04:33:00,25,26,False,None,Medium
1125,LN-2026075,SOP-LU-001,5,Debt-to-Income Calculation,S.Iyer,2026-06-26 04:57:00,10,9,False,None,Medium
1126,LN-2026075,SOP-LU-001,6,Collateral Valuation,S.Iyer,2026-06-26 05:50:00,45,50,False,None,High
1127,LN-2026075,SOP-LU-001,7,Fraud Risk Screening,R.Das,2026-06-26 06:10:00,15,19,True,Extra Manual Step Added,High
1128,LN-2026075,SOP-LU-001,8,Automated Credit Scoring,K.Menon,2026-06-26 06:19:00,5,5,False,None,Medium
1129,LN-2026075,SOP-LU-001,9,Manual Underwriting Review,R.Das,2026-06-26 06:56:00,30,32,False,None,High
1130,LN-2026075,SOP-LU-001,10,Conditional Approval Decision,V.Reddy,2026-06-26 07:25:00,15,16,False,None,Medium
1131,LN-2026075,SOP-LU-001,11,Document Stipulation Collection,T.Sharma,2026-06-26 07:56:00,20,22,False,None,Low
1132,LN-2026075,SOP-LU-001,12,Final Compliance Sign-off,P.Nair,2026-06-26 08:13:00,15,16,False,None,High
1133,LN-2026075,SOP-LU-001,13,Final Approval & Booking,V.Reddy,2026-06-26 08:31:00,10,10,False,None,Medium
1134,LN-2026075,SOP-LU-001,14,Disbursement Instruction,P.Nair,2026-06-26 08:51:00,10,11,False,None,Medium
1135,LN-2026075,SOP-LU-001,15,Post-Disbursement Audit Tagging,S.Iyer,2026-06-26 08:59:00,5,4,False,None,Low
1136,LN-2026076,SOP-LU-001,1,Application Intake,J.Pillai,2026-05-18 05:17:00,10,11,False,None,Low
1137,LN-2026076,SOP-LU-001,2,KYC & Identity Verification,T.Sharma,2026-05-18 05:52:00,20,21,False,None,High
1138,LN-2026076,SOP-LU-001,3,Credit Bureau Pull,M.Khan,2026-05-18 06:15:00,15,10,False,None,Medium
1139,LN-2026076,SOP-LU-001,4,Income & Employment Verification,J.Pillai,2026-05-18 06:56:00,25,25,False,None,Medium
1140,LN-2026076,SOP-LU-001,5,Debt-to-Income Calculation,J.Pillai,2026-05-18 07:29:00,10,16,True,Extra Manual Step Added,Medium
1141,LN-2026076,SOP-LU-001,6,Collateral Valuation,P.Nair,2026-05-18 08:39:00,45,54,False,None,High
1142,LN-2026076,SOP-LU-001,7,Fraud Risk Screening,S.Iyer,2026-05-18 09:00:00,15,15,False,None,High
1143,LN-2026076,SOP-LU-001,8,Automated Credit Scoring,T.Sharma,2026-05-18 09:05:00,5,3,False,None,Medium
1144,LN-2026076,SOP-LU-001,9,Manual Underwriting Review,V.Reddy,2026-05-18 09:38:00,30,26,False,None,High
1145,LN-2026076,SOP-LU-001,10,Conditional Approval Decision,P.Nair,2026-05-18 09:56:00,15,11,False,None,Medium
1146,LN-2026076,SOP-LU-001,11,Document Stipulation Collection,R.Das,2026-05-18 10:20:00,20,17,False,None,Low
1147,LN-2026076,SOP-LU-001,12,Final Compliance Sign-off,M.Khan,2026-05-18 10:49:00,15,16,False,None,High
1148,LN-2026076,SOP-LU-001,13,Final Approval & Booking,J.Pillai,2026-05-18 11:16:00,10,8,False,None,Medium
1149,LN-2026076,SOP-LU-001,14,Disbursement Instruction,N.Bose,2026-05-18 11:45:00,10,12,False,None,Medium
1150,LN-2026076,SOP-LU-001,15,Post-Disbursement Audit Tagging,N.Bose,2026-05-18 11:59:00,5,4,False,None,Low
1151,LN-2026077,SOP-LU-001,1,Application Intake,V.Reddy,2026-07-01 15:31:00,10,13,False,None,Low
1152,LN-2026077,SOP-LU-001,2,KYC & Identity Verification,K.Menon,2026-07-01 16:07:00,20,22,False,None,High
1153,LN-2026077,SOP-LU-001,3,Credit Bureau Pull,M.Khan,2026-07-01 16:33:00,15,11,False,None,Medium
1154,LN-2026077,SOP-LU-001,4,Income & Employment Verification,S.Iyer,2026-07-01 17:01:00,25,24,False,None,Medium
1155,LN-2026077,SOP-LU-001,5,Debt-to-Income Calculation,P.Nair,2026-07-01 17:29:00,10,10,False,None,Medium
1156,LN-2026077,SOP-LU-001,6,Collateral Valuation,S.Iyer,2026-07-01 18:22:00,45,41,False,None,High
1157,LN-2026077,SOP-LU-001,7,Fraud Risk Screening,M.Khan,2026-07-01 18:50:00,15,10,False,None,High
1158,LN-2026077,SOP-LU-001,8,Automated Credit Scoring,V.Reddy,2026-07-01 18:56:00,5,4,True,Documentation Missing,Medium
1159,LN-2026077,SOP-LU-001,9,Manual Underwriting Review,N.Bose,2026-07-01 19:38:00,30,25,False,None,High
1160,LN-2026077,SOP-LU-001,10,Conditional Approval Decision,M.Khan,2026-07-01 20:10:00,15,17,False,None,Medium
1161,LN-2026077,SOP-LU-001,11,Document Stipulation Collection,T.Sharma,2026-07-01 20:38:00,20,22,False,None,Low
1162,LN-2026077,SOP-LU-001,12,Final Compliance Sign-off,N.Bose,2026-07-01 21:12:00,15,17,False,None,High
1163,LN-2026077,SOP-LU-001,13,Final Approval & Booking,K.Menon,2026-07-01 21:31:00,10,8,False,None,Medium
1164,LN-2026077,SOP-LU-001,14,Disbursement Instruction,T.Sharma,2026-07-01 21:43:00,10,11,True,Order Swapped,Medium
1165,LN-2026078,SOP-LU-001,1,Application Intake,M.Khan,2026-07-08 10:23:00,10,11,False,None,Low
1166,LN-2026078,SOP-LU-001,2,KYC & Identity Verification,T.Sharma,2026-07-08 10:45:00,20,18,False,None,High
1167,LN-2026078,SOP-LU-001,3,Credit Bureau Pull,M.Khan,2026-07-08 11:13:00,15,15,False,None,Medium
1168,LN-2026078,SOP-LU-001,4,Income & Employment Verification,R.Das,2026-07-08 11:57:00,25,25,True,Step Skipped,Medium
1169,LN-2026078,SOP-LU-001,5,Debt-to-Income Calculation,N.Bose,2026-07-08 12:18:00,10,9,False,None,Medium
1170,LN-2026078,SOP-LU-001,6,Collateral Valuation,J.Pillai,2026-07-08 13:27:00,45,50,False,None,High
1171,LN-2026078,SOP-LU-001,7,Fraud Risk Screening,T.Sharma,2026-07-08 13:43:00,15,15,False,None,High
1172,LN-2026078,SOP-LU-001,8,Automated Credit Scoring,J.Pillai,2026-07-08 13:57:00,5,4,False,None,Medium
1173,LN-2026078,SOP-LU-001,9,Manual Underwriting Review,S.Iyer,2026-07-08 14:36:00,30,28,False,None,High
1174,LN-2026078,SOP-LU-001,10,Conditional Approval Decision,A.Rao,2026-07-08 15:02:00,15,13,False,None,Medium
1175,LN-2026078,SOP-LU-001,11,Document Stipulation Collection,R.Das,2026-07-08 15:31:00,20,18,False,None,Low
1176,LN-2026078,SOP-LU-001,12,Final Compliance Sign-off,K.Menon,2026-07-08 16:01:00,15,13,False,None,High
1177,LN-2026078,SOP-LU-001,13,Final Approval & Booking,S.Iyer,2026-07-08 16:20:00,10,10,True,Approval Bypassed,Medium
1178,LN-2026078,SOP-LU-001,14,Disbursement Instruction,T.Sharma,2026-07-08 16:49:00,10,10,False,None,Medium
1179,LN-2026078,SOP-LU-001,15,Post-Disbursement Audit Tagging,P.Nair,2026-07-08 17:00:00,5,4,False,None,Low
1180,LN-2026079,SOP-LU-001,1,Application Intake,V.Reddy,2026-06-12 15:17:00,10,8,True,Approval Bypassed,Low
1181,LN-2026079,SOP-LU-001,2,KYC & Identity Verification,R.Das,2026-06-12 15:48:00,20,17,False,None,High
1182,LN-2026079,SOP-LU-001,3,Credit Bureau Pull,K.Menon,2026-06-12 16:05:00,15,14,True,Approval Bypassed,Medium
1183,LN-2026079,SOP-LU-001,4,Income & Employment Verification,K.Menon,2026-06-12 17:05:00,25,42,True,Extra Manual Step Added,Medium
1184,LN-2026079,SOP-LU-001,5,Debt-to-Income Calculation,S.Iyer,2026-06-12 17:19:00,10,9,False,None,Medium
1185,LN-2026079,SOP-LU-001,6,Collateral Valuation,P.Nair,2026-06-12 18:22:00,45,47,False,None,High
1186,LN-2026079,SOP-LU-001,7,Fraud Risk Screening,N.Bose,2026-06-12 18:46:00,15,15,False,None,High
1187,LN-2026079,SOP-LU-001,8,Automated Credit Scoring,N.Bose,2026-06-12 18:51:00,5,4,False,None,Medium
1188,LN-2026079,SOP-LU-001,9,Manual Underwriting Review,V.Reddy,2026-06-12 19:34:00,30,39,False,None,High
1189,LN-2026079,SOP-LU-001,10,Conditional Approval Decision,M.Khan,2026-06-12 19:53:00,15,17,False,None,Medium
1190,LN-2026079,SOP-LU-001,11,Document Stipulation Collection,S.Iyer,2026-06-12 20:26:00,20,24,False,None,Low
1191,LN-2026079,SOP-LU-001,12,Final Compliance Sign-off,M.Khan,2026-06-12 20:59:00,15,15,False,None,High
1192,LN-2026079,SOP-LU-001,13,Final Approval & Booking,J.Pillai,2026-06-12 21:10:00,10,8,False,None,Medium
1193,LN-2026079,SOP-LU-001,14,Disbursement Instruction,V.Reddy,2026-06-12 21:29:00,10,11,False,None,Medium
1194,LN-2026079,SOP-LU-001,15,Post-Disbursement Audit Tagging,M.Khan,2026-06-12 21:33:00,5,3,False,None,Low
1195,LN-2026080,SOP-LU-001,2,KYC & Identity Verification,K.Menon,2026-05-15 19:33:00,20,23,False,None,High
1196,LN-2026080,SOP-LU-001,3,Credit Bureau Pull,N.Bose,2026-05-15 20:01:00,15,16,False,None,Medium
1197,LN-2026080,SOP-LU-001,4,Income & Employment Verification,T.Sharma,2026-05-15 20:40:00,25,26,False,None,Medium
1198,LN-2026080,SOP-LU-001,5,Debt-to-Income Calculation,K.Menon,2026-05-15 20:54:00,10,9,False,None,Medium
1199,LN-2026080,SOP-LU-001,6,Collateral Valuation,V.Reddy,2026-05-15 21:43:00,45,46,False,None,High
1200,LN-2026080,SOP-LU-001,7,Fraud Risk Screening,T.Sharma,2026-05-15 22:01:00,15,15,False,None,High
1201,LN-2026080,SOP-LU-001,8,Automated Credit Scoring,J.Pillai,2026-05-15 22:17:00,5,5,False,None,Medium
1202,LN-2026080,SOP-LU-001,9,Manual Underwriting Review,K.Menon,2026-05-15 22:40:00,30,19,False,None,High
1203,LN-2026080,SOP-LU-001,10,Conditional Approval Decision,V.Reddy,2026-05-15 22:55:00,15,14,False,None,Medium
1204,LN-2026080,SOP-LU-001,11,Document Stipulation Collection,R.Das,2026-05-15 23:29:00,20,18,False,None,Low
1205,LN-2026080,SOP-LU-001,12,Final Compliance Sign-off,J.Pillai,2026-05-15 23:56:00,15,15,False,None,High
1206,LN-2026080,SOP-LU-001,13,Final Approval & Booking,T.Sharma,2026-05-16 00:18:00,10,12,True,Order Swapped,Medium
1207,LN-2026080,SOP-LU-001,14,Disbursement Instruction,K.Menon,2026-05-16 00:37:00,10,13,True,Extra Manual Step Added,Medium
1208,LN-2026080,SOP-LU-001,15,Post-Disbursement Audit Tagging,S.Iyer,2026-05-16 00:49:00,5,5,False,None,Low
1209,LN-2026081,SOP-LU-001,1,Application Intake,M.Khan,2026-07-13 07:36:00,10,24,True,Duration Overrun,Low
1210,LN-2026081,SOP-LU-001,2,KYC & Identity Verification,N.Bose,2026-07-13 08:09:00,20,17,False,None,High
1211,LN-2026081,SOP-LU-001,3,Credit Bureau Pull,S.Iyer,2026-07-13 08:41:00,15,19,False,None,Medium
1212,LN-2026081,SOP-LU-001,4,Income & Employment Verification,V.Reddy,2026-07-13 09:15:00,25,27,False,None,Medium
1213,LN-2026081,SOP-LU-001,5,Debt-to-Income Calculation,S.Iyer,2026-07-13 09:36:00,10,10,False,None,Medium
1214,LN-2026081,SOP-LU-001,6,Collateral Valuation,V.Reddy,2026-07-13 10:34:00,45,50,False,None,High
1215,LN-2026081,SOP-LU-001,7,Fraud Risk Screening,T.Sharma,2026-07-13 10:58:00,15,16,False,None,High
1216,LN-2026081,SOP-LU-001,8,Automated Credit Scoring,V.Reddy,2026-07-13 11:16:00,5,5,False,None,Medium
1217,LN-2026081,SOP-LU-001,9,Manual Underwriting Review,M.Khan,2026-07-13 11:41:00,30,22,True,Tool Substitution,High
1218,LN-2026081,SOP-LU-001,10,Conditional Approval Decision,N.Bose,2026-07-13 12:03:00,15,13,False,None,Medium
1219,LN-2026081,SOP-LU-001,11,Document Stipulation Collection,M.Khan,2026-07-13 12:36:00,20,20,False,None,Low
1220,LN-2026081,SOP-LU-001,12,Final Compliance Sign-off,M.Khan,2026-07-13 13:07:00,15,16,False,None,High
1221,LN-2026081,SOP-LU-001,13,Final Approval & Booking,V.Reddy,2026-07-13 13:21:00,10,10,False,None,Medium
1222,LN-2026081,SOP-LU-001,14,Disbursement Instruction,K.Menon,2026-07-13 13:38:00,10,9,False,None,Medium
1223,LN-2026081,SOP-LU-001,15,Post-Disbursement Audit Tagging,P.Nair,2026-07-13 13:58:00,5,5,False,None,Low
1224,LN-2026082,SOP-LU-001,1,Application Intake,S.Iyer,2026-05-12 13:19:00,10,10,False,None,Low
1225,LN-2026082,SOP-LU-001,2,KYC & Identity Verification,J.Pillai,2026-05-12 13:47:00,20,21,False,None,High
1226,LN-2026082,SOP-LU-001,3,Credit Bureau Pull,V.Reddy,2026-05-12 14:10:00,15,13,False,None,Medium
1227,LN-2026082,SOP-LU-001,4,Income & Employment Verification,K.Menon,2026-05-12 14:43:00,25,20,False,None,Medium
1228,LN-2026082,SOP-LU-001,5,Debt-to-Income Calculation,R.Das,2026-05-12 14:59:00,10,8,False,None,Medium
1229,LN-2026082,SOP-LU-001,6,Collateral Valuation,T.Sharma,2026-05-12 15:46:00,45,36,False,None,High
1230,LN-2026082,SOP-LU-001,7,Fraud Risk Screening,A.Rao,2026-05-12 16:15:00,15,18,False,None,High
1231,LN-2026082,SOP-LU-001,8,Automated Credit Scoring,V.Reddy,2026-05-12 16:35:00,5,5,False,None,Medium
1232,LN-2026082,SOP-LU-001,9,Manual Underwriting Review,M.Khan,2026-05-12 17:09:00,30,25,False,None,High
1233,LN-2026082,SOP-LU-001,10,Conditional Approval Decision,P.Nair,2026-05-12 17:44:00,15,17,True,Tool Substitution,Medium
1234,LN-2026082,SOP-LU-001,11,Document Stipulation Collection,A.Rao,2026-05-12 18:12:00,20,23,False,None,Low
1235,LN-2026082,SOP-LU-001,12,Final Compliance Sign-off,T.Sharma,2026-05-12 18:24:00,15,11,False,None,High
1236,LN-2026082,SOP-LU-001,13,Final Approval & Booking,K.Menon,2026-05-12 18:51:00,10,9,False,None,Medium
1237,LN-2026082,SOP-LU-001,14,Disbursement Instruction,K.Menon,2026-05-12 19:16:00,10,11,False,None,Medium
1238,LN-2026082,SOP-LU-001,15,Post-Disbursement Audit Tagging,P.Nair,2026-05-12 19:25:00,5,4,False,None,Low
1239,LN-2026083,SOP-LU-001,1,Application Intake,J.Pillai,2026-08-03 01:11:00,10,8,False,None,Low
1240,LN-2026083,SOP-LU-001,2,KYC & Identity Verification,S.Iyer,2026-08-03 01:37:00,20,20,False,None,High
1241,LN-2026083,SOP-LU-001,3,Credit Bureau Pull,P.Nair,2026-08-03 01:59:00,15,11,False,None,Medium
1242,LN-2026083,SOP-LU-001,4,Income & Employment Verification,A.Rao,2026-08-03 02:35:00,25,24,False,None,Medium
1243,LN-2026083,SOP-LU-001,5,Debt-to-Income Calculation,N.Bose,2026-08-03 02:57:00,10,10,False,None,Medium
1244,LN-2026083,SOP-LU-001,6,Collateral Valuation,N.Bose,2026-08-03 03:50:00,45,47,False,None,High
1245,LN-2026083,SOP-LU-001,7,Fraud Risk Screening,R.Das,2026-08-03 04:21:00,15,15,False,None,High
1246,LN-2026083,SOP-LU-001,8,Automated Credit Scoring,R.Das,2026-08-03 04:37:00,5,4,False,None,Medium
1247,LN-2026083,SOP-LU-001,9,Manual Underwriting Review,N.Bose,2026-08-03 05:24:00,30,28,False,None,High
1248,LN-2026083,SOP-LU-001,10,Conditional Approval Decision,K.Menon,2026-08-03 05:41:00,15,11,False,None,Medium
1249,LN-2026083,SOP-LU-001,11,Document Stipulation Collection,M.Khan,2026-08-03 06:05:00,20,20,True,Tool Substitution,Low
1250,LN-2026083,SOP-LU-001,12,Final Compliance Sign-off,R.Das,2026-08-03 06:32:00,15,15,False,None,High
1251,LN-2026083,SOP-LU-001,13,Final Approval & Booking,S.Iyer,2026-08-03 06:50:00,10,10,False,None,Medium
1252,LN-2026083,SOP-LU-001,14,Disbursement Instruction,S.Iyer,2026-08-03 07:13:00,10,10,False,None,Medium
1253,LN-2026083,SOP-LU-001,15,Post-Disbursement Audit Tagging,T.Sharma,2026-08-03 07:22:00,5,5,False,None,Low
1254,LN-2026084,SOP-LU-001,1,Application Intake,V.Reddy,2026-05-21 14:11:00,10,10,False,None,Low
1255,LN-2026084,SOP-LU-001,2,KYC & Identity Verification,R.Das,2026-05-21 14:53:00,20,24,True,Approval Bypassed,High
1256,LN-2026084,SOP-LU-001,3,Credit Bureau Pull,M.Khan,2026-05-21 15:19:00,15,14,False,None,Medium
1257,LN-2026084,SOP-LU-001,4,Income & Employment Verification,K.Menon,2026-05-21 15:56:00,25,27,False,None,Medium
1258,LN-2026084,SOP-LU-001,5,Debt-to-Income Calculation,R.Das,2026-05-21 16:16:00,10,9,False,None,Medium
1259,LN-2026084,SOP-LU-001,6,Collateral Valuation,T.Sharma,2026-05-21 17:17:00,45,45,False,None,High
1260,LN-2026084,SOP-LU-001,7,Fraud Risk Screening,V.Reddy,2026-05-21 17:34:00,15,12,False,None,High
1261,LN-2026084,SOP-LU-001,8,Automated Credit Scoring,A.Rao,2026-05-21 17:50:00,5,4,False,None,Medium
1262,LN-2026084,SOP-LU-001,9,Manual Underwriting Review,K.Menon,2026-05-21 18:26:00,30,23,False,None,High
1263,LN-2026084,SOP-LU-001,10,Conditional Approval Decision,V.Reddy,2026-05-21 18:47:00,15,14,False,None,Medium
1264,LN-2026084,SOP-LU-001,11,Document Stipulation Collection,T.Sharma,2026-05-21 19:25:00,20,21,False,None,Low
1265,LN-2026084,SOP-LU-001,12,Final Compliance Sign-off,N.Bose,2026-05-21 19:41:00,15,13,False,None,High
1266,LN-2026084,SOP-LU-001,13,Final Approval & Booking,M.Khan,2026-05-21 19:54:00,10,10,False,None,Medium
1267,LN-2026084,SOP-LU-001,14,Disbursement Instruction,V.Reddy,2026-05-21 20:18:00,10,10,False,None,Medium
1268,LN-2026084,SOP-LU-001,15,Post-Disbursement Audit Tagging,R.Das,2026-05-21 20:40:00,5,5,False,None,Low
1269,LN-2026085,SOP-LU-001,1,Application Intake,V.Reddy,2026-05-12 09:08:00,10,7,False,None,Low
1270,LN-2026085,SOP-LU-001,2,KYC & Identity Verification,A.Rao,2026-05-12 09:50:00,20,24,False,None,High
1271,LN-2026085,SOP-LU-001,3,Credit Bureau Pull,V.Reddy,2026-05-12 10:11:00,15,16,True,Approval Bypassed,Medium
1272,LN-2026085,SOP-LU-001,4,Income & Employment Verification,S.Iyer,2026-05-12 10:39:00,25,27,True,Tool Substitution,Medium
1273,LN-2026085,SOP-LU-001,5,Debt-to-Income Calculation,A.Rao,2026-05-12 11:02:00,10,10,False,None,Medium
1274,LN-2026085,SOP-LU-001,6,Collateral Valuation,M.Khan,2026-05-12 11:54:00,45,43,False,None,High
1275,LN-2026085,SOP-LU-001,7,Fraud Risk Screening,S.Iyer,2026-05-12 12:20:00,15,15,False,None,High
1276,LN-2026085,SOP-LU-001,8,Automated Credit Scoring,R.Das,2026-05-12 12:44:00,5,5,False,None,Medium
1277,LN-2026085,SOP-LU-001,9,Manual Underwriting Review,K.Menon,2026-05-12 13:48:00,30,51,True,Extra Manual Step Added,High
1278,LN-2026085,SOP-LU-001,10,Conditional Approval Decision,R.Das,2026-05-12 14:08:00,15,13,False,None,Medium
1279,LN-2026085,SOP-LU-001,11,Document Stipulation Collection,S.Iyer,2026-05-12 14:31:00,20,19,True,Approval Bypassed,Low
1280,LN-2026085,SOP-LU-001,12,Final Compliance Sign-off,R.Das,2026-05-12 14:58:00,15,17,True,Approval Bypassed,High
1281,LN-2026085,SOP-LU-001,13,Final Approval & Booking,P.Nair,2026-05-12 15:21:00,10,10,False,None,Medium
1282,LN-2026085,SOP-LU-001,14,Disbursement Instruction,K.Menon,2026-05-12 15:40:00,10,11,False,None,Medium
1283,LN-2026085,SOP-LU-001,15,Post-Disbursement Audit Tagging,A.Rao,2026-05-12 15:51:00,5,4,False,None,Low
1284,LN-2026086,SOP-LU-001,1,Application Intake,N.Bose,2026-07-05 21:22:00,10,8,False,None,Low
1285,LN-2026086,SOP-LU-001,2,KYC & Identity Verification,A.Rao,2026-07-05 21:45:00,20,20,False,None,High
1286,LN-2026086,SOP-LU-001,3,Credit Bureau Pull,K.Menon,2026-07-05 22:13:00,15,20,True,Extra Manual Step Added,Medium
1287,LN-2026086,SOP-LU-001,4,Income & Employment Verification,M.Khan,2026-07-05 22:39:00,25,22,False,None,Medium
1288,LN-2026086,SOP-LU-001,5,Debt-to-Income Calculation,V.Reddy,2026-07-05 22:53:00,10,11,False,None,Medium
1289,LN-2026086,SOP-LU-001,6,Collateral Valuation,K.Menon,2026-07-06 00:21:00,45,75,True,Duration Overrun,High
1290,LN-2026086,SOP-LU-001,7,Fraud Risk Screening,K.Menon,2026-07-06 00:43:00,15,17,False,None,High
1291,LN-2026086,SOP-LU-001,8,Automated Credit Scoring,R.Das,2026-07-06 00:56:00,5,7,True,Extra Manual Step Added,Medium
1292,LN-2026086,SOP-LU-001,9,Manual Underwriting Review,S.Iyer,2026-07-06 01:21:00,30,20,True,Tool Substitution,High
1293,LN-2026086,SOP-LU-001,10,Conditional Approval Decision,S.Iyer,2026-07-06 01:41:00,15,13,False,None,Medium
1294,LN-2026086,SOP-LU-001,11,Document Stipulation Collection,A.Rao,2026-07-06 02:08:00,20,21,True,Documentation Missing,Low
1295,LN-2026086,SOP-LU-001,12,Final Compliance Sign-off,S.Iyer,2026-07-06 02:41:00,15,14,False,None,High
1296,LN-2026086,SOP-LU-001,13,Final Approval & Booking,P.Nair,2026-07-06 03:05:00,10,9,False,None,Medium
1297,LN-2026086,SOP-LU-001,14,Disbursement Instruction,S.Iyer,2026-07-06 03:33:00,10,9,False,None,Medium
1298,LN-2026086,SOP-LU-001,15,Post-Disbursement Audit Tagging,J.Pillai,2026-07-06 03:41:00,5,4,False,None,Low
1299,LN-2026087,SOP-LU-001,1,Application Intake,S.Iyer,2026-07-22 20:15:00,10,10,True,Step Skipped,Low
1300,LN-2026087,SOP-LU-001,2,KYC & Identity Verification,J.Pillai,2026-07-22 20:55:00,20,24,False,None,High
1301,LN-2026087,SOP-LU-001,3,Credit Bureau Pull,T.Sharma,2026-07-22 21:24:00,15,13,False,None,Medium
1302,LN-2026087,SOP-LU-001,4,Income & Employment Verification,T.Sharma,2026-07-22 22:05:00,25,26,False,None,Medium
1303,LN-2026087,SOP-LU-001,5,Debt-to-Income Calculation,P.Nair,2026-07-22 22:22:00,10,9,False,None,Medium
1304,LN-2026087,SOP-LU-001,6,Collateral Valuation,K.Menon,2026-07-22 23:33:00,45,54,False,None,High
1305,LN-2026087,SOP-LU-001,7,Fraud Risk Screening,J.Pillai,2026-07-22 23:55:00,15,12,False,None,High
1306,LN-2026087,SOP-LU-001,8,Automated Credit Scoring,J.Pillai,2026-07-23 00:08:00,5,3,False,None,Medium
1307,LN-2026087,SOP-LU-001,9,Manual Underwriting Review,A.Rao,2026-07-23 00:40:00,30,22,False,None,High
1308,LN-2026087,SOP-LU-001,10,Conditional Approval Decision,R.Das,2026-07-23 01:12:00,15,15,False,None,Medium
1309,LN-2026087,SOP-LU-001,11,Document Stipulation Collection,J.Pillai,2026-07-23 01:32:00,20,15,False,None,Low
1310,LN-2026087,SOP-LU-001,12,Final Compliance Sign-off,M.Khan,2026-07-23 01:54:00,15,16,False,None,High
1311,LN-2026087,SOP-LU-001,13,Final Approval & Booking,A.Rao,2026-07-23 02:24:00,10,11,False,None,Medium
1312,LN-2026087,SOP-LU-001,14,Disbursement Instruction,P.Nair,2026-07-23 02:39:00,10,11,False,None,Medium
1313,LN-2026087,SOP-LU-001,15,Post-Disbursement Audit Tagging,K.Menon,2026-07-23 02:45:00,5,4,False,None,Low
1314,LN-2026088,SOP-LU-001,1,Application Intake,T.Sharma,2026-05-05 07:25:00,10,10,True,Step Skipped,Low
1315,LN-2026088,SOP-LU-001,2,KYC & Identity Verification,S.Iyer,2026-05-05 07:45:00,20,19,False,None,High
1316,LN-2026088,SOP-LU-001,3,Credit Bureau Pull,J.Pillai,2026-05-05 08:19:00,15,19,False,None,Medium
1317,LN-2026088,SOP-LU-001,4,Income & Employment Verification,N.Bose,2026-05-05 09:05:00,25,29,False,None,Medium
1318,LN-2026088,SOP-LU-001,5,Debt-to-Income Calculation,V.Reddy,2026-05-05 09:18:00,10,11,False,None,Medium
1319,LN-2026088,SOP-LU-001,6,Collateral Valuation,K.Menon,2026-05-05 10:12:00,45,41,False,None,High
1320,LN-2026088,SOP-LU-001,7,Fraud Risk Screening,A.Rao,2026-05-05 10:34:00,15,16,True,Step Skipped,High
1321,LN-2026088,SOP-LU-001,8,Automated Credit Scoring,A.Rao,2026-05-05 10:51:00,5,5,False,None,Medium
1322,LN-2026088,SOP-LU-001,9,Manual Underwriting Review,M.Khan,2026-05-05 11:40:00,30,33,False,None,High
1323,LN-2026088,SOP-LU-001,10,Conditional Approval Decision,N.Bose,2026-05-05 11:57:00,15,16,False,None,Medium
1324,LN-2026088,SOP-LU-001,11,Document Stipulation Collection,M.Khan,2026-05-05 12:34:00,20,20,False,None,Low
1325,LN-2026088,SOP-LU-001,12,Final Compliance Sign-off,K.Menon,2026-05-05 12:50:00,15,12,False,None,High
1326,LN-2026088,SOP-LU-001,13,Final Approval & Booking,N.Bose,2026-05-05 13:17:00,10,9,False,None,Medium
1327,LN-2026088,SOP-LU-001,14,Disbursement Instruction,R.Das,2026-05-05 13:28:00,10,10,False,None,Medium
1328,LN-2026088,SOP-LU-001,15,Post-Disbursement Audit Tagging,N.Bose,2026-05-05 13:46:00,5,4,True,Step Skipped,Low
1329,LN-2026089,SOP-LU-001,1,Application Intake,M.Khan,2026-05-29 01:35:00,10,16,True,Extra Manual Step Added,Low
1330,LN-2026089,SOP-LU-001,2,KYC & Identity Verification,K.Menon,2026-05-29 01:59:00,20,18,False,None,High
1331,LN-2026089,SOP-LU-001,3,Credit Bureau Pull,M.Khan,2026-05-29 02:34:00,15,16,False,None,Medium
1332,LN-2026089,SOP-LU-001,4,Income & Employment Verification,P.Nair,2026-05-29 03:00:00,25,25,False,None,Medium
1333,LN-2026089,SOP-LU-001,5,Debt-to-Income Calculation,M.Khan,2026-05-29 03:17:00,10,9,True,Step Skipped,Medium
1334,LN-2026089,SOP-LU-001,6,Collateral Valuation,J.Pillai,2026-05-29 04:01:00,45,31,True,Documentation Missing,High
1335,LN-2026089,SOP-LU-001,7,Fraud Risk Screening,S.Iyer,2026-05-29 04:20:00,15,15,True,Approval Bypassed,High
1336,LN-2026089,SOP-LU-001,8,Automated Credit Scoring,S.Iyer,2026-05-29 04:37:00,5,5,True,Approval Bypassed,Medium
1337,LN-2026089,SOP-LU-001,9,Manual Underwriting Review,S.Iyer,2026-05-29 05:29:00,30,33,False,None,High
1338,LN-2026089,SOP-LU-001,10,Conditional Approval Decision,T.Sharma,2026-05-29 05:48:00,15,14,False,None,Medium
1339,LN-2026089,SOP-LU-001,11,Document Stipulation Collection,R.Das,2026-05-29 06:10:00,20,19,False,None,Low
1340,LN-2026089,SOP-LU-001,12,Final Compliance Sign-off,R.Das,2026-05-29 06:41:00,15,13,True,Order Swapped,High
1341,LN-2026089,SOP-LU-001,13,Final Approval & Booking,K.Menon,2026-05-29 07:02:00,10,10,False,None,Medium
1342,LN-2026089,SOP-LU-001,14,Disbursement Instruction,A.Rao,2026-05-29 07:16:00,10,9,False,None,Medium
1343,LN-2026089,SOP-LU-001,15,Post-Disbursement Audit Tagging,M.Khan,2026-05-29 07:22:00,5,5,False,None,Low
1344,LN-2026090,SOP-LU-001,1,Application Intake,J.Pillai,2026-05-22 12:21:00,10,7,False,None,Low
1345,LN-2026090,SOP-LU-001,2,KYC & Identity Verification,V.Reddy,2026-05-22 12:37:00,20,15,False,None,High
1346,LN-2026090,SOP-LU-001,3,Credit Bureau Pull,T.Sharma,2026-05-22 13:11:00,15,16,False,None,Medium
1347,LN-2026090,SOP-LU-001,4,Income & Employment Verification,J.Pillai,2026-05-22 13:47:00,25,31,True,Tool Substitution,Medium
1348,LN-2026090,SOP-LU-001,5,Debt-to-Income Calculation,R.Das,2026-05-22 13:58:00,10,9,True,Order Swapped,Medium
1349,LN-2026090,SOP-LU-001,6,Collateral Valuation,J.Pillai,2026-05-22 14:40:00,45,41,False,None,High
1350,LN-2026090,SOP-LU-001,7,Fraud Risk Screening,K.Menon,2026-05-22 15:05:00,15,12,False,None,High
1351,LN-2026090,SOP-LU-001,8,Automated Credit Scoring,N.Bose,2026-05-22 15:24:00,5,5,False,None,Medium
1352,LN-2026090,SOP-LU-001,9,Manual Underwriting Review,A.Rao,2026-05-22 16:16:00,30,33,True,Tool Substitution,High
1353,LN-2026090,SOP-LU-001,10,Conditional Approval Decision,V.Reddy,2026-05-22 16:50:00,15,16,False,None,Medium
1354,LN-2026090,SOP-LU-001,11,Document Stipulation Collection,S.Iyer,2026-05-22 17:24:00,20,24,False,None,Low
1355,LN-2026090,SOP-LU-001,12,Final Compliance Sign-off,A.Rao,2026-05-22 17:41:00,15,15,False,None,High
1356,LN-2026090,SOP-LU-001,13,Final Approval & Booking,M.Khan,2026-05-22 17:56:00,10,9,False,None,Medium
1357,LN-2026090,SOP-LU-001,14,Disbursement Instruction,P.Nair,2026-05-22 18:15:00,10,10,False,None,Medium
1358,LN-2026090,SOP-LU-001,15,Post-Disbursement Audit Tagging,T.Sharma,2026-05-22 18:25:00,5,5,False,None,Low
1359,LN-2026091,SOP-LU-001,1,Application Intake,N.Bose,2026-07-02 03:19:00,10,7,False,None,Low
1360,LN-2026091,SOP-LU-001,2,KYC & Identity Verification,A.Rao,2026-07-02 03:43:00,20,17,False,None,High
1361,LN-2026091,SOP-LU-001,3,Credit Bureau Pull,N.Bose,2026-07-02 03:59:00,15,13,False,None,Medium
1362,LN-2026091,SOP-LU-001,4,Income & Employment Verification,M.Khan,2026-07-02 04:37:00,25,22,False,None,Medium
1363,LN-2026091,SOP-LU-001,5,Debt-to-Income Calculation,R.Das,2026-07-02 05:15:00,10,27,True,Duration Overrun,Medium
1364,LN-2026091,SOP-LU-001,6,Collateral Valuation,R.Das,2026-07-02 06:21:00,45,59,False,None,High
1365,LN-2026091,SOP-LU-001,7,Fraud Risk Screening,N.Bose,2026-07-02 06:47:00,15,14,False,None,High
1366,LN-2026091,SOP-LU-001,8,Automated Credit Scoring,T.Sharma,2026-07-02 07:10:00,5,4,False,None,Medium
1367,LN-2026091,SOP-LU-001,9,Manual Underwriting Review,J.Pillai,2026-07-02 07:48:00,30,36,False,None,High
1368,LN-2026091,SOP-LU-001,10,Conditional Approval Decision,J.Pillai,2026-07-02 08:08:00,15,17,False,None,Medium
1369,LN-2026091,SOP-LU-001,11,Document Stipulation Collection,T.Sharma,2026-07-02 08:40:00,20,23,False,None,Low
1370,LN-2026091,SOP-LU-001,12,Final Compliance Sign-off,V.Reddy,2026-07-02 08:51:00,15,10,False,None,High
1371,LN-2026091,SOP-LU-001,13,Final Approval & Booking,P.Nair,2026-07-02 09:06:00,10,11,False,None,Medium
1372,LN-2026091,SOP-LU-001,14,Disbursement Instruction,N.Bose,2026-07-02 09:20:00,10,12,False,None,Medium
1373,LN-2026091,SOP-LU-001,15,Post-Disbursement Audit Tagging,P.Nair,2026-07-02 09:28:00,5,4,False,None,Low
1374,LN-2026092,SOP-LU-001,1,Application Intake,T.Sharma,2026-05-26 09:23:00,10,10,True,Documentation Missing,Low
1375,LN-2026092,SOP-LU-001,2,KYC & Identity Verification,A.Rao,2026-05-26 09:46:00,20,19,False,None,High
1376,LN-2026092,SOP-LU-001,3,Credit Bureau Pull,A.Rao,2026-05-26 10:07:00,15,14,False,None,Medium
1377,LN-2026092,SOP-LU-001,4,Income & Employment Verification,M.Khan,2026-05-26 10:31:00,25,23,False,None,Medium
1378,LN-2026092,SOP-LU-001,5,Debt-to-Income Calculation,R.Das,2026-05-26 10:48:00,10,7,False,None,Medium
1379,LN-2026092,SOP-LU-001,6,Collateral Valuation,P.Nair,2026-05-26 11:50:00,45,52,True,Documentation Missing,High
1380,LN-2026092,SOP-LU-001,7,Fraud Risk Screening,A.Rao,2026-05-26 12:10:00,15,14,False,None,High
1381,LN-2026092,SOP-LU-001,8,Automated Credit Scoring,S.Iyer,2026-05-26 12:17:00,5,4,False,None,Medium
1382,LN-2026092,SOP-LU-001,9,Manual Underwriting Review,K.Menon,2026-05-26 13:01:00,30,29,False,None,High
1383,LN-2026092,SOP-LU-001,10,Conditional Approval Decision,N.Bose,2026-05-26 13:24:00,15,14,True,Order Swapped,Medium
1384,LN-2026092,SOP-LU-001,11,Document Stipulation Collection,T.Sharma,2026-05-26 13:58:00,20,15,False,None,Low
1385,LN-2026092,SOP-LU-001,12,Final Compliance Sign-off,K.Menon,2026-05-26 14:25:00,15,18,False,None,High
1386,LN-2026092,SOP-LU-001,13,Final Approval & Booking,N.Bose,2026-05-26 14:47:00,10,12,False,None,Medium
1387,LN-2026092,SOP-LU-001,14,Disbursement Instruction,M.Khan,2026-05-26 15:02:00,10,8,True,Tool Substitution,Medium
1388,LN-2026092,SOP-LU-001,15,Post-Disbursement Audit Tagging,A.Rao,2026-05-26 15:24:00,5,5,True,Documentation Missing,Low
1389,LN-2026093,SOP-LU-001,1,Application Intake,R.Das,2026-05-07 06:23:00,10,9,False,None,Low
1390,LN-2026093,SOP-LU-001,2,KYC & Identity Verification,M.Khan,2026-05-07 06:47:00,20,19,False,None,High
1391,LN-2026093,SOP-LU-001,3,Credit Bureau Pull,T.Sharma,2026-05-07 07:00:00,15,12,False,None,Medium
1392,LN-2026093,SOP-LU-001,4,Income & Employment Verification,R.Das,2026-05-07 07:28:00,25,17,False,None,Medium
1393,LN-2026093,SOP-LU-001,5,Debt-to-Income Calculation,P.Nair,2026-05-07 07:45:00,10,7,False,None,Medium
1394,LN-2026093,SOP-LU-001,6,Collateral Valuation,J.Pillai,2026-05-07 08:56:00,45,53,True,Tool Substitution,High
1395,LN-2026093,SOP-LU-001,7,Fraud Risk Screening,S.Iyer,2026-05-07 09:25:00,15,16,True,Step Skipped,High
1396,LN-2026093,SOP-LU-001,8,Automated Credit Scoring,T.Sharma,2026-05-07 09:44:00,5,5,False,None,Medium
1397,LN-2026093,SOP-LU-001,9,Manual Underwriting Review,N.Bose,2026-05-07 10:29:00,30,31,False,None,High
1398,LN-2026093,SOP-LU-001,10,Conditional Approval Decision,P.Nair,2026-05-07 10:46:00,15,9,False,None,Medium
1399,LN-2026093,SOP-LU-001,11,Document Stipulation Collection,V.Reddy,2026-05-07 11:14:00,20,19,False,None,Low
1400,LN-2026093,SOP-LU-001,12,Final Compliance Sign-off,K.Menon,2026-05-07 11:33:00,15,13,False,None,High
1401,LN-2026093,SOP-LU-001,13,Final Approval & Booking,R.Das,2026-05-07 11:43:00,10,9,True,Tool Substitution,Medium
1402,LN-2026093,SOP-LU-001,14,Disbursement Instruction,J.Pillai,2026-05-07 11:59:00,10,11,False,None,Medium
1403,LN-2026093,SOP-LU-001,15,Post-Disbursement Audit Tagging,T.Sharma,2026-05-07 12:06:00,5,5,True,Tool Substitution,Low
1404,LN-2026094,SOP-LU-001,1,Application Intake,M.Khan,2026-05-19 12:21:00,10,10,False,None,Low
1405,LN-2026094,SOP-LU-001,2,KYC & Identity Verification,R.Das,2026-05-19 12:52:00,20,23,False,None,High
1406,LN-2026094,SOP-LU-001,3,Credit Bureau Pull,S.Iyer,2026-05-19 13:11:00,15,15,False,None,Medium
1407,LN-2026094,SOP-LU-001,4,Income & Employment Verification,V.Reddy,2026-05-19 14:40:00,25,71,True,Duration Overrun,Medium
1408,LN-2026094,SOP-LU-001,5,Debt-to-Income Calculation,N.Bose,2026-05-19 14:52:00,10,10,False,None,Medium
1409,LN-2026094,SOP-LU-001,6,Collateral Valuation,V.Reddy,2026-05-19 16:00:00,45,55,False,None,High
1410,LN-2026094,SOP-LU-001,7,Fraud Risk Screening,S.Iyer,2026-05-19 16:19:00,15,15,True,Tool Substitution,High
1411,LN-2026094,SOP-LU-001,8,Automated Credit Scoring,P.Nair,2026-05-19 16:33:00,5,3,True,Step Skipped,Medium
1412,LN-2026094,SOP-LU-001,9,Manual Underwriting Review,M.Khan,2026-05-19 17:14:00,30,37,True,Tool Substitution,High
1413,LN-2026094,SOP-LU-001,10,Conditional Approval Decision,K.Menon,2026-05-19 17:30:00,15,13,False,None,Medium
1414,LN-2026094,SOP-LU-001,11,Document Stipulation Collection,R.Das,2026-05-19 18:01:00,20,17,False,None,Low
1415,LN-2026094,SOP-LU-001,12,Final Compliance Sign-off,K.Menon,2026-05-19 18:21:00,15,14,False,None,High
1416,LN-2026094,SOP-LU-001,13,Final Approval & Booking,P.Nair,2026-05-19 18:36:00,10,9,True,Step Skipped,Medium
1417,LN-2026094,SOP-LU-001,14,Disbursement Instruction,V.Reddy,2026-05-19 19:03:00,10,10,False,None,Medium
1418,LN-2026094,SOP-LU-001,15,Post-Disbursement Audit Tagging,K.Menon,2026-05-19 19:17:00,5,4,False,None,Low
1419,LN-2026095,SOP-LU-001,1,Application Intake,A.Rao,2026-07-26 04:26:00,10,11,False,None,Low
1420,LN-2026095,SOP-LU-001,2,KYC & Identity Verification,A.Rao,2026-07-26 05:07:00,20,22,False,None,High
1421,LN-2026095,SOP-LU-001,3,Credit Bureau Pull,M.Khan,2026-07-26 05:25:00,15,14,True,Documentation Missing,Medium
1422,LN-2026095,SOP-LU-001,4,Income & Employment Verification,M.Khan,2026-07-26 05:59:00,25,22,False,None,Medium
1423,LN-2026095,SOP-LU-001,5,Debt-to-Income Calculation,M.Khan,2026-07-26 06:22:00,10,10,False,None,Medium
1424,LN-2026095,SOP-LU-001,6,Collateral Valuation,S.Iyer,2026-07-26 07:09:00,45,33,False,None,High
1425,LN-2026095,SOP-LU-001,7,Fraud Risk Screening,S.Iyer,2026-07-26 07:31:00,15,12,False,None,High
1426,LN-2026095,SOP-LU-001,8,Automated Credit Scoring,V.Reddy,2026-07-26 07:41:00,5,3,False,None,Medium
1427,LN-2026095,SOP-LU-001,9,Manual Underwriting Review,A.Rao,2026-07-26 08:16:00,30,26,False,None,High
1428,LN-2026095,SOP-LU-001,10,Conditional Approval Decision,J.Pillai,2026-07-26 08:34:00,15,12,False,None,Medium
1429,LN-2026095,SOP-LU-001,11,Document Stipulation Collection,R.Das,2026-07-26 09:03:00,20,20,False,None,Low
1430,LN-2026095,SOP-LU-001,12,Final Compliance Sign-off,N.Bose,2026-07-26 09:29:00,15,21,False,None,High
1431,LN-2026095,SOP-LU-001,13,Final Approval & Booking,K.Menon,2026-07-26 09:56:00,10,11,False,None,Medium
1432,LN-2026095,SOP-LU-001,14,Disbursement Instruction,S.Iyer,2026-07-26 10:09:00,10,10,False,None,Medium
1433,LN-2026095,SOP-LU-001,15,Post-Disbursement Audit Tagging,N.Bose,2026-07-26 10:22:00,5,4,False,None,Low
1434,LN-2026096,SOP-LU-001,1,Application Intake,A.Rao,2026-06-24 12:24:00,10,9,False,None,Low
1435,LN-2026096,SOP-LU-001,2,KYC & Identity Verification,T.Sharma,2026-06-24 12:55:00,20,17,False,None,High
1436,LN-2026096,SOP-LU-001,3,Credit Bureau Pull,V.Reddy,2026-06-24 13:26:00,15,16,False,None,Medium
1437,LN-2026096,SOP-LU-001,4,Income & Employment Verification,J.Pillai,2026-06-24 13:48:00,25,14,False,None,Medium
1438,LN-2026096,SOP-LU-001,5,Debt-to-Income Calculation,M.Khan,2026-06-24 13:59:00,10,9,False,None,Medium
1439,LN-2026096,SOP-LU-001,6,Collateral Valuation,A.Rao,2026-06-24 14:54:00,45,54,False,None,High
1440,LN-2026096,SOP-LU-001,7,Fraud Risk Screening,P.Nair,2026-06-24 15:26:00,15,15,False,None,High
1441,LN-2026096,SOP-LU-001,8,Automated Credit Scoring,R.Das,2026-06-24 15:51:00,5,6,True,Tool Substitution,Medium
1442,LN-2026096,SOP-LU-001,9,Manual Underwriting Review,N.Bose,2026-06-24 17:00:00,30,59,True,Duration Overrun,High
1443,LN-2026096,SOP-LU-001,10,Conditional Approval Decision,J.Pillai,2026-06-24 17:19:00,15,17,False,None,Medium
1444,LN-2026096,SOP-LU-001,11,Document Stipulation Collection,S.Iyer,2026-06-24 17:53:00,20,25,False,None,Low
1445,LN-2026096,SOP-LU-001,12,Final Compliance Sign-off,P.Nair,2026-06-24 18:13:00,15,13,True,Approval Bypassed,High
1446,LN-2026096,SOP-LU-001,13,Final Approval & Booking,A.Rao,2026-06-24 18:36:00,10,8,False,None,Medium
1447,LN-2026096,SOP-LU-001,14,Disbursement Instruction,P.Nair,2026-06-24 18:58:00,10,7,False,None,Medium
1448,LN-2026096,SOP-LU-001,15,Post-Disbursement Audit Tagging,M.Khan,2026-06-24 19:10:00,5,4,False,None,Low
1449,LN-2026097,SOP-LU-001,1,Application Intake,S.Iyer,2026-07-03 20:13:00,10,12,False,None,Low
1450,LN-2026097,SOP-LU-001,2,KYC & Identity Verification,T.Sharma,2026-07-03 20:50:00,20,18,False,None,High
1451,LN-2026097,SOP-LU-001,3,Credit Bureau Pull,T.Sharma,2026-07-03 21:13:00,15,13,False,None,Medium
1452,LN-2026097,SOP-LU-001,4,Income & Employment Verification,A.Rao,2026-07-03 21:45:00,25,31,False,None,Medium
1453,LN-2026097,SOP-LU-001,5,Debt-to-Income Calculation,T.Sharma,2026-07-03 22:07:00,10,9,False,None,Medium
1454,LN-2026097,SOP-LU-001,6,Collateral Valuation,J.Pillai,2026-07-03 22:45:00,45,37,False,None,High
1455,LN-2026097,SOP-LU-001,7,Fraud Risk Screening,V.Reddy,2026-07-03 23:14:00,15,16,True,Order Swapped,High
1456,LN-2026097,SOP-LU-001,8,Automated Credit Scoring,S.Iyer,2026-07-03 23:36:00,5,6,False,None,Medium
1457,LN-2026097,SOP-LU-001,9,Manual Underwriting Review,K.Menon,2026-07-04 00:08:00,30,25,False,None,High
1458,LN-2026097,SOP-LU-001,10,Conditional Approval Decision,P.Nair,2026-07-04 00:40:00,15,15,True,Documentation Missing,Medium
1459,LN-2026097,SOP-LU-001,11,Document Stipulation Collection,A.Rao,2026-07-04 01:47:00,20,60,True,Duration Overrun,Low
1460,LN-2026097,SOP-LU-001,12,Final Compliance Sign-off,J.Pillai,2026-07-04 02:16:00,15,12,False,None,High
1461,LN-2026097,SOP-LU-001,13,Final Approval & Booking,S.Iyer,2026-07-04 02:30:00,10,11,False,None,Medium
1462,LN-2026097,SOP-LU-001,14,Disbursement Instruction,S.Iyer,2026-07-04 02:55:00,10,10,False,None,Medium
1463,LN-2026097,SOP-LU-001,15,Post-Disbursement Audit Tagging,T.Sharma,2026-07-04 03:15:00,5,4,False,None,Low
1464,LN-2026098,SOP-LU-001,2,KYC & Identity Verification,K.Menon,2026-07-26 08:30:00,20,21,False,None,High
1465,LN-2026098,SOP-LU-001,3,Credit Bureau Pull,T.Sharma,2026-07-26 09:03:00,15,17,False,None,Medium
1466,LN-2026098,SOP-LU-001,4,Income & Employment Verification,T.Sharma,2026-07-26 09:37:00,25,25,False,None,Medium
1467,LN-2026098,SOP-LU-001,5,Debt-to-Income Calculation,M.Khan,2026-07-26 09:52:00,10,6,False,None,Medium
1468,LN-2026098,SOP-LU-001,6,Collateral Valuation,T.Sharma,2026-07-26 10:42:00,45,43,False,None,High
1469,LN-2026098,SOP-LU-001,7,Fraud Risk Screening,S.Iyer,2026-07-26 10:56:00,15,12,False,None,High
1470,LN-2026098,SOP-LU-001,8,Automated Credit Scoring,M.Khan,2026-07-26 11:09:00,5,4,False,None,Medium
1471,LN-2026098,SOP-LU-001,9,Manual Underwriting Review,V.Reddy,2026-07-26 11:52:00,30,29,False,None,High
1472,LN-2026098,SOP-LU-001,10,Conditional Approval Decision,S.Iyer,2026-07-26 12:17:00,15,17,False,None,Medium
1473,LN-2026098,SOP-LU-001,11,Document Stipulation Collection,N.Bose,2026-07-26 12:40:00,20,15,False,None,Low
1474,LN-2026098,SOP-LU-001,12,Final Compliance Sign-off,J.Pillai,2026-07-26 12:58:00,15,14,False,None,High
1475,LN-2026098,SOP-LU-001,13,Final Approval & Booking,P.Nair,2026-07-26 13:25:00,10,10,False,None,Medium
1476,LN-2026098,SOP-LU-001,14,Disbursement Instruction,S.Iyer,2026-07-26 13:49:00,10,11,False,None,Medium
1477,LN-2026098,SOP-LU-001,15,Post-Disbursement Audit Tagging,R.Das,2026-07-26 14:09:00,5,5,False,None,Low
1478,LN-2026099,SOP-LU-001,1,Application Intake,J.Pillai,2026-05-23 03:15:00,10,5,False,None,Low
1479,LN-2026099,SOP-LU-001,2,KYC & Identity Verification,J.Pillai,2026-05-23 03:45:00,20,16,False,None,High
1480,LN-2026099,SOP-LU-001,3,Credit Bureau Pull,T.Sharma,2026-05-23 04:06:00,15,13,True,Documentation Missing,Medium
1481,LN-2026099,SOP-LU-001,4,Income & Employment Verification,J.Pillai,2026-05-23 04:41:00,25,24,False,None,Medium
1482,LN-2026099,SOP-LU-001,5,Debt-to-Income Calculation,J.Pillai,2026-05-23 05:01:00,10,9,False,None,Medium
1483,LN-2026099,SOP-LU-001,6,Collateral Valuation,S.Iyer,2026-05-23 07:29:00,45,131,True,Duration Overrun,High
1484,LN-2026099,SOP-LU-001,7,Fraud Risk Screening,K.Menon,2026-05-23 07:54:00,15,16,False,None,High
1485,LN-2026099,SOP-LU-001,8,Automated Credit Scoring,T.Sharma,2026-05-23 08:03:00,5,5,False,None,Medium
1486,LN-2026099,SOP-LU-001,9,Manual Underwriting Review,T.Sharma,2026-05-23 08:47:00,30,36,True,Step Skipped,High
1487,LN-2026099,SOP-LU-001,10,Conditional Approval Decision,R.Das,2026-05-23 09:21:00,15,18,False,None,Medium
1488,LN-2026099,SOP-LU-001,11,Document Stipulation Collection,K.Menon,2026-05-23 09:47:00,20,13,False,None,Low
1489,LN-2026099,SOP-LU-001,12,Final Compliance Sign-off,K.Menon,2026-05-23 10:22:00,15,18,False,None,High
1490,LN-2026099,SOP-LU-001,13,Final Approval & Booking,A.Rao,2026-05-23 10:33:00,10,8,False,None,Medium
1491,LN-2026099,SOP-LU-001,14,Disbursement Instruction,M.Khan,2026-05-23 10:51:00,10,11,False,None,Medium
1492,LN-2026099,SOP-LU-001,15,Post-Disbursement Audit Tagging,M.Khan,2026-05-23 11:06:00,5,6,False,None,Low
1493,LN-2026100,SOP-LU-001,1,Application Intake,K.Menon,2026-05-10 03:24:00,10,8,False,None,Low
1494,LN-2026100,SOP-LU-001,2,KYC & Identity Verification,J.Pillai,2026-05-10 03:45:00,20,18,False,None,High
1495,LN-2026100,SOP-LU-001,3,Credit Bureau Pull,P.Nair,2026-05-10 04:13:00,15,18,False,None,Medium
1496,LN-2026100,SOP-LU-001,4,Income & Employment Verification,A.Rao,2026-05-10 04:41:00,25,23,True,Step Skipped,Medium
1497,LN-2026100,SOP-LU-001,5,Debt-to-Income Calculation,T.Sharma,2026-05-10 05:05:00,10,12,False,None,Medium
1498,LN-2026100,SOP-LU-001,6,Collateral Valuation,K.Menon,2026-05-10 06:01:00,45,46,False,None,High
1499,LN-2026100,SOP-LU-001,7,Fraud Risk Screening,M.Khan,2026-05-10 06:35:00,15,18,True,Order Swapped,High
1500,LN-2026100,SOP-LU-001,8,Automated Credit Scoring,N.Bose,2026-05-10 06:47:00,5,4,True,Step Skipped,Medium
1501,LN-2026100,SOP-LU-001,9,Manual Underwriting Review,K.Menon,2026-05-10 07:24:00,30,24,False,None,High
1502,LN-2026100,SOP-LU-001,10,Conditional Approval Decision,J.Pillai,2026-05-10 07:41:00,15,15,False,None,Medium
1503,LN-2026100,SOP-LU-001,11,Document Stipulation Collection,A.Rao,2026-05-10 08:15:00,20,22,False,None,Low
1504,LN-2026100,SOP-LU-001,12,Final Compliance Sign-off,S.Iyer,2026-05-10 08:40:00,15,14,False,None,High
1505,LN-2026100,SOP-LU-001,13,Final Approval & Booking,M.Khan,2026-05-10 09:06:00,10,8,False,None,Medium
1506,LN-2026100,SOP-LU-001,14,Disbursement Instruction,T.Sharma,2026-05-10 09:35:00,10,12,True,Step Skipped,Medium
1507,LN-2026100,SOP-LU-001,15,Post-Disbursement Audit Tagging,P.Nair,2026-05-10 09:55:00,5,5,False,None,Low
1508,LN-2026101,SOP-LU-001,1,Application Intake,N.Bose,2026-05-09 02:14:00,10,8,False,None,Low
1509,LN-2026101,SOP-LU-001,2,KYC & Identity Verification,R.Das,2026-05-09 02:44:00,20,17,False,None,High
1510,LN-2026101,SOP-LU-001,3,Credit Bureau Pull,K.Menon,2026-05-09 03:14:00,15,16,False,None,Medium
1511,LN-2026101,SOP-LU-001,4,Income & Employment Verification,N.Bose,2026-05-09 03:50:00,25,26,True,Documentation Missing,Medium
1512,LN-2026101,SOP-LU-001,5,Debt-to-Income Calculation,S.Iyer,2026-05-09 04:04:00,10,7,False,None,Medium
1513,LN-2026101,SOP-LU-001,6,Collateral Valuation,M.Khan,2026-05-09 04:59:00,45,49,True,Step Skipped,High
1514,LN-2026101,SOP-LU-001,7,Fraud Risk Screening,J.Pillai,2026-05-09 05:20:00,15,16,True,Tool Substitution,High
1515,LN-2026101,SOP-LU-001,8,Automated Credit Scoring,K.Menon,2026-05-09 05:32:00,5,4,False,None,Medium
1516,LN-2026101,SOP-LU-001,9,Manual Underwriting Review,R.Das,2026-05-09 06:05:00,30,32,True,Order Swapped,High
1517,LN-2026101,SOP-LU-001,10,Conditional Approval Decision,V.Reddy,2026-05-09 06:19:00,15,11,False,None,Medium
1518,LN-2026101,SOP-LU-001,11,Document Stipulation Collection,R.Das,2026-05-09 06:53:00,20,19,False,None,Low
1519,LN-2026101,SOP-LU-001,12,Final Compliance Sign-off,V.Reddy,2026-05-09 07:24:00,15,13,False,None,High
1520,LN-2026101,SOP-LU-001,13,Final Approval & Booking,R.Das,2026-05-09 07:50:00,10,10,False,None,Medium
1521,LN-2026101,SOP-LU-001,14,Disbursement Instruction,M.Khan,2026-05-09 08:09:00,10,11,True,Documentation Missing,Medium
1522,LN-2026101,SOP-LU-001,15,Post-Disbursement Audit Tagging,T.Sharma,2026-05-09 08:29:00,5,13,True,Duration Overrun,Low
1523,LN-2026102,SOP-LU-001,1,Application Intake,P.Nair,2026-05-05 07:16:00,10,8,False,None,Low
1524,LN-2026102,SOP-LU-001,2,KYC & Identity Verification,J.Pillai,2026-05-05 07:47:00,20,20,False,None,High
1525,LN-2026102,SOP-LU-001,3,Credit Bureau Pull,K.Menon,2026-05-05 08:09:00,15,16,True,Tool Substitution,Medium
1526,LN-2026102,SOP-LU-001,4,Income & Employment Verification,N.Bose,2026-05-05 08:54:00,25,33,True,Extra Manual Step Added,Medium
1527,LN-2026102,SOP-LU-001,5,Debt-to-Income Calculation,J.Pillai,2026-05-05 09:15:00,10,11,False,None,Medium
1528,LN-2026102,SOP-LU-001,6,Collateral Valuation,A.Rao,2026-05-05 09:57:00,45,39,False,None,High
1529,LN-2026102,SOP-LU-001,7,Fraud Risk Screening,N.Bose,2026-05-05 10:28:00,15,14,False,None,High
1530,LN-2026102,SOP-LU-001,8,Automated Credit Scoring,N.Bose,2026-05-05 10:35:00,5,4,False,None,Medium
1531,LN-2026102,SOP-LU-001,9,Manual Underwriting Review,V.Reddy,2026-05-05 11:23:00,30,29,False,None,High
1532,LN-2026102,SOP-LU-001,11,Document Stipulation Collection,P.Nair,2026-05-05 11:53:00,20,19,False,None,Low
1533,LN-2026102,SOP-LU-001,10,Conditional Approval Decision,K.Menon,2026-05-05 12:20:00,15,12,False,None,Medium
1534,LN-2026102,SOP-LU-001,12,Final Compliance Sign-off,A.Rao,2026-05-05 12:48:00,15,17,False,None,High
1535,LN-2026102,SOP-LU-001,13,Final Approval & Booking,N.Bose,2026-05-05 13:14:00,10,7,False,None,Medium
1536,LN-2026102,SOP-LU-001,14,Disbursement Instruction,J.Pillai,2026-05-05 13:25:00,10,7,False,None,Medium
1537,LN-2026102,SOP-LU-001,15,Post-Disbursement Audit Tagging,V.Reddy,2026-05-05 13:42:00,5,6,True,Tool Substitution,Low
1538,LN-2026103,SOP-LU-001,1,Application Intake,P.Nair,2026-06-24 03:25:00,10,9,False,None,Low
1539,LN-2026103,SOP-LU-001,2,KYC & Identity Verification,K.Menon,2026-06-24 04:31:00,20,61,True,Duration Overrun,High
1540,LN-2026103,SOP-LU-001,3,Credit Bureau Pull,M.Khan,2026-06-24 04:51:00,15,15,False,None,Medium
1541,LN-2026103,SOP-LU-001,4,Income & Employment Verification,S.Iyer,2026-06-24 05:26:00,25,29,False,None,Medium
1542,LN-2026103,SOP-LU-001,5,Debt-to-Income Calculation,R.Das,2026-06-24 05:50:00,10,10,False,None,Medium
1543,LN-2026103,SOP-LU-001,6,Collateral Valuation,K.Menon,2026-06-24 06:52:00,45,44,False,None,High
1544,LN-2026103,SOP-LU-001,7,Fraud Risk Screening,M.Khan,2026-06-24 07:23:00,15,13,True,Documentation Missing,High
1545,LN-2026103,SOP-LU-001,8,Automated Credit Scoring,R.Das,2026-06-24 07:36:00,5,4,False,None,Medium
1546,LN-2026103,SOP-LU-001,9,Manual Underwriting Review,A.Rao,2026-06-24 08:16:00,30,30,False,None,High
1547,LN-2026103,SOP-LU-001,10,Conditional Approval Decision,J.Pillai,2026-06-24 08:41:00,15,18,False,None,Medium
1548,LN-2026103,SOP-LU-001,11,Document Stipulation Collection,M.Khan,2026-06-24 09:06:00,20,21,False,None,Low
1549,LN-2026103,SOP-LU-001,12,Final Compliance Sign-off,S.Iyer,2026-06-24 09:35:00,15,11,True,Order Swapped,High
1550,LN-2026103,SOP-LU-001,13,Final Approval & Booking,J.Pillai,2026-06-24 09:59:00,10,9,False,None,Medium
1551,LN-2026103,SOP-LU-001,14,Disbursement Instruction,K.Menon,2026-06-24 10:27:00,10,10,False,None,Medium
1552,LN-2026103,SOP-LU-001,15,Post-Disbursement Audit Tagging,J.Pillai,2026-06-24 10:49:00,5,4,False,None,Low
1553,LN-2026104,SOP-LU-001,1,Application Intake,T.Sharma,2026-06-17 07:13:00,10,7,False,None,Low
1554,LN-2026104,SOP-LU-001,2,KYC & Identity Verification,R.Das,2026-06-17 07:29:00,20,13,False,None,High
1555,LN-2026104,SOP-LU-001,3,Credit Bureau Pull,V.Reddy,2026-06-17 07:57:00,15,15,False,None,Medium
1556,LN-2026104,SOP-LU-001,4,Income & Employment Verification,V.Reddy,2026-06-17 08:35:00,25,25,False,None,Medium
1557,LN-2026104,SOP-LU-001,5,Debt-to-Income Calculation,M.Khan,2026-06-17 09:02:00,10,16,True,Extra Manual Step Added,Medium
1558,LN-2026104,SOP-LU-001,6,Collateral Valuation,M.Khan,2026-06-17 09:57:00,45,47,True,Documentation Missing,High
1559,LN-2026104,SOP-LU-001,7,Fraud Risk Screening,P.Nair,2026-06-17 10:29:00,15,24,True,Extra Manual Step Added,High
1560,LN-2026104,SOP-LU-001,8,Automated Credit Scoring,R.Das,2026-06-17 10:55:00,5,9,True,Duration Overrun,Medium
1561,LN-2026104,SOP-LU-001,9,Manual Underwriting Review,A.Rao,2026-06-17 11:45:00,30,34,False,None,High
1562,LN-2026104,SOP-LU-001,10,Conditional Approval Decision,R.Das,2026-06-17 12:14:00,15,15,False,None,Medium
1563,LN-2026104,SOP-LU-001,11,Document Stipulation Collection,V.Reddy,2026-06-17 12:43:00,20,16,False,None,Low
1564,LN-2026104,SOP-LU-001,12,Final Compliance Sign-off,K.Menon,2026-06-17 13:14:00,15,16,False,None,High
1565,LN-2026104,SOP-LU-001,13,Final Approval & Booking,P.Nair,2026-06-17 13:31:00,10,8,False,None,Medium
1566,LN-2026104,SOP-LU-001,14,Disbursement Instruction,V.Reddy,2026-06-17 13:46:00,10,12,True,Approval Bypassed,Medium
1567,LN-2026104,SOP-LU-001,15,Post-Disbursement Audit Tagging,T.Sharma,2026-06-17 14:07:00,5,4,False,None,Low
1568,LN-2026105,SOP-LU-001,1,Application Intake,P.Nair,2026-07-13 22:17:00,10,9,False,None,Low
1569,LN-2026105,SOP-LU-001,2,KYC & Identity Verification,M.Khan,2026-07-13 22:47:00,20,18,False,None,High
1570,LN-2026105,SOP-LU-001,3,Credit Bureau Pull,N.Bose,2026-07-13 23:17:00,15,13,False,None,Medium
1571,LN-2026105,SOP-LU-001,4,Income & Employment Verification,A.Rao,2026-07-14 00:03:00,25,27,False,None,Medium
1572,LN-2026105,SOP-LU-001,5,Debt-to-Income Calculation,S.Iyer,2026-07-14 00:27:00,10,10,False,None,Medium
1573,LN-2026105,SOP-LU-001,6,Collateral Valuation,N.Bose,2026-07-14 01:19:00,45,40,True,Approval Bypassed,High
1574,LN-2026105,SOP-LU-001,7,Fraud Risk Screening,N.Bose,2026-07-14 01:35:00,15,14,False,None,High
1575,LN-2026105,SOP-LU-001,8,Automated Credit Scoring,A.Rao,2026-07-14 01:49:00,5,4,False,None,Medium
1576,LN-2026105,SOP-LU-001,9,Manual Underwriting Review,P.Nair,2026-07-14 02:33:00,30,29,True,Tool Substitution,High
1577,LN-2026105,SOP-LU-001,10,Conditional Approval Decision,P.Nair,2026-07-14 02:52:00,15,11,False,None,Medium
1578,LN-2026105,SOP-LU-001,11,Document Stipulation Collection,T.Sharma,2026-07-14 03:21:00,20,18,True,Step Skipped,Low
1579,LN-2026105,SOP-LU-001,12,Final Compliance Sign-off,R.Das,2026-07-14 03:43:00,15,12,False,None,High
1580,LN-2026105,SOP-LU-001,13,Final Approval & Booking,V.Reddy,2026-07-14 03:58:00,10,8,False,None,Medium
1581,LN-2026105,SOP-LU-001,14,Disbursement Instruction,K.Menon,2026-07-14 04:18:00,10,7,False,None,Medium
1582,LN-2026105,SOP-LU-001,15,Post-Disbursement Audit Tagging,P.Nair,2026-07-14 04:26:00,5,4,False,None,Low
1583,LN-2026106,SOP-LU-001,1,Application Intake,V.Reddy,2026-07-29 12:16:00,10,11,True,Tool Substitution,Low
1584,LN-2026106,SOP-LU-001,2,KYC & Identity Verification,T.Sharma,2026-07-29 12:46:00,20,24,False,None,High
1585,LN-2026106,SOP-LU-001,3,Credit Bureau Pull,R.Das,2026-07-29 13:02:00,15,13,False,None,Medium
1586,LN-2026106,SOP-LU-001,4,Income & Employment Verification,K.Menon,2026-07-29 13:42:00,25,28,False,None,Medium
1587,LN-2026106,SOP-LU-001,5,Debt-to-Income Calculation,M.Khan,2026-07-29 14:08:00,10,9,False,None,Medium
1588,LN-2026106,SOP-LU-001,6,Collateral Valuation,J.Pillai,2026-07-29 14:42:00,45,33,True,Tool Substitution,High
1589,LN-2026106,SOP-LU-001,7,Fraud Risk Screening,P.Nair,2026-07-29 15:02:00,15,10,False,None,High
1590,LN-2026106,SOP-LU-001,8,Automated Credit Scoring,P.Nair,2026-07-29 15:08:00,5,4,False,None,Medium
1591,LN-2026106,SOP-LU-001,9,Manual Underwriting Review,R.Das,2026-07-29 16:01:00,30,37,False,None,High
1592,LN-2026106,SOP-LU-001,10,Conditional Approval Decision,N.Bose,2026-07-29 16:33:00,15,14,False,None,Medium
1593,LN-2026106,SOP-LU-001,11,Document Stipulation Collection,A.Rao,2026-07-29 17:11:00,20,23,True,Tool Substitution,Low
1594,LN-2026106,SOP-LU-001,12,Final Compliance Sign-off,S.Iyer,2026-07-29 17:37:00,15,16,False,None,High
1595,LN-2026106,SOP-LU-001,13,Final Approval & Booking,J.Pillai,2026-07-29 17:54:00,10,10,False,None,Medium
1596,LN-2026106,SOP-LU-001,14,Disbursement Instruction,P.Nair,2026-07-29 18:14:00,10,7,False,None,Medium
1597,LN-2026106,SOP-LU-001,15,Post-Disbursement Audit Tagging,R.Das,2026-07-29 18:36:00,5,4,False,None,Low
1598,LN-2026107,SOP-LU-001,1,Application Intake,M.Khan,2026-06-05 04:25:00,10,9,False,None,Low
1599,LN-2026107,SOP-LU-001,2,KYC & Identity Verification,V.Reddy,2026-06-05 04:53:00,20,22,False,None,High
1600,LN-2026107,SOP-LU-001,3,Credit Bureau Pull,V.Reddy,2026-06-05 05:31:00,15,19,False,None,Medium
1601,LN-2026107,SOP-LU-001,4,Income & Employment Verification,N.Bose,2026-06-05 06:08:00,25,21,False,None,Medium
1602,LN-2026107,SOP-LU-001,5,Debt-to-Income Calculation,M.Khan,2026-06-05 06:36:00,10,10,False,None,Medium
1603,LN-2026107,SOP-LU-001,6,Collateral Valuation,A.Rao,2026-06-05 07:31:00,45,47,False,None,High
1604,LN-2026107,SOP-LU-001,7,Fraud Risk Screening,T.Sharma,2026-06-05 07:57:00,15,13,False,None,High
1605,LN-2026107,SOP-LU-001,8,Automated Credit Scoring,J.Pillai,2026-06-05 08:17:00,5,6,False,None,Medium
1606,LN-2026107,SOP-LU-001,9,Manual Underwriting Review,R.Das,2026-06-05 08:51:00,30,30,False,None,High
1607,LN-2026107,SOP-LU-001,10,Conditional Approval Decision,V.Reddy,2026-06-05 09:10:00,15,13,False,None,Medium
1608,LN-2026107,SOP-LU-001,11,Document Stipulation Collection,T.Sharma,2026-06-05 09:47:00,20,34,True,Extra Manual Step Added,Low
1609,LN-2026107,SOP-LU-001,12,Final Compliance Sign-off,R.Das,2026-06-05 10:02:00,15,13,False,None,High
1610,LN-2026107,SOP-LU-001,13,Final Approval & Booking,R.Das,2026-06-05 10:27:00,10,9,False,None,Medium
1611,LN-2026107,SOP-LU-001,14,Disbursement Instruction,P.Nair,2026-06-05 10:45:00,10,10,True,Documentation Missing,Medium
1612,LN-2026107,SOP-LU-001,15,Post-Disbursement Audit Tagging,J.Pillai,2026-06-05 10:57:00,5,4,False,None,Low
1613,LN-2026108,SOP-LU-001,1,Application Intake,V.Reddy,2026-07-17 05:12:00,10,9,True,Step Skipped,Low
1614,LN-2026108,SOP-LU-001,2,KYC & Identity Verification,R.Das,2026-07-17 05:39:00,20,17,False,None,High
1615,LN-2026108,SOP-LU-001,3,Credit Bureau Pull,M.Khan,2026-07-17 06:09:00,15,13,False,None,Medium
1616,LN-2026108,SOP-LU-001,4,Income & Employment Verification,A.Rao,2026-07-17 06:38:00,25,24,False,None,Medium
1617,LN-2026108,SOP-LU-001,5,Debt-to-Income Calculation,J.Pillai,2026-07-17 06:57:00,10,10,False,None,Medium
1618,LN-2026108,SOP-LU-001,6,Collateral Valuation,T.Sharma,2026-07-17 07:42:00,45,38,False,None,High
1619,LN-2026108,SOP-LU-001,7,Fraud Risk Screening,P.Nair,2026-07-17 08:13:00,15,18,False,None,High
1620,LN-2026108,SOP-LU-001,8,Automated Credit Scoring,V.Reddy,2026-07-17 08:28:00,5,5,False,None,Medium
1621,LN-2026108,SOP-LU-001,9,Manual Underwriting Review,T.Sharma,2026-07-17 09:13:00,30,32,False,None,High
1622,LN-2026108,SOP-LU-001,10,Conditional Approval Decision,S.Iyer,2026-07-17 09:47:00,15,17,False,None,Medium
1623,LN-2026108,SOP-LU-001,11,Document Stipulation Collection,N.Bose,2026-07-17 10:21:00,20,19,False,None,Low
1624,LN-2026108,SOP-LU-001,12,Final Compliance Sign-off,V.Reddy,2026-07-17 10:46:00,15,12,True,Step Skipped,High
1625,LN-2026108,SOP-LU-001,13,Final Approval & Booking,N.Bose,2026-07-17 11:16:00,10,17,True,Extra Manual Step Added,Medium
1626,LN-2026108,SOP-LU-001,14,Disbursement Instruction,S.Iyer,2026-07-17 11:38:00,10,8,False,None,Medium
1627,LN-2026108,SOP-LU-001,15,Post-Disbursement Audit Tagging,T.Sharma,2026-07-17 11:58:00,5,5,False,None,Low
1628,LN-2026109,SOP-LU-001,1,Application Intake,R.Das,2026-06-02 12:17:00,10,10,False,None,Low
1629,LN-2026109,SOP-LU-001,2,KYC & Identity Verification,T.Sharma,2026-06-02 12:57:00,20,22,False,None,High
1630,LN-2026109,SOP-LU-001,3,Credit Bureau Pull,J.Pillai,2026-06-02 13:32:00,15,18,False,None,Medium
1631,LN-2026109,SOP-LU-001,4,Income & Employment Verification,K.Menon,2026-06-02 14:16:00,25,26,False,None,Medium
1632,LN-2026109,SOP-LU-001,5,Debt-to-Income Calculation,J.Pillai,2026-06-02 14:40:00,10,10,False,None,Medium
1633,LN-2026109,SOP-LU-001,6,Collateral Valuation,J.Pillai,2026-06-02 15:38:00,45,42,False,None,High
1634,LN-2026109,SOP-LU-001,7,Fraud Risk Screening,N.Bose,2026-06-02 16:10:00,15,15,True,Order Swapped,High
1635,LN-2026109,SOP-LU-001,8,Automated Credit Scoring,M.Khan,2026-06-02 16:25:00,5,6,True,Approval Bypassed,Medium
1636,LN-2026109,SOP-LU-001,9,Manual Underwriting Review,M.Khan,2026-06-02 17:05:00,30,30,False,None,High
1637,LN-2026109,SOP-LU-001,10,Conditional Approval Decision,S.Iyer,2026-06-02 17:20:00,15,14,True,Tool Substitution,Medium
1638,LN-2026109,SOP-LU-001,11,Document Stipulation Collection,T.Sharma,2026-06-02 17:49:00,20,20,True,Order Swapped,Low
1639,LN-2026109,SOP-LU-001,12,Final Compliance Sign-off,J.Pillai,2026-06-02 18:06:00,15,14,False,None,High
1640,LN-2026109,SOP-LU-001,13,Final Approval & Booking,V.Reddy,2026-06-02 18:27:00,10,10,False,None,Medium
1641,LN-2026109,SOP-LU-001,14,Disbursement Instruction,S.Iyer,2026-06-02 18:49:00,10,7,True,Tool Substitution,Medium
1642,LN-2026109,SOP-LU-001,15,Post-Disbursement Audit Tagging,V.Reddy,2026-06-02 19:05:00,5,4,False,None,Low
1643,LN-2026110,SOP-LU-001,1,Application Intake,A.Rao,2026-07-02 16:18:00,10,10,False,None,Low
1644,LN-2026110,SOP-LU-001,2,KYC & Identity Verification,P.Nair,2026-07-02 16:58:00,20,28,True,Extra Manual Step Added,High
1645,LN-2026110,SOP-LU-001,3,Credit Bureau Pull,S.Iyer,2026-07-02 17:34:00,15,17,False,None,Medium
1646,LN-2026110,SOP-LU-001,4,Income & Employment Verification,S.Iyer,2026-07-02 18:08:00,25,23,False,None,Medium
1647,LN-2026110,SOP-LU-001,5,Debt-to-Income Calculation,K.Menon,2026-07-02 18:21:00,10,12,False,None,Medium
1648,LN-2026110,SOP-LU-001,6,Collateral Valuation,M.Khan,2026-07-02 19:58:00,45,89,True,Duration Overrun,High
1649,LN-2026110,SOP-LU-001,7,Fraud Risk Screening,V.Reddy,2026-07-02 20:30:00,15,14,False,None,High
1650,LN-2026110,SOP-LU-001,8,Automated Credit Scoring,A.Rao,2026-07-02 20:41:00,5,5,False,None,Medium
1651,LN-2026110,SOP-LU-001,9,Manual Underwriting Review,T.Sharma,2026-07-02 21:20:00,30,36,False,None,High
1652,LN-2026110,SOP-LU-001,10,Conditional Approval Decision,T.Sharma,2026-07-02 21:54:00,15,15,False,None,Medium
1653,LN-2026110,SOP-LU-001,11,Document Stipulation Collection,N.Bose,2026-07-02 22:32:00,20,19,False,None,Low
1654,LN-2026110,SOP-LU-001,12,Final Compliance Sign-off,A.Rao,2026-07-02 22:48:00,15,14,True,Approval Bypassed,High
1655,LN-2026110,SOP-LU-001,13,Final Approval & Booking,P.Nair,2026-07-02 23:15:00,10,10,False,None,Medium
1656,LN-2026110,SOP-LU-001,14,Disbursement Instruction,T.Sharma,2026-07-02 23:31:00,10,10,False,None,Medium
1657,LN-2026110,SOP-LU-001,15,Post-Disbursement Audit Tagging,K.Menon,2026-07-02 23:37:00,5,4,False,None,Low
1658,LN-2026111,SOP-LU-001,1,Application Intake,A.Rao,2026-07-05 13:16:00,10,11,True,Tool Substitution,Low
1659,LN-2026111,SOP-LU-001,2,KYC & Identity Verification,R.Das,2026-07-05 13:53:00,20,20,False,None,High
1660,LN-2026111,SOP-LU-001,3,Credit Bureau Pull,N.Bose,2026-07-05 14:20:00,15,16,False,None,Medium
1661,LN-2026111,SOP-LU-001,4,Income & Employment Verification,T.Sharma,2026-07-05 14:59:00,25,22,False,None,Medium
1662,LN-2026111,SOP-LU-001,5,Debt-to-Income Calculation,S.Iyer,2026-07-05 15:14:00,10,6,False,None,Medium
1663,LN-2026111,SOP-LU-001,6,Collateral Valuation,V.Reddy,2026-07-05 16:12:00,45,39,False,None,High
1664,LN-2026111,SOP-LU-001,7,Fraud Risk Screening,P.Nair,2026-07-05 16:25:00,15,10,False,None,High
1665,LN-2026111,SOP-LU-001,8,Automated Credit Scoring,M.Khan,2026-07-05 16:30:00,5,4,True,Tool Substitution,Medium
1666,LN-2026111,SOP-LU-001,9,Manual Underwriting Review,S.Iyer,2026-07-05 17:06:00,30,26,True,Order Swapped,High
1667,LN-2026111,SOP-LU-001,10,Conditional Approval Decision,A.Rao,2026-07-05 17:35:00,15,17,False,None,Medium
1668,LN-2026111,SOP-LU-001,11,Document Stipulation Collection,S.Iyer,2026-07-05 18:01:00,20,18,False,None,Low
1669,LN-2026111,SOP-LU-001,12,Final Compliance Sign-off,A.Rao,2026-07-05 18:21:00,15,14,True,Approval Bypassed,High
1670,LN-2026111,SOP-LU-001,13,Final Approval & Booking,R.Das,2026-07-05 18:44:00,10,11,False,None,Medium
1671,LN-2026111,SOP-LU-001,14,Disbursement Instruction,J.Pillai,2026-07-05 19:05:00,10,9,False,None,Medium
1672,LN-2026111,SOP-LU-001,15,Post-Disbursement Audit Tagging,K.Menon,2026-07-05 19:23:00,5,4,True,Step Skipped,Low
1673,LN-2026112,SOP-LU-001,1,Application Intake,M.Khan,2026-05-23 08:39:00,10,20,True,Duration Overrun,Low
1674,LN-2026112,SOP-LU-001,2,KYC & Identity Verification,V.Reddy,2026-05-23 09:19:00,20,35,True,Extra Manual Step Added,High
1675,LN-2026112,SOP-LU-001,3,Credit Bureau Pull,P.Nair,2026-05-23 09:42:00,15,14,False,None,Medium
1676,LN-2026112,SOP-LU-001,4,Income & Employment Verification,A.Rao,2026-05-23 10:24:00,25,30,False,None,Medium
1677,LN-2026112,SOP-LU-001,5,Debt-to-Income Calculation,K.Menon,2026-05-23 10:49:00,10,7,False,None,Medium
1678,LN-2026112,SOP-LU-001,6,Collateral Valuation,R.Das,2026-05-23 11:35:00,45,34,False,None,High
1679,LN-2026112,SOP-LU-001,7,Fraud Risk Screening,S.Iyer,2026-05-23 12:05:00,15,14,False,None,High
1680,LN-2026112,SOP-LU-001,8,Automated Credit Scoring,K.Menon,2026-05-23 12:11:00,5,5,False,None,Medium
1681,LN-2026112,SOP-LU-001,9,Manual Underwriting Review,J.Pillai,2026-05-23 12:51:00,30,37,False,None,High
1682,LN-2026112,SOP-LU-001,10,Conditional Approval Decision,K.Menon,2026-05-23 13:22:00,15,14,True,Step Skipped,Medium
1683,LN-2026112,SOP-LU-001,11,Document Stipulation Collection,J.Pillai,2026-05-23 13:41:00,20,18,False,None,Low
1684,LN-2026112,SOP-LU-001,12,Final Compliance Sign-off,N.Bose,2026-05-23 14:16:00,15,20,True,Extra Manual Step Added,High
1685,LN-2026112,SOP-LU-001,13,Final Approval & Booking,T.Sharma,2026-05-23 14:32:00,10,11,False,None,Medium
1686,LN-2026112,SOP-LU-001,15,Post-Disbursement Audit Tagging,R.Das,2026-05-23 14:44:00,5,6,False,None,Low
1687,LN-2026112,SOP-LU-001,14,Disbursement Instruction,V.Reddy,2026-05-23 15:08:00,10,9,True,Documentation Missing,Medium
1688,LN-2026113,SOP-LU-001,1,Application Intake,P.Nair,2026-05-20 14:15:00,10,11,False,None,Low
1689,LN-2026113,SOP-LU-001,2,KYC & Identity Verification,K.Menon,2026-05-20 14:35:00,20,17,True,Approval Bypassed,High
1690,LN-2026113,SOP-LU-001,3,Credit Bureau Pull,J.Pillai,2026-05-20 14:58:00,15,15,False,None,Medium
1691,LN-2026113,SOP-LU-001,4,Income & Employment Verification,S.Iyer,2026-05-20 15:43:00,25,27,False,None,Medium
1692,LN-2026113,SOP-LU-001,5,Debt-to-Income Calculation,N.Bose,2026-05-20 16:03:00,10,10,False,None,Medium
1693,LN-2026113,SOP-LU-001,6,Collateral Valuation,K.Menon,2026-05-20 16:56:00,45,48,True,Approval Bypassed,High
1694,LN-2026113,SOP-LU-001,7,Fraud Risk Screening,P.Nair,2026-05-20 17:25:00,15,16,False,None,High
1695,LN-2026113,SOP-LU-001,8,Automated Credit Scoring,R.Das,2026-05-20 17:42:00,5,4,False,None,Medium
1696,LN-2026113,SOP-LU-001,9,Manual Underwriting Review,A.Rao,2026-05-20 18:15:00,30,27,False,None,High
1697,LN-2026113,SOP-LU-001,10,Conditional Approval Decision,A.Rao,2026-05-20 18:52:00,15,18,True,Order Swapped,Medium
1698,LN-2026113,SOP-LU-001,11,Document Stipulation Collection,T.Sharma,2026-05-20 19:24:00,20,21,False,None,Low
1699,LN-2026113,SOP-LU-001,12,Final Compliance Sign-off,T.Sharma,2026-05-20 19:49:00,15,12,False,None,High
1700,LN-2026113,SOP-LU-001,13,Final Approval & Booking,K.Menon,2026-05-20 20:07:00,10,10,False,None,Medium
1701,LN-2026113,SOP-LU-001,14,Disbursement Instruction,A.Rao,2026-05-20 20:26:00,10,10,True,Tool Substitution,Medium
1702,LN-2026113,SOP-LU-001,15,Post-Disbursement Audit Tagging,S.Iyer,2026-05-20 20:37:00,5,4,True,Order Swapped,Low
1703,LN-2026114,SOP-LU-001,1,Application Intake,R.Das,2026-07-23 12:21:00,10,9,False,None,Low
1704,LN-2026114,SOP-LU-001,2,KYC & Identity Verification,K.Menon,2026-07-23 12:40:00,20,18,False,None,High
1705,LN-2026114,SOP-LU-001,3,Credit Bureau Pull,T.Sharma,2026-07-23 13:06:00,15,11,False,None,Medium
1706,LN-2026114,SOP-LU-001,4,Income & Employment Verification,M.Khan,2026-07-23 14:18:00,25,62,True,Duration Overrun,Medium
1707,LN-2026114,SOP-LU-001,5,Debt-to-Income Calculation,R.Das,2026-07-23 14:46:00,10,11,False,None,Medium
1708,LN-2026114,SOP-LU-001,6,Collateral Valuation,V.Reddy,2026-07-23 15:33:00,45,41,False,None,High
1709,LN-2026114,SOP-LU-001,7,Fraud Risk Screening,S.Iyer,2026-07-23 16:03:00,15,15,False,None,High
1710,LN-2026114,SOP-LU-001,8,Automated Credit Scoring,A.Rao,2026-07-23 16:25:00,5,5,True,Approval Bypassed,Medium
1711,LN-2026114,SOP-LU-001,9,Manual Underwriting Review,S.Iyer,2026-07-23 17:07:00,30,25,False,None,High
1712,LN-2026114,SOP-LU-001,10,Conditional Approval Decision,V.Reddy,2026-07-23 17:26:00,15,13,True,Documentation Missing,Medium
1713,LN-2026114,SOP-LU-001,11,Document Stipulation Collection,V.Reddy,2026-07-23 17:47:00,20,15,False,None,Low
1714,LN-2026114,SOP-LU-001,12,Final Compliance Sign-off,T.Sharma,2026-07-23 18:38:00,15,37,True,Duration Overrun,High
1715,LN-2026114,SOP-LU-001,13,Final Approval & Booking,S.Iyer,2026-07-23 19:02:00,10,11,False,None,Medium
1716,LN-2026114,SOP-LU-001,14,Disbursement Instruction,V.Reddy,2026-07-23 19:28:00,10,9,False,None,Medium
1717,LN-2026114,SOP-LU-001,15,Post-Disbursement Audit Tagging,V.Reddy,2026-07-23 19:41:00,5,8,True,Duration Overrun,Low
1718,LN-2026115,SOP-LU-001,1,Application Intake,N.Bose,2026-06-10 21:26:00,10,9,True,Tool Substitution,Low
1719,LN-2026115,SOP-LU-001,2,KYC & Identity Verification,J.Pillai,2026-06-10 22:06:00,20,25,False,None,High
1720,LN-2026115,SOP-LU-001,3,Credit Bureau Pull,P.Nair,2026-06-10 22:22:00,15,11,False,None,Medium
1721,LN-2026115,SOP-LU-001,4,Income & Employment Verification,T.Sharma,2026-06-10 23:00:00,25,20,False,None,Medium
1722,LN-2026115,SOP-LU-001,5,Debt-to-Income Calculation,J.Pillai,2026-06-10 23:26:00,10,8,False,None,Medium
1723,LN-2026115,SOP-LU-001,6,Collateral Valuation,P.Nair,2026-06-11 00:28:00,45,48,True,Approval Bypassed,High
1724,LN-2026115,SOP-LU-001,7,Fraud Risk Screening,M.Khan,2026-06-11 00:55:00,15,14,False,None,High
1725,LN-2026115,SOP-LU-001,8,Automated Credit Scoring,N.Bose,2026-06-11 01:14:00,5,4,True,Tool Substitution,Medium
1726,LN-2026115,SOP-LU-001,9,Manual Underwriting Review,J.Pillai,2026-06-11 01:59:00,30,26,False,None,High
1727,LN-2026115,SOP-LU-001,10,Conditional Approval Decision,S.Iyer,2026-06-11 02:20:00,15,17,True,Approval Bypassed,Medium
1728,LN-2026115,SOP-LU-001,12,Final Compliance Sign-off,V.Reddy,2026-06-11 02:41:00,15,18,False,None,High
1729,LN-2026115,SOP-LU-001,13,Final Approval & Booking,S.Iyer,2026-06-11 03:00:00,10,11,False,None,Medium
1730,LN-2026115,SOP-LU-001,14,Disbursement Instruction,T.Sharma,2026-06-11 03:38:00,10,21,True,Duration Overrun,Medium
1731,LN-2026115,SOP-LU-001,15,Post-Disbursement Audit Tagging,R.Das,2026-06-11 03:50:00,5,6,False,None,Low
1732,LN-2026116,SOP-LU-001,2,KYC & Identity Verification,P.Nair,2026-06-17 23:32:00,20,18,False,None,High
1733,LN-2026116,SOP-LU-001,3,Credit Bureau Pull,J.Pillai,2026-06-18 00:10:00,15,30,True,Duration Overrun,Medium
1734,LN-2026116,SOP-LU-001,4,Income & Employment Verification,V.Reddy,2026-06-18 00:48:00,25,22,False,None,Medium
1735,LN-2026116,SOP-LU-001,5,Debt-to-Income Calculation,K.Menon,2026-06-18 01:09:00,10,8,False,None,Medium
1736,LN-2026116,SOP-LU-001,6,Collateral Valuation,A.Rao,2026-06-18 01:54:00,45,43,False,None,High
1737,LN-2026116,SOP-LU-001,7,Fraud Risk Screening,A.Rao,2026-06-18 02:41:00,15,36,True,Duration Overrun,High
1738,LN-2026116,SOP-LU-001,8,Automated Credit Scoring,A.Rao,2026-06-18 02:55:00,5,5,False,None,Medium
1739,LN-2026116,SOP-LU-001,9,Manual Underwriting Review,J.Pillai,2026-06-18 03:36:00,30,34,False,None,High
1740,LN-2026116,SOP-LU-001,10,Conditional Approval Decision,R.Das,2026-06-18 04:01:00,15,13,False,None,Medium
1741,LN-2026116,SOP-LU-001,11,Document Stipulation Collection,N.Bose,2026-06-18 04:37:00,20,20,False,None,Low
1742,LN-2026116,SOP-LU-001,12,Final Compliance Sign-off,V.Reddy,2026-06-18 04:56:00,15,16,False,None,High
1743,LN-2026116,SOP-LU-001,13,Final Approval & Booking,T.Sharma,2026-06-18 05:23:00,10,9,False,None,Medium
1744,LN-2026116,SOP-LU-001,14,Disbursement Instruction,P.Nair,2026-06-18 05:37:00,10,9,False,None,Medium
1745,LN-2026116,SOP-LU-001,15,Post-Disbursement Audit Tagging,T.Sharma,2026-06-18 05:43:00,5,4,False,None,Low
1746,LN-2026117,SOP-LU-001,1,Application Intake,T.Sharma,2026-05-08 02:25:00,10,12,False,None,Low
1747,LN-2026117,SOP-LU-001,2,KYC & Identity Verification,K.Menon,2026-05-08 02:51:00,20,20,False,None,High
1748,LN-2026117,SOP-LU-001,3,Credit Bureau Pull,P.Nair,2026-05-08 03:15:00,15,14,True,Approval Bypassed,Medium
1749,LN-2026117,SOP-LU-001,4,Income & Employment Verification,R.Das,2026-05-08 03:58:00,25,38,True,Extra Manual Step Added,Medium
1750,LN-2026117,SOP-LU-001,5,Debt-to-Income Calculation,T.Sharma,2026-05-08 04:19:00,10,11,False,None,Medium
1751,LN-2026117,SOP-LU-001,6,Collateral Valuation,A.Rao,2026-05-08 04:54:00,45,32,False,None,High
1752,LN-2026117,SOP-LU-001,7,Fraud Risk Screening,V.Reddy,2026-05-08 05:20:00,15,16,False,None,High
1753,LN-2026117,SOP-LU-001,8,Automated Credit Scoring,M.Khan,2026-05-08 05:33:00,5,4,True,Approval Bypassed,Medium
1754,LN-2026117,SOP-LU-001,9,Manual Underwriting Review,P.Nair,2026-05-08 06:23:00,30,31,True,Documentation Missing,High
1755,LN-2026117,SOP-LU-001,10,Conditional Approval Decision,M.Khan,2026-05-08 06:46:00,15,17,True,Tool Substitution,Medium
1756,LN-2026117,SOP-LU-001,11,Document Stipulation Collection,P.Nair,2026-05-08 07:05:00,20,16,False,None,Low
1757,LN-2026117,SOP-LU-001,12,Final Compliance Sign-off,K.Menon,2026-05-08 07:35:00,15,14,False,None,High
1758,LN-2026117,SOP-LU-001,13,Final Approval & Booking,A.Rao,2026-05-08 07:56:00,10,10,False,None,Medium
1759,LN-2026117,SOP-LU-001,14,Disbursement Instruction,J.Pillai,2026-05-08 08:17:00,10,12,False,None,Medium
1760,LN-2026117,SOP-LU-001,15,Post-Disbursement Audit Tagging,V.Reddy,2026-05-08 08:43:00,5,12,True,Duration Overrun,Low
1761,LN-2026118,SOP-LU-001,1,Application Intake,A.Rao,2026-05-10 08:29:00,10,19,True,Duration Overrun,Low
1762,LN-2026118,SOP-LU-001,2,KYC & Identity Verification,A.Rao,2026-05-10 09:06:00,20,18,False,None,High
1763,LN-2026118,SOP-LU-001,3,Credit Bureau Pull,M.Khan,2026-05-10 09:22:00,15,14,False,None,Medium
1764,LN-2026118,SOP-LU-001,4,Income & Employment Verification,V.Reddy,2026-05-10 10:03:00,25,28,False,None,Medium
1765,LN-2026118,SOP-LU-001,5,Debt-to-Income Calculation,S.Iyer,2026-05-10 10:20:00,10,7,False,None,Medium
1766,LN-2026118,SOP-LU-001,6,Collateral Valuation,S.Iyer,2026-05-10 11:32:00,45,58,False,None,High
1767,LN-2026118,SOP-LU-001,7,Fraud Risk Screening,S.Iyer,2026-05-10 11:58:00,15,17,False,None,High
1768,LN-2026118,SOP-LU-001,8,Automated Credit Scoring,J.Pillai,2026-05-10 12:17:00,5,5,True,Approval Bypassed,Medium
1769,LN-2026118,SOP-LU-001,9,Manual Underwriting Review,T.Sharma,2026-05-10 12:54:00,30,27,False,None,High
1770,LN-2026118,SOP-LU-001,10,Conditional Approval Decision,M.Khan,2026-05-10 13:09:00,15,12,False,None,Medium
1771,LN-2026118,SOP-LU-001,11,Document Stipulation Collection,J.Pillai,2026-05-10 13:43:00,20,21,False,None,Low
1772,LN-2026118,SOP-LU-001,12,Final Compliance Sign-off,P.Nair,2026-05-10 14:03:00,15,13,False,None,High
1773,LN-2026118,SOP-LU-001,13,Final Approval & Booking,T.Sharma,2026-05-10 14:14:00,10,9,False,None,Medium
1774,LN-2026118,SOP-LU-001,14,Disbursement Instruction,V.Reddy,2026-05-10 14:35:00,10,9,False,None,Medium
1775,LN-2026118,SOP-LU-001,15,Post-Disbursement Audit Tagging,S.Iyer,2026-05-10 14:58:00,5,4,False,None,Low
1776,LN-2026119,SOP-LU-001,1,Application Intake,R.Das,2026-07-04 17:10:00,10,7,False,None,Low
1777,LN-2026119,SOP-LU-001,2,KYC & Identity Verification,N.Bose,2026-07-04 17:36:00,20,20,False,None,High
1778,LN-2026119,SOP-LU-001,3,Credit Bureau Pull,N.Bose,2026-07-04 18:02:00,15,14,False,None,Medium
1779,LN-2026119,SOP-LU-001,4,Income & Employment Verification,P.Nair,2026-07-04 18:32:00,25,20,False,None,Medium
1780,LN-2026119,SOP-LU-001,5,Debt-to-Income Calculation,R.Das,2026-07-04 18:52:00,10,8,True,Approval Bypassed,Medium
1781,LN-2026119,SOP-LU-001,6,Collateral Valuation,S.Iyer,2026-07-04 19:45:00,45,51,False,None,High
1782,LN-2026119,SOP-LU-001,7,Fraud Risk Screening,S.Iyer,2026-07-04 20:10:00,15,10,False,None,High
1783,LN-2026119,SOP-LU-001,8,Automated Credit Scoring,T.Sharma,2026-07-04 20:30:00,5,5,False,None,Medium
1784,LN-2026119,SOP-LU-001,9,Manual Underwriting Review,T.Sharma,2026-07-04 21:12:00,30,28,False,None,High
1785,LN-2026119,SOP-LU-001,10,Conditional Approval Decision,J.Pillai,2026-07-04 21:41:00,15,12,False,None,Medium
1786,LN-2026119,SOP-LU-001,11,Document Stipulation Collection,M.Khan,2026-07-04 22:04:00,20,19,False,None,Low
1787,LN-2026119,SOP-LU-001,12,Final Compliance Sign-off,N.Bose,2026-07-04 22:33:00,15,14,False,None,High
1788,LN-2026119,SOP-LU-001,13,Final Approval & Booking,M.Khan,2026-07-04 22:53:00,10,8,False,None,Medium
1789,LN-2026119,SOP-LU-001,14,Disbursement Instruction,N.Bose,2026-07-04 23:15:00,10,8,False,None,Medium
1790,LN-2026119,SOP-LU-001,15,Post-Disbursement Audit Tagging,S.Iyer,2026-07-04 23:42:00,5,14,True,Duration Overrun,Low
1791,LN-2026120,SOP-LU-001,2,KYC & Identity Verification,S.Iyer,2026-06-28 12:18:00,20,14,False,None,High
1792,LN-2026120,SOP-LU-001,3,Credit Bureau Pull,R.Das,2026-06-28 12:46:00,15,13,False,None,Medium
1793,LN-2026120,SOP-LU-001,4,Income & Employment Verification,R.Das,2026-06-28 13:16:00,25,20,True,Step Skipped,Medium
1794,LN-2026120,SOP-LU-001,5,Debt-to-Income Calculation,A.Rao,2026-06-28 13:31:00,10,10,True,Documentation Missing,Medium
1795,LN-2026120,SOP-LU-001,6,Collateral Valuation,V.Reddy,2026-06-28 14:17:00,45,40,False,None,High
1796,LN-2026120,SOP-LU-001,7,Fraud Risk Screening,N.Bose,2026-06-28 14:37:00,15,16,True,Tool Substitution,High
1797,LN-2026120,SOP-LU-001,8,Automated Credit Scoring,N.Bose,2026-06-28 14:59:00,5,4,False,None,Medium
1798,LN-2026120,SOP-LU-001,9,Manual Underwriting Review,N.Bose,2026-06-28 15:32:00,30,28,False,None,High
1799,LN-2026120,SOP-LU-001,10,Conditional Approval Decision,R.Das,2026-06-28 16:06:00,15,15,False,None,Medium
1800,LN-2026120,SOP-LU-001,11,Document Stipulation Collection,A.Rao,2026-06-28 16:31:00,20,23,False,None,Low
1801,LN-2026120,SOP-LU-001,12,Final Compliance Sign-off,M.Khan,2026-06-28 16:51:00,15,16,False,None,High
1802,LN-2026120,SOP-LU-001,13,Final Approval & Booking,T.Sharma,2026-06-28 17:14:00,10,8,False,None,Medium
1803,LN-2026120,SOP-LU-001,14,Disbursement Instruction,A.Rao,2026-06-28 17:41:00,10,8,False,None,Medium
1804,LN-2026120,SOP-LU-001,15,Post-Disbursement Audit Tagging,P.Nair,2026-06-28 18:04:00,5,8,True,Extra Manual Step Added,Low
1805,LN-2026121,SOP-LU-001,1,Application Intake,P.Nair,2026-05-07 03:29:00,10,11,False,None,Low
1806,LN-2026121,SOP-LU-001,2,KYC & Identity Verification,T.Sharma,2026-05-07 03:55:00,20,21,False,None,High
1807,LN-2026121,SOP-LU-001,3,Credit Bureau Pull,N.Bose,2026-05-07 04:16:00,15,16,False,None,Medium
1808,LN-2026121,SOP-LU-001,4,Income & Employment Verification,P.Nair,2026-05-07 04:42:00,25,22,False,None,Medium
1809,LN-2026121,SOP-LU-001,5,Debt-to-Income Calculation,P.Nair,2026-05-07 05:01:00,10,9,False,None,Medium
1810,LN-2026121,SOP-LU-001,6,Collateral Valuation,S.Iyer,2026-05-07 05:53:00,45,43,False,None,High
1811,LN-2026121,SOP-LU-001,7,Fraud Risk Screening,K.Menon,2026-05-07 06:29:00,15,17,False,None,High
1812,LN-2026121,SOP-LU-001,8,Automated Credit Scoring,N.Bose,2026-05-07 06:37:00,5,6,True,Order Swapped,Medium
1813,LN-2026121,SOP-LU-001,9,Manual Underwriting Review,M.Khan,2026-05-07 07:01:00,30,22,True,Step Skipped,High
1814,LN-2026121,SOP-LU-001,10,Conditional Approval Decision,R.Das,2026-05-07 07:28:00,15,10,False,None,Medium
1815,LN-2026121,SOP-LU-001,11,Document Stipulation Collection,R.Das,2026-05-07 08:01:00,20,26,True,Documentation Missing,Low
1816,LN-2026121,SOP-LU-001,12,Final Compliance Sign-off,S.Iyer,2026-05-07 08:58:00,15,46,True,Duration Overrun,High
1817,LN-2026121,SOP-LU-001,13,Final Approval & Booking,J.Pillai,2026-05-07 09:18:00,10,13,True,Extra Manual Step Added,Medium
1818,LN-2026121,SOP-LU-001,14,Disbursement Instruction,J.Pillai,2026-05-07 09:42:00,10,9,True,Approval Bypassed,Medium
1819,LN-2026121,SOP-LU-001,15,Post-Disbursement Audit Tagging,R.Das,2026-05-07 09:56:00,5,4,False,None,Low
1820,LN-2026122,SOP-LU-001,1,Application Intake,T.Sharma,2026-06-28 17:18:00,10,8,False,None,Low
1821,LN-2026122,SOP-LU-001,2,KYC & Identity Verification,S.Iyer,2026-06-28 17:52:00,20,22,False,None,High
1822,LN-2026122,SOP-LU-001,3,Credit Bureau Pull,N.Bose,2026-06-28 18:11:00,15,16,False,None,Medium
1823,LN-2026122,SOP-LU-001,4,Income & Employment Verification,N.Bose,2026-06-28 18:41:00,25,28,True,Documentation Missing,Medium
1824,LN-2026122,SOP-LU-001,5,Debt-to-Income Calculation,T.Sharma,2026-06-28 19:10:00,10,12,False,None,Medium
1825,LN-2026122,SOP-LU-001,6,Collateral Valuation,P.Nair,2026-06-28 20:05:00,45,49,False,None,High
1826,LN-2026122,SOP-LU-001,7,Fraud Risk Screening,T.Sharma,2026-06-28 20:34:00,15,19,False,None,High
1827,LN-2026122,SOP-LU-001,8,Automated Credit Scoring,P.Nair,2026-06-28 20:51:00,5,4,False,None,Medium
1828,LN-2026122,SOP-LU-001,9,Manual Underwriting Review,J.Pillai,2026-06-28 21:33:00,30,33,False,None,High
1829,LN-2026122,SOP-LU-001,10,Conditional Approval Decision,N.Bose,2026-06-28 22:01:00,15,12,False,None,Medium
1830,LN-2026122,SOP-LU-001,11,Document Stipulation Collection,A.Rao,2026-06-28 22:36:00,20,22,False,None,Low
1831,LN-2026122,SOP-LU-001,12,Final Compliance Sign-off,V.Reddy,2026-06-28 23:04:00,15,19,True,Extra Manual Step Added,High
1832,LN-2026122,SOP-LU-001,13,Final Approval & Booking,J.Pillai,2026-06-28 23:30:00,10,10,False,None,Medium
1833,LN-2026122,SOP-LU-001,14,Disbursement Instruction,P.Nair,2026-06-28 23:41:00,10,9,False,None,Medium
1834,LN-2026122,SOP-LU-001,15,Post-Disbursement Audit Tagging,T.Sharma,2026-06-28 23:56:00,5,3,False,None,Low
1835,LN-2026123,SOP-LU-001,1,Application Intake,N.Bose,2026-06-30 07:24:00,10,17,True,Extra Manual Step Added,Low
1836,LN-2026123,SOP-LU-001,2,KYC & Identity Verification,A.Rao,2026-06-30 07:47:00,20,21,False,None,High
1837,LN-2026123,SOP-LU-001,3,Credit Bureau Pull,T.Sharma,2026-06-30 08:07:00,15,18,False,None,Medium
1838,LN-2026123,SOP-LU-001,4,Income & Employment Verification,N.Bose,2026-06-30 08:37:00,25,16,False,None,Medium
1839,LN-2026123,SOP-LU-001,5,Debt-to-Income Calculation,A.Rao,2026-06-30 08:53:00,10,11,False,None,Medium
1840,LN-2026123,SOP-LU-001,6,Collateral Valuation,P.Nair,2026-06-30 09:42:00,45,42,False,None,High
1841,LN-2026123,SOP-LU-001,7,Fraud Risk Screening,K.Menon,2026-06-30 10:09:00,15,13,False,None,High
1842,LN-2026123,SOP-LU-001,8,Automated Credit Scoring,S.Iyer,2026-06-30 10:19:00,5,5,False,None,Medium
1843,LN-2026123,SOP-LU-001,9,Manual Underwriting Review,N.Bose,2026-06-30 10:53:00,30,22,False,None,High
1844,LN-2026123,SOP-LU-001,10,Conditional Approval Decision,K.Menon,2026-06-30 11:16:00,15,17,False,None,Medium
1845,LN-2026123,SOP-LU-001,11,Document Stipulation Collection,P.Nair,2026-06-30 11:47:00,20,17,True,Approval Bypassed,Low
1846,LN-2026123,SOP-LU-001,12,Final Compliance Sign-off,M.Khan,2026-06-30 12:20:00,15,17,False,None,High
1847,LN-2026123,SOP-LU-001,13,Final Approval & Booking,P.Nair,2026-06-30 12:49:00,10,11,False,None,Medium
1848,LN-2026123,SOP-LU-001,14,Disbursement Instruction,M.Khan,2026-06-30 13:04:00,10,9,False,None,Medium
1849,LN-2026123,SOP-LU-001,15,Post-Disbursement Audit Tagging,K.Menon,2026-06-30 13:12:00,5,4,False,None,Low
1850,LN-2026124,SOP-LU-001,1,Application Intake,T.Sharma,2026-07-14 02:22:00,10,8,False,None,Low
1851,LN-2026124,SOP-LU-001,2,KYC & Identity Verification,A.Rao,2026-07-14 02:52:00,20,18,True,Step Skipped,High
1852,LN-2026124,SOP-LU-001,3,Credit Bureau Pull,N.Bose,2026-07-14 03:26:00,15,21,True,Extra Manual Step Added,Medium
1853,LN-2026124,SOP-LU-001,4,Income & Employment Verification,P.Nair,2026-07-14 04:08:00,25,25,True,Tool Substitution,Medium
1854,LN-2026124,SOP-LU-001,5,Debt-to-Income Calculation,M.Khan,2026-07-14 04:26:00,10,9,False,None,Medium
1855,LN-2026124,SOP-LU-001,6,Collateral Valuation,M.Khan,2026-07-14 05:15:00,45,44,False,None,High
1856,LN-2026124,SOP-LU-001,7,Fraud Risk Screening,A.Rao,2026-07-14 05:35:00,15,7,False,None,High
1857,LN-2026124,SOP-LU-001,8,Automated Credit Scoring,K.Menon,2026-07-14 05:54:00,5,5,False,None,Medium
1858,LN-2026124,SOP-LU-001,9,Manual Underwriting Review,J.Pillai,2026-07-14 06:42:00,30,33,False,None,High
1859,LN-2026124,SOP-LU-001,10,Conditional Approval Decision,J.Pillai,2026-07-14 07:12:00,15,16,True,Approval Bypassed,Medium
1860,LN-2026124,SOP-LU-001,11,Document Stipulation Collection,K.Menon,2026-07-14 07:34:00,20,14,True,Tool Substitution,Low
1861,LN-2026124,SOP-LU-001,12,Final Compliance Sign-off,N.Bose,2026-07-14 07:51:00,15,15,False,None,High
1862,LN-2026124,SOP-LU-001,13,Final Approval & Booking,R.Das,2026-07-14 08:15:00,10,11,True,Tool Substitution,Medium
1863,LN-2026124,SOP-LU-001,14,Disbursement Instruction,R.Das,2026-07-14 08:36:00,10,9,False,None,Medium
1864,LN-2026124,SOP-LU-001,15,Post-Disbursement Audit Tagging,V.Reddy,2026-07-14 08:50:00,5,3,False,None,Low
1865,LN-2026125,SOP-LU-001,1,Application Intake,N.Bose,2026-07-21 14:25:00,10,9,True,Order Swapped,Low
1866,LN-2026125,SOP-LU-001,2,KYC & Identity Verification,M.Khan,2026-07-21 14:48:00,20,20,False,None,High
1867,LN-2026125,SOP-LU-001,3,Credit Bureau Pull,N.Bose,2026-07-21 15:17:00,15,14,False,None,Medium
1868,LN-2026125,SOP-LU-001,4,Income & Employment Verification,S.Iyer,2026-07-21 15:46:00,25,28,False,None,Medium
1869,LN-2026125,SOP-LU-001,5,Debt-to-Income Calculation,T.Sharma,2026-07-21 16:04:00,10,12,False,None,Medium
1870,LN-2026125,SOP-LU-001,6,Collateral Valuation,A.Rao,2026-07-21 16:50:00,45,38,False,None,High
1871,LN-2026125,SOP-LU-001,7,Fraud Risk Screening,N.Bose,2026-07-21 17:06:00,15,13,False,None,High
1872,LN-2026125,SOP-LU-001,8,Automated Credit Scoring,A.Rao,2026-07-21 17:13:00,5,4,True,Step Skipped,Medium
1873,LN-2026125,SOP-LU-001,9,Manual Underwriting Review,M.Khan,2026-07-21 17:52:00,30,26,False,None,High
1874,LN-2026125,SOP-LU-001,10,Conditional Approval Decision,K.Menon,2026-07-21 18:16:00,15,15,False,None,Medium
1875,LN-2026125,SOP-LU-001,11,Document Stipulation Collection,T.Sharma,2026-07-21 18:54:00,20,19,False,None,Low
1876,LN-2026125,SOP-LU-001,12,Final Compliance Sign-off,N.Bose,2026-07-21 19:17:00,15,17,True,Approval Bypassed,High
1877,LN-2026125,SOP-LU-001,13,Final Approval & Booking,P.Nair,2026-07-21 19:40:00,10,10,True,Order Swapped,Medium
1878,LN-2026125,SOP-LU-001,14,Disbursement Instruction,R.Das,2026-07-21 20:04:00,10,9,False,None,Medium
1879,LN-2026125,SOP-LU-001,15,Post-Disbursement Audit Tagging,J.Pillai,2026-07-21 20:28:00,5,5,True,Order Swapped,Low
1880,LN-2026126,SOP-LU-001,1,Application Intake,N.Bose,2026-07-24 19:18:00,10,10,False,None,Low
1881,LN-2026126,SOP-LU-001,2,KYC & Identity Verification,N.Bose,2026-07-24 19:54:00,20,27,False,None,High
1882,LN-2026126,SOP-LU-001,3,Credit Bureau Pull,K.Menon,2026-07-24 20:26:00,15,13,True,Approval Bypassed,Medium
1883,LN-2026126,SOP-LU-001,4,Income & Employment Verification,P.Nair,2026-07-24 20:59:00,25,22,False,None,Medium
1884,LN-2026126,SOP-LU-001,5,Debt-to-Income Calculation,V.Reddy,2026-07-24 21:18:00,10,9,False,None,Medium
1885,LN-2026126,SOP-LU-001,6,Collateral Valuation,T.Sharma,2026-07-24 22:30:00,45,58,False,None,High
1886,LN-2026126,SOP-LU-001,7,Fraud Risk Screening,P.Nair,2026-07-24 22:50:00,15,14,True,Approval Bypassed,High
1887,LN-2026126,SOP-LU-001,8,Automated Credit Scoring,K.Menon,2026-07-24 22:57:00,5,4,True,Documentation Missing,Medium
1888,LN-2026126,SOP-LU-001,9,Manual Underwriting Review,T.Sharma,2026-07-24 23:36:00,30,31,False,None,High
1889,LN-2026126,SOP-LU-001,10,Conditional Approval Decision,T.Sharma,2026-07-25 00:03:00,15,12,False,None,Medium
1890,LN-2026126,SOP-LU-001,11,Document Stipulation Collection,R.Das,2026-07-25 00:30:00,20,20,False,None,Low
1891,LN-2026126,SOP-LU-001,12,Final Compliance Sign-off,S.Iyer,2026-07-25 00:55:00,15,13,False,None,High
1892,LN-2026126,SOP-LU-001,13,Final Approval & Booking,T.Sharma,2026-07-25 01:14:00,10,13,False,None,Medium
1893,LN-2026126,SOP-LU-001,14,Disbursement Instruction,M.Khan,2026-07-25 01:25:00,10,6,False,None,Medium
1894,LN-2026126,SOP-LU-001,15,Post-Disbursement Audit Tagging,P.Nair,2026-07-25 01:47:00,5,6,True,Extra Manual Step Added,Low
1895,LN-2026127,SOP-LU-001,1,Application Intake,R.Das,2026-07-19 16:17:00,10,10,False,None,Low
1896,LN-2026127,SOP-LU-001,2,KYC & Identity Verification,S.Iyer,2026-07-19 16:51:00,20,20,False,None,High
1897,LN-2026127,SOP-LU-001,3,Credit Bureau Pull,T.Sharma,2026-07-19 17:12:00,15,12,False,None,Medium
1898,LN-2026127,SOP-LU-001,4,Income & Employment Verification,V.Reddy,2026-07-19 17:44:00,25,19,False,None,Medium
1899,LN-2026127,SOP-LU-001,5,Debt-to-Income Calculation,R.Das,2026-07-19 18:09:00,10,10,False,None,Medium
1900,LN-2026127,SOP-LU-001,6,Collateral Valuation,K.Menon,2026-07-19 19:06:00,45,38,False,None,High
1901,LN-2026127,SOP-LU-001,7,Fraud Risk Screening,K.Menon,2026-07-19 19:23:00,15,14,True,Documentation Missing,High
1902,LN-2026127,SOP-LU-001,8,Automated Credit Scoring,S.Iyer,2026-07-19 19:43:00,5,4,False,None,Medium
1903,LN-2026127,SOP-LU-001,9,Manual Underwriting Review,P.Nair,2026-07-19 20:31:00,30,29,False,None,High
1904,LN-2026127,SOP-LU-001,10,Conditional Approval Decision,K.Menon,2026-07-19 20:54:00,15,17,False,None,Medium
1905,LN-2026127,SOP-LU-001,11,Document Stipulation Collection,A.Rao,2026-07-19 21:24:00,20,24,False,None,Low
1906,LN-2026127,SOP-LU-001,12,Final Compliance Sign-off,A.Rao,2026-07-19 21:46:00,15,12,False,None,High
1907,LN-2026127,SOP-LU-001,13,Final Approval & Booking,J.Pillai,2026-07-19 22:12:00,10,9,False,None,Medium
1908,LN-2026127,SOP-LU-001,14,Disbursement Instruction,J.Pillai,2026-07-19 22:31:00,10,10,False,None,Medium
1909,LN-2026127,SOP-LU-001,15,Post-Disbursement Audit Tagging,N.Bose,2026-07-19 22:51:00,5,4,True,Step Skipped,Low
1910,LN-2026128,SOP-LU-001,1,Application Intake,S.Iyer,2026-05-16 20:26:00,10,8,False,None,Low
1911,LN-2026128,SOP-LU-001,2,KYC & Identity Verification,P.Nair,2026-05-16 20:41:00,20,14,False,None,High
1912,LN-2026128,SOP-LU-001,3,Credit Bureau Pull,J.Pillai,2026-05-16 21:05:00,15,12,False,None,Medium
1913,LN-2026128,SOP-LU-001,4,Income & Employment Verification,R.Das,2026-05-16 21:42:00,25,20,False,None,Medium
1914,LN-2026128,SOP-LU-001,5,Debt-to-Income Calculation,N.Bose,2026-05-16 21:55:00,10,9,True,Documentation Missing,Medium
1915,LN-2026128,SOP-LU-001,6,Collateral Valuation,N.Bose,2026-05-16 23:16:00,45,78,True,Extra Manual Step Added,High
1916,LN-2026128,SOP-LU-001,7,Fraud Risk Screening,J.Pillai,2026-05-16 23:41:00,15,17,True,Order Swapped,High
1917,LN-2026128,SOP-LU-001,8,Automated Credit Scoring,N.Bose,2026-05-17 00:04:00,5,5,False,None,Medium
1918,LN-2026128,SOP-LU-001,9,Manual Underwriting Review,S.Iyer,2026-05-17 00:42:00,30,27,True,Order Swapped,High
1919,LN-2026128,SOP-LU-001,10,Conditional Approval Decision,J.Pillai,2026-05-17 01:16:00,15,16,False,None,Medium
1920,LN-2026128,SOP-LU-001,11,Document Stipulation Collection,S.Iyer,2026-05-17 01:52:00,20,20,False,None,Low
1921,LN-2026128,SOP-LU-001,12,Final Compliance Sign-off,V.Reddy,2026-05-17 02:13:00,15,17,False,None,High
1922,LN-2026128,SOP-LU-001,13,Final Approval & Booking,A.Rao,2026-05-17 02:28:00,10,10,False,None,Medium
1923,LN-2026128,SOP-LU-001,14,Disbursement Instruction,P.Nair,2026-05-17 03:08:00,10,29,True,Duration Overrun,Medium
1924,LN-2026128,SOP-LU-001,15,Post-Disbursement Audit Tagging,P.Nair,2026-05-17 03:28:00,5,8,True,Extra Manual Step Added,Low
1925,LN-2026129,SOP-LU-001,2,KYC & Identity Verification,M.Khan,2026-08-03 13:22:00,20,15,False,None,High
1926,LN-2026129,SOP-LU-001,3,Credit Bureau Pull,V.Reddy,2026-08-03 13:35:00,15,12,False,None,Medium
1927,LN-2026129,SOP-LU-001,4,Income & Employment Verification,A.Rao,2026-08-03 14:08:00,25,21,False,None,Medium
1928,LN-2026129,SOP-LU-001,5,Debt-to-Income Calculation,T.Sharma,2026-08-03 14:23:00,10,7,False,None,Medium
1929,LN-2026129,SOP-LU-001,6,Collateral Valuation,R.Das,2026-08-03 15:25:00,45,44,True,Documentation Missing,High
1930,LN-2026129,SOP-LU-001,7,Fraud Risk Screening,R.Das,2026-08-03 15:48:00,15,18,False,None,High
1931,LN-2026129,SOP-LU-001,8,Automated Credit Scoring,J.Pillai,2026-08-03 16:00:00,5,5,False,None,Medium
1932,LN-2026129,SOP-LU-001,9,Manual Underwriting Review,M.Khan,2026-08-03 16:36:00,30,27,True,Approval Bypassed,High
1933,LN-2026129,SOP-LU-001,10,Conditional Approval Decision,K.Menon,2026-08-03 17:06:00,15,15,False,None,Medium
1934,LN-2026129,SOP-LU-001,11,Document Stipulation Collection,M.Khan,2026-08-03 17:23:00,20,15,False,None,Low
1935,LN-2026129,SOP-LU-001,12,Final Compliance Sign-off,P.Nair,2026-08-03 17:53:00,15,12,False,None,High
1936,LN-2026129,SOP-LU-001,13,Final Approval & Booking,T.Sharma,2026-08-03 18:08:00,10,12,False,None,Medium
1937,LN-2026129,SOP-LU-001,14,Disbursement Instruction,T.Sharma,2026-08-03 18:23:00,10,9,False,None,Medium
1938,LN-2026129,SOP-LU-001,15,Post-Disbursement Audit Tagging,V.Reddy,2026-08-03 18:31:00,5,3,False,None,Low
1939,LN-2026130,SOP-LU-001,1,Application Intake,P.Nair,2026-06-20 09:20:00,10,9,False,None,Low
1940,LN-2026130,SOP-LU-001,2,KYC & Identity Verification,R.Das,2026-06-20 09:43:00,20,19,True,Approval Bypassed,High
1941,LN-2026130,SOP-LU-001,3,Credit Bureau Pull,S.Iyer,2026-06-20 09:58:00,15,13,True,Order Swapped,Medium
1942,LN-2026130,SOP-LU-001,4,Income & Employment Verification,K.Menon,2026-06-20 10:21:00,25,21,False,None,Medium
1943,LN-2026130,SOP-LU-001,6,Collateral Valuation,M.Khan,2026-06-20 11:24:00,45,47,False,None,High
1944,LN-2026130,SOP-LU-001,5,Debt-to-Income Calculation,K.Menon,2026-06-20 11:49:00,10,11,False,None,Medium
1945,LN-2026130,SOP-LU-001,7,Fraud Risk Screening,V.Reddy,2026-06-20 12:22:00,15,14,False,None,High
1946,LN-2026130,SOP-LU-001,8,Automated Credit Scoring,J.Pillai,2026-06-20 12:43:00,5,4,False,None,Medium
1947,LN-2026130,SOP-LU-001,9,Manual Underwriting Review,M.Khan,2026-06-20 13:12:00,30,24,True,Tool Substitution,High
1948,LN-2026130,SOP-LU-001,10,Conditional Approval Decision,S.Iyer,2026-06-20 13:32:00,15,15,True,Step Skipped,Medium
1949,LN-2026130,SOP-LU-001,11,Document Stipulation Collection,S.Iyer,2026-06-20 14:02:00,20,20,False,None,Low
1950,LN-2026130,SOP-LU-001,12,Final Compliance Sign-off,A.Rao,2026-06-20 14:27:00,15,18,True,Documentation Missing,High
1951,LN-2026130,SOP-LU-001,13,Final Approval & Booking,S.Iyer,2026-06-20 14:54:00,10,12,False,None,Medium
1952,LN-2026130,SOP-LU-001,14,Disbursement Instruction,S.Iyer,2026-06-20 15:17:00,10,13,True,Extra Manual Step Added,Medium
1953,LN-2026130,SOP-LU-001,15,Post-Disbursement Audit Tagging,M.Khan,2026-06-20 15:27:00,5,4,False,None,Low
1954,LN-2026131,SOP-LU-001,1,Application Intake,R.Das,2026-06-29 03:23:00,10,8,True,Approval Bypassed,Low
1955,LN-2026131,SOP-LU-001,2,KYC & Identity Verification,P.Nair,2026-06-29 03:56:00,20,18,False,None,High
1956,LN-2026131,SOP-LU-001,3,Credit Bureau Pull,V.Reddy,2026-06-29 04:16:00,15,16,False,None,Medium
1957,LN-2026131,SOP-LU-001,4,Income & Employment Verification,S.Iyer,2026-06-29 04:47:00,25,28,False,None,Medium
1958,LN-2026131,SOP-LU-001,5,Debt-to-Income Calculation,J.Pillai,2026-06-29 05:31:00,10,30,True,Duration Overrun,Medium
1959,LN-2026131,SOP-LU-001,6,Collateral Valuation,S.Iyer,2026-06-29 06:22:00,45,46,True,Documentation Missing,High
1960,LN-2026131,SOP-LU-001,7,Fraud Risk Screening,N.Bose,2026-06-29 06:45:00,15,11,False,None,High
1961,LN-2026131,SOP-LU-001,8,Automated Credit Scoring,T.Sharma,2026-06-29 07:07:00,5,4,False,None,Medium
1962,LN-2026131,SOP-LU-001,9,Manual Underwriting Review,J.Pillai,2026-06-29 07:52:00,30,33,False,None,High
1963,LN-2026131,SOP-LU-001,10,Conditional Approval Decision,P.Nair,2026-06-29 08:12:00,15,16,False,None,Medium
1964,LN-2026131,SOP-LU-001,11,Document Stipulation Collection,S.Iyer,2026-06-29 08:46:00,20,23,False,None,Low
1965,LN-2026131,SOP-LU-001,12,Final Compliance Sign-off,N.Bose,2026-06-29 09:21:00,15,17,True,Order Swapped,High
1966,LN-2026131,SOP-LU-001,13,Final Approval & Booking,N.Bose,2026-06-29 09:45:00,10,11,False,None,Medium
1967,LN-2026131,SOP-LU-001,14,Disbursement Instruction,S.Iyer,2026-06-29 10:13:00,10,9,False,None,Medium
1968,LN-2026131,SOP-LU-001,15,Post-Disbursement Audit Tagging,S.Iyer,2026-06-29 10:32:00,5,4,False,None,Low
1969,LN-2026132,SOP-LU-001,1,Application Intake,N.Bose,2026-07-31 00:10:00,10,9,True,Tool Substitution,Low
1970,LN-2026132,SOP-LU-001,2,KYC & Identity Verification,K.Menon,2026-07-31 00:33:00,20,19,False,None,High
1971,LN-2026132,SOP-LU-001,3,Credit Bureau Pull,S.Iyer,2026-07-31 01:04:00,15,15,True,Approval Bypassed,Medium
1972,LN-2026132,SOP-LU-001,4,Income & Employment Verification,N.Bose,2026-07-31 01:46:00,25,26,False,None,Medium
1973,LN-2026132,SOP-LU-001,5,Debt-to-Income Calculation,M.Khan,2026-07-31 02:00:00,10,9,False,None,Medium
1974,LN-2026132,SOP-LU-001,6,Collateral Valuation,T.Sharma,2026-07-31 02:56:00,45,38,False,None,High
1975,LN-2026132,SOP-LU-001,7,Fraud Risk Screening,N.Bose,2026-07-31 03:25:00,15,16,False,None,High
1976,LN-2026132,SOP-LU-001,8,Automated Credit Scoring,V.Reddy,2026-07-31 03:48:00,5,5,False,None,Medium
1977,LN-2026132,SOP-LU-001,9,Manual Underwriting Review,M.Khan,2026-07-31 04:36:00,30,35,False,None,High
1978,LN-2026132,SOP-LU-001,10,Conditional Approval Decision,J.Pillai,2026-07-31 05:07:00,15,13,False,None,Medium
1979,LN-2026132,SOP-LU-001,11,Document Stipulation Collection,R.Das,2026-07-31 05:50:00,20,24,True,Order Swapped,Low
1980,LN-2026132,SOP-LU-001,12,Final Compliance Sign-off,P.Nair,2026-07-31 06:10:00,15,17,False,None,High
1981,LN-2026132,SOP-LU-001,13,Final Approval & Booking,K.Menon,2026-07-31 06:35:00,10,11,False,None,Medium
1982,LN-2026132,SOP-LU-001,14,Disbursement Instruction,N.Bose,2026-07-31 06:56:00,10,8,False,None,Medium
1983,LN-2026132,SOP-LU-001,15,Post-Disbursement Audit Tagging,P.Nair,2026-07-31 07:19:00,5,4,False,None,Low
1984,LN-2026133,SOP-LU-001,1,Application Intake,K.Menon,2026-07-18 01:19:00,10,7,False,None,Low
1985,LN-2026133,SOP-LU-001,2,KYC & Identity Verification,M.Khan,2026-07-18 01:38:00,20,18,False,None,High
1986,LN-2026133,SOP-LU-001,3,Credit Bureau Pull,T.Sharma,2026-07-18 02:15:00,15,18,False,None,Medium
1987,LN-2026133,SOP-LU-001,4,Income & Employment Verification,K.Menon,2026-07-18 02:54:00,25,22,False,None,Medium
1988,LN-2026133,SOP-LU-001,5,Debt-to-Income Calculation,J.Pillai,2026-07-18 03:09:00,10,10,True,Approval Bypassed,Medium
1989,LN-2026133,SOP-LU-001,6,Collateral Valuation,N.Bose,2026-07-18 03:51:00,45,39,False,None,High
1990,LN-2026133,SOP-LU-001,7,Fraud Risk Screening,T.Sharma,2026-07-18 04:14:00,15,15,False,None,High
1991,LN-2026133,SOP-LU-001,8,Automated Credit Scoring,M.Khan,2026-07-18 04:33:00,5,3,False,None,Medium
1992,LN-2026133,SOP-LU-001,9,Manual Underwriting Review,M.Khan,2026-07-18 05:23:00,30,34,False,None,High
1993,LN-2026133,SOP-LU-001,10,Conditional Approval Decision,N.Bose,2026-07-18 05:43:00,15,11,False,None,Medium
1994,LN-2026133,SOP-LU-001,11,Document Stipulation Collection,T.Sharma,2026-07-18 06:09:00,20,25,False,None,Low
1995,LN-2026133,SOP-LU-001,12,Final Compliance Sign-off,V.Reddy,2026-07-18 06:31:00,15,11,False,None,High
1996,LN-2026133,SOP-LU-001,13,Final Approval & Booking,R.Das,2026-07-18 06:50:00,10,8,False,None,Medium
1997,LN-2026133,SOP-LU-001,14,Disbursement Instruction,M.Khan,2026-07-18 07:08:00,10,7,False,None,Medium
1998,LN-2026134,SOP-LU-001,1,Application Intake,P.Nair,2026-07-18 06:23:00,10,8,False,None,Low
1999,LN-2026134,SOP-LU-001,2,KYC & Identity Verification,S.Iyer,2026-07-18 06:55:00,20,19,False,None,High
2000,LN-2026134,SOP-LU-001,3,Credit Bureau Pull,M.Khan,2026-07-18 07:19:00,15,12,True,Documentation Missing,Medium
2001,LN-2026134,SOP-LU-001,4,Income & Employment Verification,N.Bose,2026-07-18 07:54:00,25,27,False,None,Medium
2002,LN-2026134,SOP-LU-001,5,Debt-to-Income Calculation,A.Rao,2026-07-18 08:21:00,10,8,False,None,Medium
2003,LN-2026134,SOP-LU-001,6,Collateral Valuation,A.Rao,2026-07-18 09:20:00,45,53,True,Approval Bypassed,High
2004,LN-2026134,SOP-LU-001,7,Fraud Risk Screening,S.Iyer,2026-07-18 09:42:00,15,13,False,None,High
2005,LN-2026134,SOP-LU-001,8,Automated Credit Scoring,J.Pillai,2026-07-18 09:54:00,5,4,False,None,Medium
2006,LN-2026134,SOP-LU-001,9,Manual Underwriting Review,K.Menon,2026-07-18 10:46:00,30,36,False,None,High
2007,LN-2026134,SOP-LU-001,10,Conditional Approval Decision,T.Sharma,2026-07-18 11:05:00,15,14,False,None,Medium
2008,LN-2026134,SOP-LU-001,11,Document Stipulation Collection,M.Khan,2026-07-18 11:38:00,20,16,True,Step Skipped,Low
2009,LN-2026134,SOP-LU-001,12,Final Compliance Sign-off,M.Khan,2026-07-18 12:08:00,15,12,False,None,High
2010,LN-2026134,SOP-LU-001,13,Final Approval & Booking,N.Bose,2026-07-18 12:27:00,10,10,False,None,Medium
2011,LN-2026134,SOP-LU-001,14,Disbursement Instruction,J.Pillai,2026-07-18 12:40:00,10,7,False,None,Medium
2012,LN-2026134,SOP-LU-001,15,Post-Disbursement Audit Tagging,S.Iyer,2026-07-18 12:50:00,5,4,True,Tool Substitution,Low
2013,LN-2026135,SOP-LU-001,1,Application Intake,N.Bose,2026-07-21 20:11:00,10,8,True,Approval Bypassed,Low
2014,LN-2026135,SOP-LU-001,2,KYC & Identity Verification,A.Rao,2026-07-21 20:33:00,20,19,False,None,High
2015,LN-2026135,SOP-LU-001,3,Credit Bureau Pull,N.Bose,2026-07-21 20:58:00,15,12,False,None,Medium
2016,LN-2026135,SOP-LU-001,4,Income & Employment Verification,P.Nair,2026-07-21 21:31:00,25,30,False,None,Medium
2017,LN-2026135,SOP-LU-001,5,Debt-to-Income Calculation,A.Rao,2026-07-21 21:53:00,10,9,False,None,Medium
2018,LN-2026135,SOP-LU-001,6,Collateral Valuation,A.Rao,2026-07-21 22:55:00,45,45,False,None,High
2019,LN-2026135,SOP-LU-001,7,Fraud Risk Screening,K.Menon,2026-07-21 23:26:00,15,15,False,None,High
2020,LN-2026135,SOP-LU-001,8,Automated Credit Scoring,M.Khan,2026-07-21 23:33:00,5,5,False,None,Medium
2021,LN-2026135,SOP-LU-001,9,Manual Underwriting Review,M.Khan,2026-07-22 00:24:00,30,35,False,None,High
2022,LN-2026135,SOP-LU-001,10,Conditional Approval Decision,P.Nair,2026-07-22 00:59:00,15,16,False,None,Medium
2023,LN-2026135,SOP-LU-001,11,Document Stipulation Collection,K.Menon,2026-07-22 01:17:00,20,17,False,None,Low
2024,LN-2026135,SOP-LU-001,12,Final Compliance Sign-off,N.Bose,2026-07-22 01:31:00,15,12,False,None,High
2025,LN-2026135,SOP-LU-001,13,Final Approval & Booking,N.Bose,2026-07-22 01:59:00,10,10,False,None,Medium
2026,LN-2026135,SOP-LU-001,14,Disbursement Instruction,T.Sharma,2026-07-22 02:10:00,10,9,False,None,Medium
2027,LN-2026135,SOP-LU-001,15,Post-Disbursement Audit Tagging,R.Das,2026-07-22 02:22:00,5,6,False,None,Low
2028,LN-2026136,SOP-LU-001,1,Application Intake,M.Khan,2026-07-18 15:16:00,10,7,False,None,Low
2029,LN-2026136,SOP-LU-001,2,KYC & Identity Verification,R.Das,2026-07-18 15:54:00,20,20,False,None,High
2030,LN-2026136,SOP-LU-001,3,Credit Bureau Pull,K.Menon,2026-07-18 16:15:00,15,12,True,Documentation Missing,Medium
2031,LN-2026136,SOP-LU-001,4,Income & Employment Verification,N.Bose,2026-07-18 16:42:00,25,19,False,None,Medium
2032,LN-2026136,SOP-LU-001,5,Debt-to-Income Calculation,K.Menon,2026-07-18 17:03:00,10,12,False,None,Medium
2033,LN-2026136,SOP-LU-001,6,Collateral Valuation,R.Das,2026-07-18 17:57:00,45,37,False,None,High
2034,LN-2026136,SOP-LU-001,7,Fraud Risk Screening,J.Pillai,2026-07-18 18:25:00,15,12,False,None,High
2035,LN-2026136,SOP-LU-001,8,Automated Credit Scoring,V.Reddy,2026-07-18 18:35:00,5,5,False,None,Medium
2036,LN-2026136,SOP-LU-001,9,Manual Underwriting Review,J.Pillai,2026-07-18 19:01:00,30,21,False,None,High
2037,LN-2026136,SOP-LU-001,10,Conditional Approval Decision,P.Nair,2026-07-18 19:22:00,15,19,False,None,Medium
2038,LN-2026136,SOP-LU-001,11,Document Stipulation Collection,V.Reddy,2026-07-18 19:57:00,20,22,False,None,Low
2039,LN-2026136,SOP-LU-001,12,Final Compliance Sign-off,J.Pillai,2026-07-18 20:14:00,15,14,False,None,High
2040,LN-2026136,SOP-LU-001,13,Final Approval & Booking,V.Reddy,2026-07-18 20:39:00,10,9,False,None,Medium
2041,LN-2026136,SOP-LU-001,14,Disbursement Instruction,M.Khan,2026-07-18 20:59:00,10,9,True,Step Skipped,Medium
2042,LN-2026136,SOP-LU-001,15,Post-Disbursement Audit Tagging,P.Nair,2026-07-18 21:06:00,5,4,False,None,Low
2043,LN-2026137,SOP-LU-001,1,Application Intake,T.Sharma,2026-06-19 11:23:00,10,13,False,None,Low
2044,LN-2026137,SOP-LU-001,2,KYC & Identity Verification,A.Rao,2026-06-19 11:52:00,20,20,False,None,High
2045,LN-2026137,SOP-LU-001,3,Credit Bureau Pull,R.Das,2026-06-19 12:12:00,15,13,False,None,Medium
2046,LN-2026137,SOP-LU-001,4,Income & Employment Verification,K.Menon,2026-06-19 12:49:00,25,29,False,None,Medium
2047,LN-2026137,SOP-LU-001,5,Debt-to-Income Calculation,T.Sharma,2026-06-19 13:01:00,10,7,False,None,Medium
2048,LN-2026137,SOP-LU-001,6,Collateral Valuation,V.Reddy,2026-06-19 13:54:00,45,35,True,Order Swapped,High
2049,LN-2026137,SOP-LU-001,7,Fraud Risk Screening,P.Nair,2026-06-19 14:21:00,15,14,False,None,High
2050,LN-2026137,SOP-LU-001,8,Automated Credit Scoring,R.Das,2026-06-19 14:27:00,5,4,False,None,Medium
2051,LN-2026137,SOP-LU-001,9,Manual Underwriting Review,P.Nair,2026-06-19 15:06:00,30,29,True,Approval Bypassed,High
2052,LN-2026137,SOP-LU-001,10,Conditional Approval Decision,P.Nair,2026-06-19 15:28:00,15,16,False,None,Medium
2053,LN-2026137,SOP-LU-001,11,Document Stipulation Collection,P.Nair,2026-06-19 15:56:00,20,17,False,None,Low
2054,LN-2026137,SOP-LU-001,12,Final Compliance Sign-off,P.Nair,2026-06-19 16:15:00,15,14,False,None,High
2055,LN-2026137,SOP-LU-001,13,Final Approval & Booking,P.Nair,2026-06-19 16:43:00,10,9,True,Tool Substitution,Medium
2056,LN-2026137,SOP-LU-001,14,Disbursement Instruction,T.Sharma,2026-06-19 17:05:00,10,7,False,None,Medium
2057,LN-2026137,SOP-LU-001,15,Post-Disbursement Audit Tagging,K.Menon,2026-06-19 17:22:00,5,5,True,Step Skipped,Low
2058,LN-2026138,SOP-LU-001,1,Application Intake,J.Pillai,2026-08-01 22:24:00,10,10,False,None,Low
2059,LN-2026138,SOP-LU-001,2,KYC & Identity Verification,N.Bose,2026-08-01 22:55:00,20,15,True,Tool Substitution,High
2060,LN-2026138,SOP-LU-001,3,Credit Bureau Pull,V.Reddy,2026-08-01 23:22:00,15,12,False,None,Medium
2061,LN-2026138,SOP-LU-001,4,Income & Employment Verification,T.Sharma,2026-08-02 00:08:00,25,28,False,None,Medium
2062,LN-2026138,SOP-LU-001,5,Debt-to-Income Calculation,J.Pillai,2026-08-02 00:33:00,10,9,False,None,Medium
2063,LN-2026138,SOP-LU-001,6,Collateral Valuation,V.Reddy,2026-08-02 01:32:00,45,46,False,None,High
2064,LN-2026138,SOP-LU-001,7,Fraud Risk Screening,N.Bose,2026-08-02 02:00:00,15,15,True,Tool Substitution,High
2065,LN-2026138,SOP-LU-001,8,Automated Credit Scoring,P.Nair,2026-08-02 02:09:00,5,5,False,None,Medium
2066,LN-2026138,SOP-LU-001,9,Manual Underwriting Review,S.Iyer,2026-08-02 02:46:00,30,31,False,None,High
2067,LN-2026138,SOP-LU-001,10,Conditional Approval Decision,M.Khan,2026-08-02 03:18:00,15,15,True,Tool Substitution,Medium
2068,LN-2026138,SOP-LU-001,11,Document Stipulation Collection,N.Bose,2026-08-02 03:52:00,20,20,False,None,Low
2069,LN-2026138,SOP-LU-001,12,Final Compliance Sign-off,M.Khan,2026-08-02 04:14:00,15,20,True,Extra Manual Step Added,High
2070,LN-2026138,SOP-LU-001,13,Final Approval & Booking,S.Iyer,2026-08-02 04:30:00,10,13,False,None,Medium
2071,LN-2026138,SOP-LU-001,14,Disbursement Instruction,K.Menon,2026-08-02 04:45:00,10,8,False,None,Medium
2072,LN-2026138,SOP-LU-001,15,Post-Disbursement Audit Tagging,V.Reddy,2026-08-02 04:57:00,5,4,False,None,Low
2073,LN-2026139,SOP-LU-001,1,Application Intake,K.Menon,2026-08-01 18:16:00,10,9,True,Documentation Missing,Low
2074,LN-2026139,SOP-LU-001,2,KYC & Identity Verification,J.Pillai,2026-08-01 18:46:00,20,21,False,None,High
2075,LN-2026139,SOP-LU-001,3,Credit Bureau Pull,S.Iyer,2026-08-01 19:09:00,15,15,False,None,Medium
2076,LN-2026139,SOP-LU-001,4,Income & Employment Verification,P.Nair,2026-08-01 19:38:00,25,25,False,None,Medium
2077,LN-2026139,SOP-LU-001,5,Debt-to-Income Calculation,J.Pillai,2026-08-01 20:03:00,10,12,False,None,Medium
2078,LN-2026139,SOP-LU-001,6,Collateral Valuation,S.Iyer,2026-08-01 21:04:00,45,53,False,None,High
2079,LN-2026139,SOP-LU-001,7,Fraud Risk Screening,P.Nair,2026-08-01 21:27:00,15,14,False,None,High
2080,LN-2026139,SOP-LU-001,8,Automated Credit Scoring,T.Sharma,2026-08-01 21:42:00,5,4,False,None,Medium
2081,LN-2026139,SOP-LU-001,9,Manual Underwriting Review,M.Khan,2026-08-01 22:20:00,30,34,False,None,High
2082,LN-2026139,SOP-LU-001,10,Conditional Approval Decision,S.Iyer,2026-08-01 22:43:00,15,18,False,None,Medium
2083,LN-2026139,SOP-LU-001,11,Document Stipulation Collection,J.Pillai,2026-08-01 23:13:00,20,27,False,None,Low
2084,LN-2026139,SOP-LU-001,12,Final Compliance Sign-off,K.Menon,2026-08-01 23:44:00,15,15,False,None,High
2085,LN-2026139,SOP-LU-001,14,Disbursement Instruction,P.Nair,2026-08-02 00:09:00,10,10,False,None,Medium
2086,LN-2026139,SOP-LU-001,13,Final Approval & Booking,M.Khan,2026-08-02 00:22:00,10,10,False,None,Medium
2087,LN-2026139,SOP-LU-001,15,Post-Disbursement Audit Tagging,S.Iyer,2026-08-02 00:44:00,5,5,True,Tool Substitution,Low
2088,LN-2026140,SOP-LU-001,1,Application Intake,N.Bose,2026-06-13 15:29:00,10,11,False,None,Low
2089,LN-2026140,SOP-LU-001,2,KYC & Identity Verification,T.Sharma,2026-06-13 16:06:00,20,22,False,None,High
2090,LN-2026140,SOP-LU-001,3,Credit Bureau Pull,R.Das,2026-06-13 16:35:00,15,14,False,None,Medium
2091,LN-2026140,SOP-LU-001,4,Income & Employment Verification,J.Pillai,2026-06-13 17:04:00,25,25,False,None,Medium
2092,LN-2026140,SOP-LU-001,5,Debt-to-Income Calculation,S.Iyer,2026-06-13 17:22:00,10,10,True,Step Skipped,Medium
2093,LN-2026140,SOP-LU-001,6,Collateral Valuation,R.Das,2026-06-13 18:26:00,45,51,True,Tool Substitution,High
2094,LN-2026140,SOP-LU-001,7,Fraud Risk Screening,K.Menon,2026-06-13 18:53:00,15,18,False,None,High
2095,LN-2026140,SOP-LU-001,8,Automated Credit Scoring,T.Sharma,2026-06-13 18:59:00,5,4,False,None,Medium
2096,LN-2026140,SOP-LU-001,10,Conditional Approval Decision,T.Sharma,2026-06-13 19:29:00,15,15,False,None,Medium
2097,LN-2026140,SOP-LU-001,9,Manual Underwriting Review,R.Das,2026-06-13 19:54:00,30,23,False,None,High
2098,LN-2026140,SOP-LU-001,11,Document Stipulation Collection,M.Khan,2026-06-13 20:28:00,20,16,False,None,Low
2099,LN-2026140,SOP-LU-001,12,Final Compliance Sign-off,J.Pillai,2026-06-13 20:51:00,15,17,True,Tool Substitution,High
2100,LN-2026140,SOP-LU-001,13,Final Approval & Booking,N.Bose,2026-06-13 21:14:00,10,9,True,Documentation Missing,Medium
2101,LN-2026140,SOP-LU-001,14,Disbursement Instruction,R.Das,2026-06-13 21:27:00,10,10,True,Tool Substitution,Medium
2102,LN-2026140,SOP-LU-001,15,Post-Disbursement Audit Tagging,N.Bose,2026-06-13 21:36:00,5,4,False,None,Low
2103,LN-2026141,SOP-LU-001,1,Application Intake,M.Khan,2026-06-09 02:09:00,10,7,False,None,Low
2104,LN-2026141,SOP-LU-001,2,KYC & Identity Verification,V.Reddy,2026-06-09 02:32:00,20,19,False,None,High
2105,LN-2026141,SOP-LU-001,3,Credit Bureau Pull,S.Iyer,2026-06-09 02:48:00,15,10,False,None,Medium
2106,LN-2026141,SOP-LU-001,4,Income & Employment Verification,T.Sharma,2026-06-09 03:30:00,25,25,False,None,Medium
2107,LN-2026141,SOP-LU-001,5,Debt-to-Income Calculation,J.Pillai,2026-06-09 03:55:00,10,9,False,None,Medium
2108,LN-2026141,SOP-LU-001,6,Collateral Valuation,K.Menon,2026-06-09 04:59:00,45,45,False,None,High
2109,LN-2026141,SOP-LU-001,7,Fraud Risk Screening,P.Nair,2026-06-09 05:22:00,15,19,True,Extra Manual Step Added,High
2110,LN-2026141,SOP-LU-001,8,Automated Credit Scoring,R.Das,2026-06-09 05:28:00,5,4,False,None,Medium
2111,LN-2026141,SOP-LU-001,9,Manual Underwriting Review,J.Pillai,2026-06-09 05:59:00,30,30,False,None,High
2112,LN-2026141,SOP-LU-001,10,Conditional Approval Decision,R.Das,2026-06-09 06:14:00,15,14,False,None,Medium
2113,LN-2026141,SOP-LU-001,11,Document Stipulation Collection,T.Sharma,2026-06-09 06:48:00,20,16,False,None,Low
2114,LN-2026141,SOP-LU-001,12,Final Compliance Sign-off,N.Bose,2026-06-09 07:16:00,15,17,False,None,High
2115,LN-2026141,SOP-LU-001,13,Final Approval & Booking,M.Khan,2026-06-09 07:37:00,10,11,False,None,Medium
2116,LN-2026141,SOP-LU-001,14,Disbursement Instruction,A.Rao,2026-06-09 07:57:00,10,11,True,Tool Substitution,Medium
2117,LN-2026141,SOP-LU-001,15,Post-Disbursement Audit Tagging,R.Das,2026-06-09 08:18:00,5,5,True,Order Swapped,Low
2118,LN-2026142,SOP-LU-001,1,Application Intake,M.Khan,2026-06-03 09:28:00,10,10,True,Order Swapped,Low
2119,LN-2026142,SOP-LU-001,2,KYC & Identity Verification,V.Reddy,2026-06-03 10:04:00,20,23,True,Step Skipped,High
2120,LN-2026142,SOP-LU-001,3,Credit Bureau Pull,A.Rao,2026-06-03 10:34:00,15,13,False,None,Medium
2121,LN-2026142,SOP-LU-001,4,Income & Employment Verification,N.Bose,2026-06-03 11:16:00,25,32,False,None,Medium
2122,LN-2026142,SOP-LU-001,5,Debt-to-Income Calculation,K.Menon,2026-06-03 11:42:00,10,9,False,None,Medium
2123,LN-2026142,SOP-LU-001,6,Collateral Valuation,S.Iyer,2026-06-03 12:46:00,45,46,True,Documentation Missing,High
2124,LN-2026142,SOP-LU-001,7,Fraud Risk Screening,R.Das,2026-06-03 13:41:00,15,47,True,Duration Overrun,High
2125,LN-2026142,SOP-LU-001,8,Automated Credit Scoring,R.Das,2026-06-03 13:50:00,5,5,True,Approval Bypassed,Medium
2126,LN-2026142,SOP-LU-001,9,Manual Underwriting Review,S.Iyer,2026-06-03 14:30:00,30,26,False,None,High
2127,LN-2026142,SOP-LU-001,10,Conditional Approval Decision,S.Iyer,2026-06-03 15:01:00,15,17,True,Tool Substitution,Medium
2128,LN-2026142,SOP-LU-001,11,Document Stipulation Collection,T.Sharma,2026-06-03 15:29:00,20,19,True,Approval Bypassed,Low
2129,LN-2026142,SOP-LU-001,12,Final Compliance Sign-off,T.Sharma,2026-06-03 15:51:00,15,16,False,None,High
2130,LN-2026142,SOP-LU-001,13,Final Approval & Booking,V.Reddy,2026-06-03 16:08:00,10,9,False,None,Medium
2131,LN-2026142,SOP-LU-001,14,Disbursement Instruction,N.Bose,2026-06-03 16:31:00,10,8,False,None,Medium
2132,LN-2026142,SOP-LU-001,15,Post-Disbursement Audit Tagging,N.Bose,2026-06-03 16:42:00,5,4,False,None,Low
2133,LN-2026143,SOP-LU-001,1,Application Intake,S.Iyer,2026-05-04 10:11:00,10,8,False,None,Low
2134,LN-2026143,SOP-LU-001,2,KYC & Identity Verification,V.Reddy,2026-05-04 10:41:00,20,19,False,None,High
2135,LN-2026143,SOP-LU-001,3,Credit Bureau Pull,J.Pillai,2026-05-04 11:04:00,15,14,False,None,Medium
2136,LN-2026143,SOP-LU-001,4,Income & Employment Verification,N.Bose,2026-05-04 11:42:00,25,28,False,None,Medium
2137,LN-2026143,SOP-LU-001,5,Debt-to-Income Calculation,T.Sharma,2026-05-04 12:08:00,10,9,False,None,Medium
2138,LN-2026143,SOP-LU-001,6,Collateral Valuation,P.Nair,2026-05-04 12:56:00,45,42,False,None,High
2139,LN-2026143,SOP-LU-001,7,Fraud Risk Screening,V.Reddy,2026-05-04 13:22:00,15,12,False,None,High
2140,LN-2026143,SOP-LU-001,8,Automated Credit Scoring,M.Khan,2026-05-04 13:29:00,5,4,False,None,Medium
2141,LN-2026143,SOP-LU-001,9,Manual Underwriting Review,R.Das,2026-05-04 14:06:00,30,25,False,None,High
2142,LN-2026143,SOP-LU-001,10,Conditional Approval Decision,S.Iyer,2026-05-04 14:23:00,15,15,True,Documentation Missing,Medium
2143,LN-2026143,SOP-LU-001,11,Document Stipulation Collection,V.Reddy,2026-05-04 14:48:00,20,20,False,None,Low
2144,LN-2026143,SOP-LU-001,12,Final Compliance Sign-off,V.Reddy,2026-05-04 15:06:00,15,17,False,None,High
2145,LN-2026143,SOP-LU-001,13,Final Approval & Booking,V.Reddy,2026-05-04 15:23:00,10,9,False,None,Medium
2146,LN-2026143,SOP-LU-001,14,Disbursement Instruction,M.Khan,2026-05-04 15:49:00,10,10,False,None,Medium
2147,LN-2026143,SOP-LU-001,15,Post-Disbursement Audit Tagging,J.Pillai,2026-05-04 16:00:00,5,4,False,None,Low
2148,LN-2026144,SOP-LU-001,1,Application Intake,M.Khan,2026-07-29 19:25:00,10,10,True,Documentation Missing,Low
2149,LN-2026144,SOP-LU-001,2,KYC & Identity Verification,S.Iyer,2026-07-29 20:02:00,20,18,False,None,High
2150,LN-2026144,SOP-LU-001,3,Credit Bureau Pull,M.Khan,2026-07-29 20:22:00,15,18,False,None,Medium
2151,LN-2026144,SOP-LU-001,4,Income & Employment Verification,P.Nair,2026-07-29 20:50:00,25,23,False,None,Medium
2152,LN-2026144,SOP-LU-001,5,Debt-to-Income Calculation,M.Khan,2026-07-29 21:10:00,10,8,False,None,Medium
2153,LN-2026144,SOP-LU-001,6,Collateral Valuation,N.Bose,2026-07-29 22:00:00,45,49,False,None,High
2154,LN-2026144,SOP-LU-001,7,Fraud Risk Screening,J.Pillai,2026-07-29 22:31:00,15,16,False,None,High
2155,LN-2026144,SOP-LU-001,9,Manual Underwriting Review,R.Das,2026-07-29 23:15:00,30,26,False,None,High
2156,LN-2026144,SOP-LU-001,8,Automated Credit Scoring,N.Bose,2026-07-29 23:26:00,5,5,False,None,Medium
2157,LN-2026144,SOP-LU-001,10,Conditional Approval Decision,M.Khan,2026-07-29 23:52:00,15,13,False,None,Medium
2158,LN-2026144,SOP-LU-001,11,Document Stipulation Collection,S.Iyer,2026-07-30 00:18:00,20,19,True,Step Skipped,Low
2159,LN-2026144,SOP-LU-001,12,Final Compliance Sign-off,V.Reddy,2026-07-30 00:40:00,15,17,True,Step Skipped,High
2160,LN-2026144,SOP-LU-001,13,Final Approval & Booking,R.Das,2026-07-30 00:53:00,10,11,False,None,Medium
2161,LN-2026144,SOP-LU-001,14,Disbursement Instruction,V.Reddy,2026-07-30 01:08:00,10,9,False,None,Medium
2162,LN-2026144,SOP-LU-001,15,Post-Disbursement Audit Tagging,S.Iyer,2026-07-30 01:29:00,5,5,True,Step Skipped,Low
2163,LN-2026145,SOP-LU-001,1,Application Intake,S.Iyer,2026-06-26 13:15:00,10,12,False,None,Low
2164,LN-2026145,SOP-LU-001,2,KYC & Identity Verification,A.Rao,2026-06-26 13:36:00,20,19,False,None,High
2165,LN-2026145,SOP-LU-001,3,Credit Bureau Pull,A.Rao,2026-06-26 14:01:00,15,18,True,Order Swapped,Medium
2166,LN-2026145,SOP-LU-001,5,Debt-to-Income Calculation,T.Sharma,2026-06-26 14:10:00,10,6,False,None,Medium
2167,LN-2026145,SOP-LU-001,4,Income & Employment Verification,V.Reddy,2026-06-26 14:48:00,25,27,False,None,Medium
2168,LN-2026145,SOP-LU-001,6,Collateral Valuation,V.Reddy,2026-06-26 15:46:00,45,51,False,None,High
2169,LN-2026145,SOP-LU-001,7,Fraud Risk Screening,A.Rao,2026-06-26 16:07:00,15,15,False,None,High
2170,LN-2026145,SOP-LU-001,8,Automated Credit Scoring,S.Iyer,2026-06-26 16:19:00,5,5,False,None,Medium
2171,LN-2026145,SOP-LU-001,9,Manual Underwriting Review,M.Khan,2026-06-26 16:58:00,30,35,True,Tool Substitution,High
2172,LN-2026145,SOP-LU-001,10,Conditional Approval Decision,S.Iyer,2026-06-26 17:52:00,15,37,True,Duration Overrun,Medium
2173,LN-2026145,SOP-LU-001,11,Document Stipulation Collection,R.Das,2026-06-26 18:28:00,20,21,True,Tool Substitution,Low
2174,LN-2026145,SOP-LU-001,12,Final Compliance Sign-off,A.Rao,2026-06-26 18:52:00,15,14,False,None,High
2175,LN-2026145,SOP-LU-001,13,Final Approval & Booking,P.Nair,2026-06-26 19:19:00,10,11,True,Tool Substitution,Medium
2176,LN-2026145,SOP-LU-001,14,Disbursement Instruction,V.Reddy,2026-06-26 19:38:00,10,10,False,None,Medium
2177,LN-2026146,SOP-LU-001,1,Application Intake,K.Menon,2026-07-26 15:28:00,10,11,True,Approval Bypassed,Low
2178,LN-2026146,SOP-LU-001,2,KYC & Identity Verification,P.Nair,2026-07-26 16:00:00,20,18,False,None,High
2179,LN-2026146,SOP-LU-001,3,Credit Bureau Pull,R.Das,2026-07-26 16:14:00,15,10,False,None,Medium
2180,LN-2026146,SOP-LU-001,4,Income & Employment Verification,S.Iyer,2026-07-26 16:48:00,25,16,False,None,Medium
2181,LN-2026146,SOP-LU-001,5,Debt-to-Income Calculation,A.Rao,2026-07-26 16:58:00,10,9,False,None,Medium
2182,LN-2026146,SOP-LU-001,6,Collateral Valuation,N.Bose,2026-07-26 17:59:00,45,50,False,None,High
2183,LN-2026146,SOP-LU-001,7,Fraud Risk Screening,R.Das,2026-07-26 18:25:00,15,15,False,None,High
2184,LN-2026146,SOP-LU-001,8,Automated Credit Scoring,R.Das,2026-07-26 18:35:00,5,4,False,None,Medium
2185,LN-2026146,SOP-LU-001,9,Manual Underwriting Review,P.Nair,2026-07-26 19:19:00,30,30,True,Step Skipped,High
2186,LN-2026146,SOP-LU-001,10,Conditional Approval Decision,P.Nair,2026-07-26 19:31:00,15,11,False,None,Medium
2187,LN-2026146,SOP-LU-001,11,Document Stipulation Collection,T.Sharma,2026-07-26 19:59:00,20,19,False,None,Low
2188,LN-2026146,SOP-LU-001,12,Final Compliance Sign-off,R.Das,2026-07-26 20:17:00,15,14,True,Tool Substitution,High
2189,LN-2026146,SOP-LU-001,13,Final Approval & Booking,M.Khan,2026-07-26 20:37:00,10,10,False,None,Medium
2190,LN-2026146,SOP-LU-001,14,Disbursement Instruction,A.Rao,2026-07-26 21:02:00,10,12,False,None,Medium
2191,LN-2026146,SOP-LU-001,15,Post-Disbursement Audit Tagging,J.Pillai,2026-07-26 21:12:00,5,5,False,None,Low
2192,LN-2026147,SOP-LU-001,1,Application Intake,T.Sharma,2026-05-24 04:28:00,10,10,False,None,Low
2193,LN-2026147,SOP-LU-001,2,KYC & Identity Verification,P.Nair,2026-05-24 04:52:00,20,20,False,None,High
2194,LN-2026147,SOP-LU-001,3,Credit Bureau Pull,J.Pillai,2026-05-24 05:24:00,15,14,True,Step Skipped,Medium
2195,LN-2026147,SOP-LU-001,4,Income & Employment Verification,A.Rao,2026-05-24 06:14:00,25,35,False,None,Medium
2196,LN-2026147,SOP-LU-001,5,Debt-to-Income Calculation,S.Iyer,2026-05-24 06:35:00,10,10,True,Approval Bypassed,Medium
2197,LN-2026147,SOP-LU-001,6,Collateral Valuation,K.Menon,2026-05-24 07:34:00,45,44,False,None,High
2198,LN-2026147,SOP-LU-001,7,Fraud Risk Screening,T.Sharma,2026-05-24 07:53:00,15,14,True,Order Swapped,High
2199,LN-2026147,SOP-LU-001,8,Automated Credit Scoring,T.Sharma,2026-05-24 08:13:00,5,6,False,None,Medium
2200,LN-2026147,SOP-LU-001,9,Manual Underwriting Review,V.Reddy,2026-05-24 08:59:00,30,29,False,None,High
2201,LN-2026147,SOP-LU-001,10,Conditional Approval Decision,A.Rao,2026-05-24 09:14:00,15,13,False,None,Medium
2202,LN-2026147,SOP-LU-001,11,Document Stipulation Collection,T.Sharma,2026-05-24 09:26:00,20,11,False,None,Low
2203,LN-2026147,SOP-LU-001,12,Final Compliance Sign-off,R.Das,2026-05-24 09:42:00,15,15,False,None,High
2204,LN-2026147,SOP-LU-001,13,Final Approval & Booking,V.Reddy,2026-05-24 10:05:00,10,11,False,None,Medium
2205,LN-2026147,SOP-LU-001,14,Disbursement Instruction,N.Bose,2026-05-24 10:25:00,10,9,False,None,Medium
2206,LN-2026147,SOP-LU-001,15,Post-Disbursement Audit Tagging,V.Reddy,2026-05-24 10:47:00,5,5,False,None,Low
2207,LN-2026148,SOP-LU-001,1,Application Intake,V.Reddy,2026-05-24 14:24:00,10,10,False,None,Low
2208,LN-2026148,SOP-LU-001,2,KYC & Identity Verification,J.Pillai,2026-05-24 15:01:00,20,23,False,None,High
2209,LN-2026148,SOP-LU-001,3,Credit Bureau Pull,N.Bose,2026-05-24 15:15:00,15,13,False,None,Medium
2210,LN-2026148,SOP-LU-001,4,Income & Employment Verification,S.Iyer,2026-05-24 15:57:00,25,25,True,Documentation Missing,Medium
2211,LN-2026148,SOP-LU-001,5,Debt-to-Income Calculation,R.Das,2026-05-24 16:16:00,10,12,False,None,Medium
2212,LN-2026148,SOP-LU-001,6,Collateral Valuation,V.Reddy,2026-05-24 16:54:00,45,32,False,None,High
2213,LN-2026148,SOP-LU-001,7,Fraud Risk Screening,N.Bose,2026-05-24 17:15:00,15,12,True,Approval Bypassed,High
2214,LN-2026148,SOP-LU-001,8,Automated Credit Scoring,S.Iyer,2026-05-24 17:34:00,5,5,False,None,Medium
2215,LN-2026148,SOP-LU-001,9,Manual Underwriting Review,J.Pillai,2026-05-24 18:04:00,30,23,False,None,High
2216,LN-2026148,SOP-LU-001,10,Conditional Approval Decision,J.Pillai,2026-05-24 18:20:00,15,15,False,None,Medium
2217,LN-2026148,SOP-LU-001,11,Document Stipulation Collection,K.Menon,2026-05-24 18:42:00,20,19,True,Approval Bypassed,Low
2218,LN-2026148,SOP-LU-001,12,Final Compliance Sign-off,N.Bose,2026-05-24 19:04:00,15,18,False,None,High
2219,LN-2026148,SOP-LU-001,13,Final Approval & Booking,P.Nair,2026-05-24 19:24:00,10,8,False,None,Medium
2220,LN-2026148,SOP-LU-001,14,Disbursement Instruction,V.Reddy,2026-05-24 19:42:00,10,6,False,None,Medium
2221,LN-2026148,SOP-LU-001,15,Post-Disbursement Audit Tagging,S.Iyer,2026-05-24 19:50:00,5,6,False,None,Low
2222,LN-2026149,SOP-LU-001,1,Application Intake,K.Menon,2026-06-11 11:19:00,10,11,False,None,Low
2223,LN-2026149,SOP-LU-001,2,KYC & Identity Verification,K.Menon,2026-06-11 11:57:00,20,22,True,Approval Bypassed,High
2224,LN-2026149,SOP-LU-001,3,Credit Bureau Pull,S.Iyer,2026-06-11 12:11:00,15,12,True,Order Swapped,Medium
2225,LN-2026149,SOP-LU-001,4,Income & Employment Verification,P.Nair,2026-06-11 12:40:00,25,26,False,None,Medium
2226,LN-2026149,SOP-LU-001,5,Debt-to-Income Calculation,K.Menon,2026-06-11 13:00:00,10,8,True,Order Swapped,Medium
2227,LN-2026149,SOP-LU-001,6,Collateral Valuation,M.Khan,2026-06-11 14:04:00,45,50,True,Approval Bypassed,High
2228,LN-2026149,SOP-LU-001,7,Fraud Risk Screening,N.Bose,2026-06-11 14:35:00,15,15,False,None,High
2229,LN-2026149,SOP-LU-001,8,Automated Credit Scoring,J.Pillai,2026-06-11 14:54:00,5,5,False,None,Medium
2230,LN-2026149,SOP-LU-001,9,Manual Underwriting Review,T.Sharma,2026-06-11 15:29:00,30,29,False,None,High
2231,LN-2026149,SOP-LU-001,10,Conditional Approval Decision,K.Menon,2026-06-11 15:59:00,15,12,True,Approval Bypassed,Medium
2232,LN-2026149,SOP-LU-001,11,Document Stipulation Collection,V.Reddy,2026-06-11 16:30:00,20,19,True,Order Swapped,Low
2233,LN-2026149,SOP-LU-001,12,Final Compliance Sign-off,K.Menon,2026-06-11 17:04:00,15,15,False,None,High
2234,LN-2026149,SOP-LU-001,13,Final Approval & Booking,A.Rao,2026-06-11 17:23:00,10,11,False,None,Medium
2235,LN-2026149,SOP-LU-001,14,Disbursement Instruction,M.Khan,2026-06-11 17:40:00,10,11,False,None,Medium
2236,LN-2026149,SOP-LU-001,15,Post-Disbursement Audit Tagging,A.Rao,2026-06-11 17:55:00,5,4,False,None,Low
2237,LN-2026150,SOP-LU-001,1,Application Intake,R.Das,2026-06-03 23:27:00,10,12,True,Step Skipped,Low
2238,LN-2026150,SOP-LU-001,2,KYC & Identity Verification,N.Bose,2026-06-03 23:46:00,20,16,True,Order Swapped,High
2239,LN-2026150,SOP-LU-001,3,Credit Bureau Pull,P.Nair,2026-06-04 00:07:00,15,16,True,Approval Bypassed,Medium
2240,LN-2026150,SOP-LU-001,4,Income & Employment Verification,P.Nair,2026-06-04 00:37:00,25,21,False,None,Medium
2241,LN-2026150,SOP-LU-001,5,Debt-to-Income Calculation,P.Nair,2026-06-04 01:02:00,10,8,True,Approval Bypassed,Medium
2242,LN-2026150,SOP-LU-001,6,Collateral Valuation,S.Iyer,2026-06-04 01:58:00,45,48,False,None,High
2243,LN-2026150,SOP-LU-001,7,Fraud Risk Screening,N.Bose,2026-06-04 02:22:00,15,16,False,None,High
2244,LN-2026150,SOP-LU-001,8,Automated Credit Scoring,K.Menon,2026-06-04 02:35:00,5,3,False,None,Medium
2245,LN-2026150,SOP-LU-001,9,Manual Underwriting Review,J.Pillai,2026-06-04 03:15:00,30,26,False,None,High
2246,LN-2026150,SOP-LU-001,10,Conditional Approval Decision,V.Reddy,2026-06-04 03:48:00,15,19,False,None,Medium
2247,LN-2026150,SOP-LU-001,11,Document Stipulation Collection,M.Khan,2026-06-04 04:19:00,20,17,False,None,Low
2248,LN-2026150,SOP-LU-001,12,Final Compliance Sign-off,S.Iyer,2026-06-04 04:37:00,15,16,False,None,High
2249,LN-2026150,SOP-LU-001,13,Final Approval & Booking,N.Bose,2026-06-04 05:05:00,10,9,False,None,Medium
2250,LN-2026150,SOP-LU-001,14,Disbursement Instruction,T.Sharma,2026-06-04 05:14:00,10,8,False,None,Medium
2251,LN-2026150,SOP-LU-001,15,Post-Disbursement Audit Tagging,N.Bose,2026-06-04 05:33:00,5,6,False,None,Low
2252,LN-2026151,SOP-LU-001,1,Application Intake,T.Sharma,2026-06-06 01:21:00,10,11,False,None,Low
2253,LN-2026151,SOP-LU-001,2,KYC & Identity Verification,T.Sharma,2026-06-06 02:00:00,20,21,False,None,High
2254,LN-2026151,SOP-LU-001,3,Credit Bureau Pull,M.Khan,2026-06-06 02:20:00,15,15,False,None,Medium
2255,LN-2026151,SOP-LU-001,4,Income & Employment Verification,M.Khan,2026-06-06 03:00:00,25,21,False,None,Medium
2256,LN-2026151,SOP-LU-001,5,Debt-to-Income Calculation,T.Sharma,2026-06-06 03:21:00,10,10,False,None,Medium
2257,LN-2026151,SOP-LU-001,6,Collateral Valuation,J.Pillai,2026-06-06 04:24:00,45,54,False,None,High
2258,LN-2026151,SOP-LU-001,7,Fraud Risk Screening,M.Khan,2026-06-06 04:44:00,15,18,False,None,High
2259,LN-2026151,SOP-LU-001,8,Automated Credit Scoring,R.Das,2026-06-06 04:51:00,5,3,False,None,Medium
2260,LN-2026151,SOP-LU-001,9,Manual Underwriting Review,V.Reddy,2026-06-06 05:32:00,30,31,False,None,High
2261,LN-2026151,SOP-LU-001,10,Conditional Approval Decision,M.Khan,2026-06-06 05:49:00,15,13,False,None,Medium
2262,LN-2026151,SOP-LU-001,11,Document Stipulation Collection,R.Das,2026-06-06 06:21:00,20,22,True,Step Skipped,Low
2263,LN-2026151,SOP-LU-001,12,Final Compliance Sign-off,N.Bose,2026-06-06 06:58:00,15,19,False,None,High
2264,LN-2026151,SOP-LU-001,13,Final Approval & Booking,A.Rao,2026-06-06 07:24:00,10,14,True,Extra Manual Step Added,Medium
2265,LN-2026151,SOP-LU-001,14,Disbursement Instruction,P.Nair,2026-06-06 07:41:00,10,10,False,None,Medium
2266,LN-2026151,SOP-LU-001,15,Post-Disbursement Audit Tagging,A.Rao,2026-06-06 07:54:00,5,7,True,Extra Manual Step Added,Low
2267,LN-2026152,SOP-LU-001,1,Application Intake,N.Bose,2026-06-24 21:21:00,10,9,False,None,Low
2268,LN-2026152,SOP-LU-001,2,KYC & Identity Verification,J.Pillai,2026-06-24 21:49:00,20,18,False,None,High
2269,LN-2026152,SOP-LU-001,3,Credit Bureau Pull,S.Iyer,2026-06-24 22:26:00,15,18,False,None,Medium
2270,LN-2026152,SOP-LU-001,4,Income & Employment Verification,T.Sharma,2026-06-24 23:17:00,25,43,True,Duration Overrun,Medium
2271,LN-2026152,SOP-LU-001,5,Debt-to-Income Calculation,T.Sharma,2026-06-24 23:38:00,10,14,True,Extra Manual Step Added,Medium
2272,LN-2026152,SOP-LU-001,6,Collateral Valuation,P.Nair,2026-06-25 00:20:00,45,41,False,None,High
2273,LN-2026152,SOP-LU-001,7,Fraud Risk Screening,R.Das,2026-06-25 00:45:00,15,13,True,Tool Substitution,High
2274,LN-2026152,SOP-LU-001,8,Automated Credit Scoring,J.Pillai,2026-06-25 01:04:00,5,9,True,Duration Overrun,Medium
2275,LN-2026152,SOP-LU-001,9,Manual Underwriting Review,K.Menon,2026-06-25 01:51:00,30,37,False,None,High
2276,LN-2026152,SOP-LU-001,10,Conditional Approval Decision,V.Reddy,2026-06-25 02:17:00,15,15,False,None,Medium
2277,LN-2026152,SOP-LU-001,11,Document Stipulation Collection,J.Pillai,2026-06-25 02:43:00,20,18,True,Tool Substitution,Low
2278,LN-2026152,SOP-LU-001,12,Final Compliance Sign-off,K.Menon,2026-06-25 03:07:00,15,17,False,None,High
2279,LN-2026152,SOP-LU-001,13,Final Approval & Booking,R.Das,2026-06-25 03:36:00,10,11,False,None,Medium
2280,LN-2026152,SOP-LU-001,14,Disbursement Instruction,J.Pillai,2026-06-25 04:00:00,10,9,True,Tool Substitution,Medium
2281,LN-2026152,SOP-LU-001,15,Post-Disbursement Audit Tagging,A.Rao,2026-06-25 04:07:00,5,4,False,None,Low
2282,LN-2026153,SOP-LU-001,1,Application Intake,M.Khan,2026-05-19 02:27:00,10,9,False,None,Low
2283,LN-2026153,SOP-LU-001,2,KYC & Identity Verification,K.Menon,2026-05-19 02:58:00,20,23,False,None,High
2284,LN-2026153,SOP-LU-001,3,Credit Bureau Pull,P.Nair,2026-05-19 03:22:00,15,12,False,None,Medium
2285,LN-2026153,SOP-LU-001,4,Income & Employment Verification,J.Pillai,2026-05-19 04:02:00,25,23,False,None,Medium
2286,LN-2026153,SOP-LU-001,5,Debt-to-Income Calculation,M.Khan,2026-05-19 04:20:00,10,7,False,None,Medium
2287,LN-2026153,SOP-LU-001,6,Collateral Valuation,A.Rao,2026-05-19 05:07:00,45,46,True,Documentation Missing,High
2288,LN-2026153,SOP-LU-001,7,Fraud Risk Screening,J.Pillai,2026-05-19 05:39:00,15,17,False,None,High
2289,LN-2026153,SOP-LU-001,8,Automated Credit Scoring,P.Nair,2026-05-19 05:54:00,5,5,True,Documentation Missing,Medium
2290,LN-2026153,SOP-LU-001,9,Manual Underwriting Review,M.Khan,2026-05-19 06:34:00,30,21,True,Approval Bypassed,High
2291,LN-2026153,SOP-LU-001,10,Conditional Approval Decision,J.Pillai,2026-05-19 07:02:00,15,12,False,None,Medium
2292,LN-2026153,SOP-LU-001,11,Document Stipulation Collection,K.Menon,2026-05-19 07:26:00,20,23,False,None,Low
2293,LN-2026153,SOP-LU-001,12,Final Compliance Sign-off,M.Khan,2026-05-19 08:04:00,15,20,True,Extra Manual Step Added,High
2294,LN-2026153,SOP-LU-001,13,Final Approval & Booking,K.Menon,2026-05-19 08:26:00,10,17,True,Extra Manual Step Added,Medium
2295,LN-2026153,SOP-LU-001,14,Disbursement Instruction,A.Rao,2026-05-19 08:42:00,10,8,False,None,Medium
2296,LN-2026153,SOP-LU-001,15,Post-Disbursement Audit Tagging,R.Das,2026-05-19 08:58:00,5,4,False,None,Low
2297,LN-2026154,SOP-LU-001,1,Application Intake,S.Iyer,2026-06-17 03:21:00,10,9,False,None,Low
2298,LN-2026154,SOP-LU-001,2,KYC & Identity Verification,P.Nair,2026-06-17 03:44:00,20,21,False,None,High
2299,LN-2026154,SOP-LU-001,3,Credit Bureau Pull,J.Pillai,2026-06-17 04:06:00,15,14,False,None,Medium
2300,LN-2026154,SOP-LU-001,4,Income & Employment Verification,N.Bose,2026-06-17 04:43:00,25,28,True,Documentation Missing,Medium
2301,LN-2026154,SOP-LU-001,5,Debt-to-Income Calculation,R.Das,2026-06-17 04:59:00,10,11,True,Step Skipped,Medium
2302,LN-2026154,SOP-LU-001,6,Collateral Valuation,T.Sharma,2026-06-17 05:53:00,45,43,False,None,High
2303,LN-2026154,SOP-LU-001,7,Fraud Risk Screening,J.Pillai,2026-06-17 06:22:00,15,15,False,None,High
2304,LN-2026154,SOP-LU-001,8,Automated Credit Scoring,M.Khan,2026-06-17 06:45:00,5,5,True,Approval Bypassed,Medium
2305,LN-2026154,SOP-LU-001,9,Manual Underwriting Review,T.Sharma,2026-06-17 07:21:00,30,29,False,None,High
2306,LN-2026154,SOP-LU-001,10,Conditional Approval Decision,J.Pillai,2026-06-17 07:49:00,15,25,True,Extra Manual Step Added,Medium
2307,LN-2026154,SOP-LU-001,11,Document Stipulation Collection,R.Das,2026-06-17 08:12:00,20,17,False,None,Low
2308,LN-2026154,SOP-LU-001,12,Final Compliance Sign-off,J.Pillai,2026-06-17 08:46:00,15,23,True,Extra Manual Step Added,High
2309,LN-2026154,SOP-LU-001,13,Final Approval & Booking,V.Reddy,2026-06-17 09:12:00,10,10,False,None,Medium
2310,LN-2026154,SOP-LU-001,14,Disbursement Instruction,V.Reddy,2026-06-17 09:35:00,10,10,False,None,Medium
2311,LN-2026155,SOP-LU-001,2,KYC & Identity Verification,K.Menon,2026-06-12 00:23:00,20,19,False,None,High
2312,LN-2026155,SOP-LU-001,3,Credit Bureau Pull,P.Nair,2026-06-12 00:45:00,15,14,True,Step Skipped,Medium
2313,LN-2026155,SOP-LU-001,4,Income & Employment Verification,S.Iyer,2026-06-12 01:20:00,25,23,False,None,Medium
2314,LN-2026155,SOP-LU-001,5,Debt-to-Income Calculation,R.Das,2026-06-12 01:42:00,10,10,False,None,Medium
2315,LN-2026155,SOP-LU-001,6,Collateral Valuation,K.Menon,2026-06-12 02:17:00,45,34,True,Approval Bypassed,High
2316,LN-2026155,SOP-LU-001,7,Fraud Risk Screening,V.Reddy,2026-06-12 02:38:00,15,12,False,None,High
2317,LN-2026155,SOP-LU-001,8,Automated Credit Scoring,N.Bose,2026-06-12 02:46:00,5,5,True,Order Swapped,Medium
2318,LN-2026155,SOP-LU-001,9,Manual Underwriting Review,N.Bose,2026-06-12 03:21:00,30,30,True,Documentation Missing,High
2319,LN-2026155,SOP-LU-001,10,Conditional Approval Decision,N.Bose,2026-06-12 03:48:00,15,13,False,None,Medium
2320,LN-2026155,SOP-LU-001,11,Document Stipulation Collection,S.Iyer,2026-06-12 04:10:00,20,11,False,None,Low
2321,LN-2026155,SOP-LU-001,12,Final Compliance Sign-off,A.Rao,2026-06-12 04:25:00,15,14,False,None,High
2322,LN-2026155,SOP-LU-001,13,Final Approval & Booking,N.Bose,2026-06-12 04:42:00,10,10,False,None,Medium
2323,LN-2026155,SOP-LU-001,14,Disbursement Instruction,A.Rao,2026-06-12 05:12:00,10,11,True,Order Swapped,Medium
2324,LN-2026155,SOP-LU-001,15,Post-Disbursement Audit Tagging,J.Pillai,2026-06-12 05:27:00,5,5,False,None,Low
2325,LN-2026156,SOP-LU-001,1,Application Intake,K.Menon,2026-07-11 02:15:00,10,10,False,None,Low
2326,LN-2026156,SOP-LU-001,2,KYC & Identity Verification,R.Das,2026-07-11 02:56:00,20,22,False,None,High
2327,LN-2026156,SOP-LU-001,3,Credit Bureau Pull,T.Sharma,2026-07-11 03:13:00,15,13,False,None,Medium
2328,LN-2026156,SOP-LU-001,4,Income & Employment Verification,A.Rao,2026-07-11 03:53:00,25,22,False,None,Medium
2329,LN-2026156,SOP-LU-001,5,Debt-to-Income Calculation,M.Khan,2026-07-11 04:14:00,10,9,False,None,Medium
2330,LN-2026156,SOP-LU-001,6,Collateral Valuation,N.Bose,2026-07-11 05:48:00,45,89,True,Duration Overrun,High
2331,LN-2026156,SOP-LU-001,7,Fraud Risk Screening,K.Menon,2026-07-11 06:23:00,15,17,False,None,High
2332,LN-2026156,SOP-LU-001,8,Automated Credit Scoring,V.Reddy,2026-07-11 06:38:00,5,4,False,None,Medium
2333,LN-2026156,SOP-LU-001,9,Manual Underwriting Review,N.Bose,2026-07-11 07:17:00,30,35,False,None,High
2334,LN-2026156,SOP-LU-001,10,Conditional Approval Decision,N.Bose,2026-07-11 07:39:00,15,13,True,Order Swapped,Medium
2335,LN-2026156,SOP-LU-001,11,Document Stipulation Collection,N.Bose,2026-07-11 08:07:00,20,18,False,None,Low
2336,LN-2026156,SOP-LU-001,12,Final Compliance Sign-off,A.Rao,2026-07-11 08:36:00,15,13,False,None,High
2337,LN-2026156,SOP-LU-001,13,Final Approval & Booking,R.Das,2026-07-11 08:55:00,10,9,True,Documentation Missing,Medium
2338,LN-2026156,SOP-LU-001,14,Disbursement Instruction,M.Khan,2026-07-11 09:05:00,10,9,False,None,Medium
2339,LN-2026156,SOP-LU-001,15,Post-Disbursement Audit Tagging,A.Rao,2026-07-11 09:25:00,5,4,False,None,Low
2340,LN-2026157,SOP-LU-001,1,Application Intake,P.Nair,2026-05-11 10:11:00,10,8,False,None,Low
2341,LN-2026157,SOP-LU-001,2,KYC & Identity Verification,N.Bose,2026-05-11 10:53:00,20,25,False,None,High
2342,LN-2026157,SOP-LU-001,3,Credit Bureau Pull,A.Rao,2026-05-11 11:15:00,15,16,False,None,Medium
2343,LN-2026157,SOP-LU-001,4,Income & Employment Verification,M.Khan,2026-05-11 11:44:00,25,27,False,None,Medium
2344,LN-2026157,SOP-LU-001,5,Debt-to-Income Calculation,A.Rao,2026-05-11 12:08:00,10,7,False,None,Medium
2345,LN-2026157,SOP-LU-001,6,Collateral Valuation,R.Das,2026-05-11 13:15:00,45,52,False,None,High
2346,LN-2026157,SOP-LU-001,7,Fraud Risk Screening,M.Khan,2026-05-11 13:45:00,15,22,True,Extra Manual Step Added,High
2347,LN-2026157,SOP-LU-001,8,Automated Credit Scoring,K.Menon,2026-05-11 14:07:00,5,5,False,None,Medium
2348,LN-2026157,SOP-LU-001,9,Manual Underwriting Review,N.Bose,2026-05-11 14:44:00,30,21,False,None,High
2349,LN-2026157,SOP-LU-001,10,Conditional Approval Decision,J.Pillai,2026-05-11 15:07:00,15,19,False,None,Medium
2350,LN-2026157,SOP-LU-001,11,Document Stipulation Collection,P.Nair,2026-05-11 15:43:00,20,20,False,None,Low
2351,LN-2026157,SOP-LU-001,12,Final Compliance Sign-off,J.Pillai,2026-05-11 15:56:00,15,9,False,None,High
2352,LN-2026157,SOP-LU-001,13,Final Approval & Booking,J.Pillai,2026-05-11 16:29:00,10,16,True,Extra Manual Step Added,Medium
2353,LN-2026157,SOP-LU-001,14,Disbursement Instruction,N.Bose,2026-05-11 16:41:00,10,8,False,None,Medium
2354,LN-2026157,SOP-LU-001,15,Post-Disbursement Audit Tagging,S.Iyer,2026-05-11 16:57:00,5,4,True,Approval Bypassed,Low
2355,LN-2026158,SOP-LU-001,1,Application Intake,R.Das,2026-05-09 14:24:00,10,9,True,Order Swapped,Low
2356,LN-2026158,SOP-LU-001,2,KYC & Identity Verification,N.Bose,2026-05-09 15:03:00,20,22,False,None,High
2357,LN-2026158,SOP-LU-001,3,Credit Bureau Pull,M.Khan,2026-05-09 15:33:00,15,17,False,None,Medium
2358,LN-2026158,SOP-LU-001,4,Income & Employment Verification,S.Iyer,2026-05-09 16:15:00,25,24,False,None,Medium
2359,LN-2026158,SOP-LU-001,5,Debt-to-Income Calculation,J.Pillai,2026-05-09 16:44:00,10,10,False,None,Medium
2360,LN-2026158,SOP-LU-001,6,Collateral Valuation,T.Sharma,2026-05-09 17:33:00,45,36,False,None,High
2361,LN-2026158,SOP-LU-001,7,Fraud Risk Screening,K.Menon,2026-05-09 17:49:00,15,14,True,Documentation Missing,High
2362,LN-2026158,SOP-LU-001,8,Automated Credit Scoring,S.Iyer,2026-05-09 17:58:00,5,4,True,Tool Substitution,Medium
2363,LN-2026158,SOP-LU-001,9,Manual Underwriting Review,T.Sharma,2026-05-09 18:36:00,30,29,False,None,High
2364,LN-2026158,SOP-LU-001,10,Conditional Approval Decision,M.Khan,2026-05-09 19:03:00,15,14,False,None,Medium
2365,LN-2026158,SOP-LU-001,11,Document Stipulation Collection,R.Das,2026-05-09 19:32:00,20,19,False,None,Low
2366,LN-2026158,SOP-LU-001,12,Final Compliance Sign-off,R.Das,2026-05-09 19:51:00,15,13,False,None,High
2367,LN-2026158,SOP-LU-001,13,Final Approval & Booking,K.Menon,2026-05-09 20:11:00,10,12,True,Order Swapped,Medium
2368,LN-2026158,SOP-LU-001,14,Disbursement Instruction,J.Pillai,2026-05-09 20:20:00,10,8,True,Step Skipped,Medium
2369,LN-2026158,SOP-LU-001,15,Post-Disbursement Audit Tagging,J.Pillai,2026-05-09 20:41:00,5,4,False,None,Low
2370,LN-2026159,SOP-LU-001,1,Application Intake,A.Rao,2026-06-18 16:16:00,10,11,True,Approval Bypassed,Low
2371,LN-2026159,SOP-LU-001,2,KYC & Identity Verification,V.Reddy,2026-06-18 16:49:00,20,22,False,None,High
2372,LN-2026159,SOP-LU-001,3,Credit Bureau Pull,J.Pillai,2026-06-18 17:22:00,15,14,True,Tool Substitution,Medium
2373,LN-2026159,SOP-LU-001,4,Income & Employment Verification,T.Sharma,2026-06-18 17:59:00,25,26,False,None,Medium
2374,LN-2026159,SOP-LU-001,5,Debt-to-Income Calculation,V.Reddy,2026-06-18 18:35:00,10,24,True,Duration Overrun,Medium
2375,LN-2026159,SOP-LU-001,6,Collateral Valuation,S.Iyer,2026-06-18 19:27:00,45,51,False,None,High
2376,LN-2026159,SOP-LU-001,7,Fraud Risk Screening,M.Khan,2026-06-18 19:48:00,15,14,True,Step Skipped,High
2377,LN-2026159,SOP-LU-001,8,Automated Credit Scoring,A.Rao,2026-06-18 20:09:00,5,5,False,None,Medium
2378,LN-2026159,SOP-LU-001,9,Manual Underwriting Review,M.Khan,2026-06-18 20:45:00,30,22,False,None,High
2379,LN-2026159,SOP-LU-001,10,Conditional Approval Decision,P.Nair,2026-06-18 20:58:00,15,8,True,Approval Bypassed,Medium
2380,LN-2026159,SOP-LU-001,11,Document Stipulation Collection,K.Menon,2026-06-18 21:37:00,20,21,False,None,Low
2381,LN-2026159,SOP-LU-001,12,Final Compliance Sign-off,J.Pillai,2026-06-18 22:21:00,15,43,True,Duration Overrun,High
2382,LN-2026159,SOP-LU-001,13,Final Approval & Booking,T.Sharma,2026-06-18 22:31:00,10,9,False,None,Medium
2383,LN-2026159,SOP-LU-001,14,Disbursement Instruction,P.Nair,2026-06-18 22:45:00,10,11,False,None,Medium
2384,LN-2026159,SOP-LU-001,15,Post-Disbursement Audit Tagging,A.Rao,2026-06-18 22:59:00,5,5,False,None,Low
2385,LN-2026160,SOP-LU-001,1,Application Intake,M.Khan,2026-05-23 23:15:00,10,9,False,None,Low
2386,LN-2026160,SOP-LU-001,2,KYC & Identity Verification,J.Pillai,2026-05-23 23:44:00,20,16,False,None,High
2387,LN-2026160,SOP-LU-001,3,Credit Bureau Pull,N.Bose,2026-05-24 00:10:00,15,13,False,None,Medium
2388,LN-2026160,SOP-LU-001,4,Income & Employment Verification,A.Rao,2026-05-24 00:32:00,25,20,False,None,Medium
2389,LN-2026160,SOP-LU-001,5,Debt-to-Income Calculation,V.Reddy,2026-05-24 00:54:00,10,9,False,None,Medium
2390,LN-2026160,SOP-LU-001,6,Collateral Valuation,A.Rao,2026-05-24 01:58:00,45,47,False,None,High
2391,LN-2026160,SOP-LU-001,7,Fraud Risk Screening,P.Nair,2026-05-24 02:30:00,15,15,False,None,High
2392,LN-2026160,SOP-LU-001,8,Automated Credit Scoring,M.Khan,2026-05-24 02:50:00,5,5,False,None,Medium
2393,LN-2026160,SOP-LU-001,9,Manual Underwriting Review,A.Rao,2026-05-24 03:47:00,30,38,False,None,High
2394,LN-2026160,SOP-LU-001,10,Conditional Approval Decision,N.Bose,2026-05-24 04:19:00,15,15,False,None,Medium
2395,LN-2026160,SOP-LU-001,11,Document Stipulation Collection,A.Rao,2026-05-24 04:47:00,20,21,False,None,Low
2396,LN-2026160,SOP-LU-001,12,Final Compliance Sign-off,M.Khan,2026-05-24 05:27:00,15,36,True,Duration Overrun,High
2397,LN-2026160,SOP-LU-001,13,Final Approval & Booking,R.Das,2026-05-24 05:41:00,10,9,False,None,Medium
2398,LN-2026160,SOP-LU-001,14,Disbursement Instruction,M.Khan,2026-05-24 06:08:00,10,9,False,None,Medium
2399,LN-2026160,SOP-LU-001,15,Post-Disbursement Audit Tagging,A.Rao,2026-05-24 06:31:00,5,5,False,None,Low
2400,LN-2026161,SOP-LU-001,1,Application Intake,V.Reddy,2026-05-23 00:20:00,10,9,False,None,Low
2401,LN-2026161,SOP-LU-001,2,KYC & Identity Verification,K.Menon,2026-05-23 00:53:00,20,18,True,Documentation Missing,High
2402,LN-2026161,SOP-LU-001,3,Credit Bureau Pull,N.Bose,2026-05-23 01:14:00,15,12,True,Documentation Missing,Medium
2403,LN-2026161,SOP-LU-001,4,Income & Employment Verification,T.Sharma,2026-05-23 02:44:00,25,71,True,Duration Overrun,Medium
2404,LN-2026161,SOP-LU-001,5,Debt-to-Income Calculation,S.Iyer,2026-05-23 03:09:00,10,12,False,None,Medium
2405,LN-2026161,SOP-LU-001,6,Collateral Valuation,P.Nair,2026-05-23 04:07:00,45,41,False,None,High
2406,LN-2026161,SOP-LU-001,7,Fraud Risk Screening,K.Menon,2026-05-23 04:36:00,15,16,False,None,High
2407,LN-2026161,SOP-LU-001,8,Automated Credit Scoring,S.Iyer,2026-05-23 04:46:00,5,3,True,Approval Bypassed,Medium
2408,LN-2026161,SOP-LU-001,9,Manual Underwriting Review,K.Menon,2026-05-23 05:34:00,30,30,False,None,High
2409,LN-2026161,SOP-LU-001,10,Conditional Approval Decision,V.Reddy,2026-05-23 06:08:00,15,17,True,Approval Bypassed,Medium
2410,LN-2026161,SOP-LU-001,11,Document Stipulation Collection,K.Menon,2026-05-23 06:49:00,20,23,False,None,Low
2411,LN-2026161,SOP-LU-001,12,Final Compliance Sign-off,M.Khan,2026-05-23 07:06:00,15,15,False,None,High
2412,LN-2026161,SOP-LU-001,13,Final Approval & Booking,N.Bose,2026-05-23 07:24:00,10,11,False,None,Medium
2413,LN-2026161,SOP-LU-001,14,Disbursement Instruction,S.Iyer,2026-05-23 07:41:00,10,8,False,None,Medium
2414,LN-2026161,SOP-LU-001,15,Post-Disbursement Audit Tagging,M.Khan,2026-05-23 07:54:00,5,4,False,None,Low
2415,LN-2026162,SOP-LU-001,2,KYC & Identity Verification,S.Iyer,2026-06-23 06:37:00,20,23,False,None,High
2416,LN-2026162,SOP-LU-001,3,Credit Bureau Pull,S.Iyer,2026-06-23 07:00:00,15,19,True,Order Swapped,Medium
2417,LN-2026162,SOP-LU-001,4,Income & Employment Verification,A.Rao,2026-06-23 07:35:00,25,23,False,None,Medium
2418,LN-2026162,SOP-LU-001,5,Debt-to-Income Calculation,R.Das,2026-06-23 07:48:00,10,11,False,None,Medium
2419,LN-2026162,SOP-LU-001,6,Collateral Valuation,V.Reddy,2026-06-23 09:02:00,45,58,False,None,High
2420,LN-2026162,SOP-LU-001,7,Fraud Risk Screening,S.Iyer,2026-06-23 09:23:00,15,15,False,None,High
2421,LN-2026162,SOP-LU-001,8,Automated Credit Scoring,P.Nair,2026-06-23 09:40:00,5,5,True,Order Swapped,Medium
2422,LN-2026162,SOP-LU-001,9,Manual Underwriting Review,R.Das,2026-06-23 10:17:00,30,27,True,Tool Substitution,High
2423,LN-2026162,SOP-LU-001,10,Conditional Approval Decision,V.Reddy,2026-06-23 11:00:00,15,31,True,Duration Overrun,Medium
2424,LN-2026162,SOP-LU-001,11,Document Stipulation Collection,A.Rao,2026-06-23 11:25:00,20,18,False,None,Low
2425,LN-2026162,SOP-LU-001,12,Final Compliance Sign-off,V.Reddy,2026-06-23 11:49:00,15,12,False,None,High
2426,LN-2026162,SOP-LU-001,13,Final Approval & Booking,V.Reddy,2026-06-23 12:12:00,10,6,True,Documentation Missing,Medium
2427,LN-2026162,SOP-LU-001,14,Disbursement Instruction,V.Reddy,2026-06-23 12:42:00,10,11,False,None,Medium
2428,LN-2026162,SOP-LU-001,15,Post-Disbursement Audit Tagging,A.Rao,2026-06-23 12:53:00,5,4,True,Documentation Missing,Low
2429,LN-2026163,SOP-LU-001,1,Application Intake,N.Bose,2026-05-05 22:22:00,10,9,False,None,Low
2430,LN-2026163,SOP-LU-001,2,KYC & Identity Verification,P.Nair,2026-05-05 23:00:00,20,19,False,None,High
2431,LN-2026163,SOP-LU-001,3,Credit Bureau Pull,A.Rao,2026-05-05 23:30:00,15,16,True,Order Swapped,Medium
2432,LN-2026163,SOP-LU-001,4,Income & Employment Verification,A.Rao,2026-05-05 23:59:00,25,23,False,None,Medium
2433,LN-2026163,SOP-LU-001,5,Debt-to-Income Calculation,J.Pillai,2026-05-06 00:11:00,10,9,True,Step Skipped,Medium
2434,LN-2026163,SOP-LU-001,6,Collateral Valuation,R.Das,2026-05-06 01:07:00,45,53,False,None,High
2435,LN-2026163,SOP-LU-001,7,Fraud Risk Screening,K.Menon,2026-05-06 01:26:00,15,17,False,None,High
2436,LN-2026163,SOP-LU-001,8,Automated Credit Scoring,S.Iyer,2026-05-06 01:42:00,5,9,True,Duration Overrun,Medium
2437,LN-2026163,SOP-LU-001,9,Manual Underwriting Review,J.Pillai,2026-05-06 02:42:00,30,50,True,Extra Manual Step Added,High
2438,LN-2026163,SOP-LU-001,10,Conditional Approval Decision,J.Pillai,2026-05-06 03:08:00,15,17,False,None,Medium
2439,LN-2026163,SOP-LU-001,11,Document Stipulation Collection,N.Bose,2026-05-06 03:32:00,20,18,False,None,Low
2440,LN-2026163,SOP-LU-001,12,Final Compliance Sign-off,J.Pillai,2026-05-06 04:22:00,15,47,True,Duration Overrun,High
2441,LN-2026163,SOP-LU-001,13,Final Approval & Booking,A.Rao,2026-05-06 04:39:00,10,9,False,None,Medium
2442,LN-2026163,SOP-LU-001,14,Disbursement Instruction,T.Sharma,2026-05-06 04:58:00,10,16,True,Extra Manual Step Added,Medium
2443,LN-2026163,SOP-LU-001,15,Post-Disbursement Audit Tagging,M.Khan,2026-05-06 05:11:00,5,5,False,None,Low
2444,LN-2026164,SOP-LU-001,1,Application Intake,K.Menon,2026-06-03 21:21:00,10,7,False,None,Low
2445,LN-2026164,SOP-LU-001,2,KYC & Identity Verification,S.Iyer,2026-06-03 21:56:00,20,18,False,None,High
2446,LN-2026164,SOP-LU-001,3,Credit Bureau Pull,R.Das,2026-06-03 22:18:00,15,13,True,Tool Substitution,Medium
2447,LN-2026164,SOP-LU-001,4,Income & Employment Verification,M.Khan,2026-06-03 22:55:00,25,22,False,None,Medium
2448,LN-2026164,SOP-LU-001,5,Debt-to-Income Calculation,P.Nair,2026-06-03 23:15:00,10,9,False,None,Medium
2449,LN-2026164,SOP-LU-001,6,Collateral Valuation,K.Menon,2026-06-04 00:07:00,45,40,False,None,High
2450,LN-2026164,SOP-LU-001,7,Fraud Risk Screening,N.Bose,2026-06-04 00:29:00,15,17,False,None,High
2451,LN-2026164,SOP-LU-001,8,Automated Credit Scoring,V.Reddy,2026-06-04 00:46:00,5,5,False,None,Medium
2452,LN-2026164,SOP-LU-001,9,Manual Underwriting Review,J.Pillai,2026-06-04 01:23:00,30,24,False,None,High
2453,LN-2026164,SOP-LU-001,10,Conditional Approval Decision,R.Das,2026-06-04 01:51:00,15,15,False,None,Medium
2454,LN-2026164,SOP-LU-001,11,Document Stipulation Collection,T.Sharma,2026-06-04 02:18:00,20,24,False,None,Low
2455,LN-2026164,SOP-LU-001,12,Final Compliance Sign-off,J.Pillai,2026-06-04 02:39:00,15,10,True,Documentation Missing,High
2456,LN-2026164,SOP-LU-001,13,Final Approval & Booking,S.Iyer,2026-06-04 02:55:00,10,9,False,None,Medium
2457,LN-2026164,SOP-LU-001,14,Disbursement Instruction,V.Reddy,2026-06-04 03:07:00,10,10,False,None,Medium
2458,LN-2026164,SOP-LU-001,15,Post-Disbursement Audit Tagging,V.Reddy,2026-06-04 03:14:00,5,4,False,None,Low
2459,LN-2026165,SOP-LU-001,1,Application Intake,R.Das,2026-06-04 22:12:00,10,10,False,None,Low
2460,LN-2026165,SOP-LU-001,2,KYC & Identity Verification,A.Rao,2026-06-04 22:49:00,20,19,False,None,High
2461,LN-2026165,SOP-LU-001,3,Credit Bureau Pull,K.Menon,2026-06-04 23:33:00,15,31,True,Duration Overrun,Medium
2462,LN-2026165,SOP-LU-001,4,Income & Employment Verification,P.Nair,2026-06-05 00:01:00,25,17,False,None,Medium
2463,LN-2026165,SOP-LU-001,5,Debt-to-Income Calculation,M.Khan,2026-06-05 00:24:00,10,9,False,None,Medium
2464,LN-2026165,SOP-LU-001,6,Collateral Valuation,T.Sharma,2026-06-05 01:09:00,45,39,False,None,High
2465,LN-2026165,SOP-LU-001,7,Fraud Risk Screening,P.Nair,2026-06-05 01:40:00,15,16,False,None,High
2466,LN-2026165,SOP-LU-001,8,Automated Credit Scoring,R.Das,2026-06-05 02:01:00,5,4,True,Order Swapped,Medium
2467,LN-2026165,SOP-LU-001,9,Manual Underwriting Review,R.Das,2026-06-05 02:33:00,30,31,True,Step Skipped,High
2468,LN-2026165,SOP-LU-001,10,Conditional Approval Decision,N.Bose,2026-06-05 03:08:00,15,17,False,None,Medium
2469,LN-2026165,SOP-LU-001,11,Document Stipulation Collection,A.Rao,2026-06-05 03:32:00,20,18,False,None,Low
2470,LN-2026165,SOP-LU-001,12,Final Compliance Sign-off,T.Sharma,2026-06-05 03:57:00,15,20,True,Extra Manual Step Added,High
2471,LN-2026165,SOP-LU-001,13,Final Approval & Booking,J.Pillai,2026-06-05 04:14:00,10,7,False,None,Medium
2472,LN-2026165,SOP-LU-001,14,Disbursement Instruction,A.Rao,2026-06-05 04:38:00,10,9,False,None,Medium
2473,LN-2026165,SOP-LU-001,15,Post-Disbursement Audit Tagging,P.Nair,2026-06-05 05:01:00,5,5,False,None,Low
2474,LN-2026166,SOP-LU-001,1,Application Intake,V.Reddy,2026-05-04 14:09:00,10,8,False,None,Low
2475,LN-2026166,SOP-LU-001,2,KYC & Identity Verification,S.Iyer,2026-05-04 14:31:00,20,20,False,None,High
2476,LN-2026166,SOP-LU-001,3,Credit Bureau Pull,V.Reddy,2026-05-04 14:45:00,15,12,False,None,Medium
2477,LN-2026166,SOP-LU-001,4,Income & Employment Verification,N.Bose,2026-05-04 15:06:00,25,16,False,None,Medium
2478,LN-2026166,SOP-LU-001,5,Debt-to-Income Calculation,V.Reddy,2026-05-04 15:26:00,10,13,False,None,Medium
2479,LN-2026166,SOP-LU-001,6,Collateral Valuation,M.Khan,2026-05-04 16:26:00,45,47,False,None,High
2480,LN-2026166,SOP-LU-001,7,Fraud Risk Screening,A.Rao,2026-05-04 16:50:00,15,17,False,None,High
2481,LN-2026166,SOP-LU-001,8,Automated Credit Scoring,R.Das,2026-05-04 17:00:00,5,4,False,None,Medium
2482,LN-2026166,SOP-LU-001,9,Manual Underwriting Review,T.Sharma,2026-05-04 17:32:00,30,27,False,None,High
2483,LN-2026166,SOP-LU-001,10,Conditional Approval Decision,A.Rao,2026-05-04 18:02:00,15,15,False,None,Medium
2484,LN-2026166,SOP-LU-001,11,Document Stipulation Collection,T.Sharma,2026-05-04 18:39:00,20,21,True,Approval Bypassed,Low
2485,LN-2026166,SOP-LU-001,12,Final Compliance Sign-off,T.Sharma,2026-05-04 19:13:00,15,15,False,None,High
2486,LN-2026166,SOP-LU-001,13,Final Approval & Booking,R.Das,2026-05-04 19:29:00,10,9,True,Order Swapped,Medium
2487,LN-2026166,SOP-LU-001,14,Disbursement Instruction,T.Sharma,2026-05-04 19:40:00,10,10,False,None,Medium
2488,LN-2026166,SOP-LU-001,15,Post-Disbursement Audit Tagging,N.Bose,2026-05-04 19:50:00,5,4,False,None,Low
2489,LN-2026167,SOP-LU-001,1,Application Intake,J.Pillai,2026-07-01 01:09:00,10,7,False,None,Low
2490,LN-2026167,SOP-LU-001,2,KYC & Identity Verification,R.Das,2026-07-01 01:29:00,20,16,True,Tool Substitution,High
2491,LN-2026167,SOP-LU-001,3,Credit Bureau Pull,T.Sharma,2026-07-01 01:46:00,15,16,False,None,Medium
2492,LN-2026167,SOP-LU-001,4,Income & Employment Verification,R.Das,2026-07-01 02:18:00,25,29,False,None,Medium
2493,LN-2026167,SOP-LU-001,5,Debt-to-Income Calculation,V.Reddy,2026-07-01 02:26:00,10,7,False,None,Medium
2494,LN-2026167,SOP-LU-001,6,Collateral Valuation,T.Sharma,2026-07-01 03:23:00,45,46,False,None,High
2495,LN-2026167,SOP-LU-001,7,Fraud Risk Screening,R.Das,2026-07-01 03:55:00,15,13,False,None,High
2496,LN-2026167,SOP-LU-001,8,Automated Credit Scoring,S.Iyer,2026-07-01 04:13:00,5,6,True,Extra Manual Step Added,Medium
2497,LN-2026167,SOP-LU-001,9,Manual Underwriting Review,A.Rao,2026-07-01 04:57:00,30,35,True,Tool Substitution,High
2498,LN-2026167,SOP-LU-001,10,Conditional Approval Decision,K.Menon,2026-07-01 05:14:00,15,15,False,None,Medium
2499,LN-2026167,SOP-LU-001,11,Document Stipulation Collection,A.Rao,2026-07-01 05:48:00,20,24,False,None,Low
2500,LN-2026167,SOP-LU-001,12,Final Compliance Sign-off,N.Bose,2026-07-01 06:20:00,15,14,False,None,High
2501,LN-2026167,SOP-LU-001,13,Final Approval & Booking,V.Reddy,2026-07-01 06:39:00,10,13,True,Extra Manual Step Added,Medium
2502,LN-2026167,SOP-LU-001,14,Disbursement Instruction,N.Bose,2026-07-01 07:02:00,10,7,False,None,Medium
2503,LN-2026167,SOP-LU-001,15,Post-Disbursement Audit Tagging,T.Sharma,2026-07-01 07:20:00,5,4,False,None,Low
2504,LN-2026168,SOP-LU-001,1,Application Intake,N.Bose,2026-08-03 09:19:00,10,6,False,None,Low
2505,LN-2026168,SOP-LU-001,2,KYC & Identity Verification,S.Iyer,2026-08-03 09:43:00,20,16,False,None,High
2506,LN-2026168,SOP-LU-001,3,Credit Bureau Pull,V.Reddy,2026-08-03 10:05:00,15,17,True,Step Skipped,Medium
2507,LN-2026168,SOP-LU-001,4,Income & Employment Verification,N.Bose,2026-08-03 10:32:00,25,26,False,None,Medium
2508,LN-2026168,SOP-LU-001,5,Debt-to-Income Calculation,A.Rao,2026-08-03 10:48:00,10,13,True,Extra Manual Step Added,Medium
2509,LN-2026168,SOP-LU-001,6,Collateral Valuation,J.Pillai,2026-08-03 11:22:00,45,32,False,None,High
2510,LN-2026168,SOP-LU-001,7,Fraud Risk Screening,T.Sharma,2026-08-03 11:37:00,15,9,False,None,High
2511,LN-2026168,SOP-LU-001,8,Automated Credit Scoring,A.Rao,2026-08-03 11:50:00,5,7,False,None,Medium
2512,LN-2026168,SOP-LU-001,9,Manual Underwriting Review,R.Das,2026-08-03 12:34:00,30,30,True,Tool Substitution,High
2513,LN-2026168,SOP-LU-001,10,Conditional Approval Decision,R.Das,2026-08-03 12:49:00,15,14,True,Tool Substitution,Medium
2514,LN-2026168,SOP-LU-001,11,Document Stipulation Collection,P.Nair,2026-08-03 13:17:00,20,21,False,None,Low
2515,LN-2026168,SOP-LU-001,12,Final Compliance Sign-off,P.Nair,2026-08-03 13:47:00,15,14,False,None,High
2516,LN-2026168,SOP-LU-001,13,Final Approval & Booking,N.Bose,2026-08-03 14:07:00,10,11,False,None,Medium
2517,LN-2026168,SOP-LU-001,14,Disbursement Instruction,V.Reddy,2026-08-03 14:33:00,10,10,False,None,Medium
2518,LN-2026168,SOP-LU-001,15,Post-Disbursement Audit Tagging,R.Das,2026-08-03 14:41:00,5,4,False,None,Low
2519,LN-2026169,SOP-LU-001,1,Application Intake,N.Bose,2026-05-23 20:18:00,10,10,True,Documentation Missing,Low
2520,LN-2026169,SOP-LU-001,2,KYC & Identity Verification,P.Nair,2026-05-23 20:52:00,20,18,False,None,High
2521,LN-2026169,SOP-LU-001,3,Credit Bureau Pull,N.Bose,2026-05-23 21:18:00,15,12,False,None,Medium
2522,LN-2026169,SOP-LU-001,4,Income & Employment Verification,S.Iyer,2026-05-23 21:44:00,25,25,False,None,Medium
2523,LN-2026169,SOP-LU-001,5,Debt-to-Income Calculation,R.Das,2026-05-23 22:04:00,10,7,False,None,Medium
2524,LN-2026169,SOP-LU-001,6,Collateral Valuation,S.Iyer,2026-05-23 23:10:00,45,47,False,None,High
2525,LN-2026169,SOP-LU-001,7,Fraud Risk Screening,T.Sharma,2026-05-23 23:34:00,15,16,True,Documentation Missing,High
2526,LN-2026169,SOP-LU-001,8,Automated Credit Scoring,A.Rao,2026-05-23 23:43:00,5,4,False,None,Medium
2527,LN-2026169,SOP-LU-001,9,Manual Underwriting Review,A.Rao,2026-05-24 00:58:00,30,61,True,Duration Overrun,High
2528,LN-2026169,SOP-LU-001,10,Conditional Approval Decision,K.Menon,2026-05-24 01:16:00,15,16,True,Step Skipped,Medium
2529,LN-2026169,SOP-LU-001,11,Document Stipulation Collection,S.Iyer,2026-05-24 01:39:00,20,22,False,None,Low
2530,LN-2026169,SOP-LU-001,12,Final Compliance Sign-off,J.Pillai,2026-05-24 02:04:00,15,15,False,None,High
2531,LN-2026169,SOP-LU-001,13,Final Approval & Booking,V.Reddy,2026-05-24 02:13:00,10,6,False,None,Medium
2532,LN-2026169,SOP-LU-001,14,Disbursement Instruction,R.Das,2026-05-24 02:29:00,10,10,False,None,Medium
2533,LN-2026169,SOP-LU-001,15,Post-Disbursement Audit Tagging,P.Nair,2026-05-24 02:37:00,5,6,False,None,Low
2534,LN-2026170,SOP-LU-001,1,Application Intake,V.Reddy,2026-06-04 09:29:00,10,11,False,None,Low
2535,LN-2026170,SOP-LU-001,2,KYC & Identity Verification,K.Menon,2026-06-04 10:06:00,20,21,False,None,High
2536,LN-2026170,SOP-LU-001,3,Credit Bureau Pull,V.Reddy,2026-06-04 10:23:00,15,16,False,None,Medium
2537,LN-2026170,SOP-LU-001,4,Income & Employment Verification,V.Reddy,2026-06-04 11:08:00,25,32,True,Extra Manual Step Added,Medium
2538,LN-2026170,SOP-LU-001,5,Debt-to-Income Calculation,P.Nair,2026-06-04 11:26:00,10,9,False,None,Medium
2539,LN-2026170,SOP-LU-001,6,Collateral Valuation,R.Das,2026-06-04 12:25:00,45,48,True,Documentation Missing,High
2540,LN-2026170,SOP-LU-001,7,Fraud Risk Screening,M.Khan,2026-06-04 12:50:00,15,13,False,None,High
2541,LN-2026170,SOP-LU-001,8,Automated Credit Scoring,T.Sharma,2026-06-04 13:04:00,5,4,True,Approval Bypassed,Medium
2542,LN-2026170,SOP-LU-001,9,Manual Underwriting Review,T.Sharma,2026-06-04 13:34:00,30,27,False,None,High
2543,LN-2026170,SOP-LU-001,10,Conditional Approval Decision,A.Rao,2026-06-04 14:09:00,15,16,False,None,Medium
2544,LN-2026170,SOP-LU-001,11,Document Stipulation Collection,T.Sharma,2026-06-04 14:41:00,20,17,True,Step Skipped,Low
2545,LN-2026170,SOP-LU-001,12,Final Compliance Sign-off,S.Iyer,2026-06-04 15:08:00,15,16,False,None,High
2546,LN-2026170,SOP-LU-001,13,Final Approval & Booking,T.Sharma,2026-06-04 15:17:00,10,8,False,None,Medium
2547,LN-2026170,SOP-LU-001,14,Disbursement Instruction,S.Iyer,2026-06-04 15:36:00,10,8,False,None,Medium
2548,LN-2026170,SOP-LU-001,15,Post-Disbursement Audit Tagging,M.Khan,2026-06-04 15:46:00,5,5,False,None,Low
2549,LN-2026171,SOP-LU-001,1,Application Intake,K.Menon,2026-06-15 18:18:00,10,8,False,None,Low
2550,LN-2026171,SOP-LU-001,2,KYC & Identity Verification,N.Bose,2026-06-15 18:52:00,20,16,False,None,High
2551,LN-2026171,SOP-LU-001,3,Credit Bureau Pull,J.Pillai,2026-06-15 19:06:00,15,11,False,None,Medium
2552,LN-2026171,SOP-LU-001,4,Income & Employment Verification,J.Pillai,2026-06-15 19:44:00,25,26,False,None,Medium
2553,LN-2026171,SOP-LU-001,5,Debt-to-Income Calculation,V.Reddy,2026-06-15 19:59:00,10,10,True,Order Swapped,Medium
2554,LN-2026171,SOP-LU-001,6,Collateral Valuation,T.Sharma,2026-06-15 20:58:00,45,43,False,None,High
2555,LN-2026171,SOP-LU-001,7,Fraud Risk Screening,J.Pillai,2026-06-15 21:21:00,15,16,True,Approval Bypassed,High
2556,LN-2026171,SOP-LU-001,8,Automated Credit Scoring,M.Khan,2026-06-15 21:30:00,5,5,False,None,Medium
2557,LN-2026171,SOP-LU-001,9,Manual Underwriting Review,T.Sharma,2026-06-15 22:21:00,30,38,False,None,High
2558,LN-2026171,SOP-LU-001,10,Conditional Approval Decision,P.Nair,2026-06-15 22:38:00,15,16,False,None,Medium
2559,LN-2026171,SOP-LU-001,11,Document Stipulation Collection,K.Menon,2026-06-15 22:59:00,20,17,True,Approval Bypassed,Low
2560,LN-2026171,SOP-LU-001,12,Final Compliance Sign-off,J.Pillai,2026-06-15 23:29:00,15,14,False,None,High
2561,LN-2026171,SOP-LU-001,13,Final Approval & Booking,K.Menon,2026-06-16 00:00:00,10,12,False,None,Medium
2562,LN-2026171,SOP-LU-001,14,Disbursement Instruction,V.Reddy,2026-06-16 00:20:00,10,9,False,None,Medium
2563,LN-2026171,SOP-LU-001,15,Post-Disbursement Audit Tagging,K.Menon,2026-06-16 00:29:00,5,5,False,None,Low
2564,LN-2026172,SOP-LU-001,1,Application Intake,K.Menon,2026-07-10 19:14:00,10,10,False,None,Low
2565,LN-2026172,SOP-LU-001,2,KYC & Identity Verification,J.Pillai,2026-07-10 19:40:00,20,24,False,None,High
2566,LN-2026172,SOP-LU-001,3,Credit Bureau Pull,M.Khan,2026-07-10 19:56:00,15,12,False,None,Medium
2567,LN-2026172,SOP-LU-001,4,Income & Employment Verification,A.Rao,2026-07-10 20:31:00,25,28,False,None,Medium
2568,LN-2026172,SOP-LU-001,5,Debt-to-Income Calculation,S.Iyer,2026-07-10 21:00:00,10,12,True,Tool Substitution,Medium
2569,LN-2026172,SOP-LU-001,6,Collateral Valuation,A.Rao,2026-07-10 21:55:00,45,46,False,None,High
2570,LN-2026172,SOP-LU-001,7,Fraud Risk Screening,S.Iyer,2026-07-10 22:26:00,15,17,False,None,High
2571,LN-2026172,SOP-LU-001,8,Automated Credit Scoring,R.Das,2026-07-10 22:46:00,5,4,False,None,Medium
2572,LN-2026172,SOP-LU-001,9,Manual Underwriting Review,J.Pillai,2026-07-10 23:27:00,30,27,False,None,High
2573,LN-2026172,SOP-LU-001,10,Conditional Approval Decision,P.Nair,2026-07-10 23:53:00,15,19,False,None,Medium
2574,LN-2026172,SOP-LU-001,11,Document Stipulation Collection,T.Sharma,2026-07-11 00:26:00,20,18,False,None,Low
2575,LN-2026172,SOP-LU-001,12,Final Compliance Sign-off,R.Das,2026-07-11 00:49:00,15,14,False,None,High
2576,LN-2026172,SOP-LU-001,13,Final Approval & Booking,M.Khan,2026-07-11 01:18:00,10,10,False,None,Medium
2577,LN-2026172,SOP-LU-001,14,Disbursement Instruction,T.Sharma,2026-07-11 01:32:00,10,10,False,None,Medium
2578,LN-2026172,SOP-LU-001,15,Post-Disbursement Audit Tagging,J.Pillai,2026-07-11 01:49:00,5,5,False,None,Low
2579,LN-2026173,SOP-LU-001,1,Application Intake,A.Rao,2026-05-23 12:31:00,10,14,True,Extra Manual Step Added,Low
2580,LN-2026173,SOP-LU-001,2,KYC & Identity Verification,N.Bose,2026-05-23 12:55:00,20,14,False,None,High
2581,LN-2026173,SOP-LU-001,3,Credit Bureau Pull,A.Rao,2026-05-23 13:16:00,15,16,False,None,Medium
2582,LN-2026173,SOP-LU-001,4,Income & Employment Verification,T.Sharma,2026-05-23 13:53:00,25,24,False,None,Medium
2583,LN-2026173,SOP-LU-001,5,Debt-to-Income Calculation,A.Rao,2026-05-23 14:26:00,10,15,True,Extra Manual Step Added,Medium
2584,LN-2026173,SOP-LU-001,6,Collateral Valuation,J.Pillai,2026-05-23 15:10:00,45,35,True,Approval Bypassed,High
2585,LN-2026173,SOP-LU-001,7,Fraud Risk Screening,T.Sharma,2026-05-23 15:29:00,15,13,False,None,High
2586,LN-2026173,SOP-LU-001,8,Automated Credit Scoring,M.Khan,2026-05-23 15:43:00,5,4,False,None,Medium
2587,LN-2026173,SOP-LU-001,9,Manual Underwriting Review,N.Bose,2026-05-23 16:30:00,30,29,False,None,High
2588,LN-2026173,SOP-LU-001,10,Conditional Approval Decision,V.Reddy,2026-05-23 17:02:00,15,14,True,Order Swapped,Medium
2589,LN-2026173,SOP-LU-001,11,Document Stipulation Collection,M.Khan,2026-05-23 17:38:00,20,20,True,Documentation Missing,Low
2590,LN-2026173,SOP-LU-001,12,Final Compliance Sign-off,T.Sharma,2026-05-23 18:03:00,15,14,False,None,High
2591,LN-2026173,SOP-LU-001,13,Final Approval & Booking,S.Iyer,2026-05-23 18:21:00,10,8,False,None,Medium
2592,LN-2026173,SOP-LU-001,14,Disbursement Instruction,S.Iyer,2026-05-23 18:39:00,10,12,False,None,Medium
2593,LN-2026174,SOP-LU-001,1,Application Intake,V.Reddy,2026-06-30 12:27:00,10,11,True,Approval Bypassed,Low
2594,LN-2026174,SOP-LU-001,2,KYC & Identity Verification,S.Iyer,2026-06-30 12:53:00,20,20,False,None,High
2595,LN-2026174,SOP-LU-001,3,Credit Bureau Pull,M.Khan,2026-06-30 13:08:00,15,14,True,Approval Bypassed,Medium
2596,LN-2026174,SOP-LU-001,4,Income & Employment Verification,J.Pillai,2026-06-30 13:35:00,25,22,False,None,Medium
2597,LN-2026174,SOP-LU-001,5,Debt-to-Income Calculation,J.Pillai,2026-06-30 13:50:00,10,10,False,None,Medium
2598,LN-2026174,SOP-LU-001,6,Collateral Valuation,M.Khan,2026-06-30 14:38:00,45,43,True,Documentation Missing,High
2599,LN-2026174,SOP-LU-001,7,Fraud Risk Screening,V.Reddy,2026-06-30 15:09:00,15,13,False,None,High
2600,LN-2026174,SOP-LU-001,8,Automated Credit Scoring,P.Nair,2026-06-30 15:25:00,5,4,False,None,Medium
2601,LN-2026174,SOP-LU-001,9,Manual Underwriting Review,A.Rao,2026-06-30 16:01:00,30,27,True,Documentation Missing,High
2602,LN-2026174,SOP-LU-001,10,Conditional Approval Decision,P.Nair,2026-06-30 16:19:00,15,16,False,None,Medium
2603,LN-2026174,SOP-LU-001,11,Document Stipulation Collection,R.Das,2026-06-30 16:58:00,20,20,False,None,Low
2604,LN-2026174,SOP-LU-001,12,Final Compliance Sign-off,N.Bose,2026-06-30 17:26:00,15,15,False,None,High
2605,LN-2026174,SOP-LU-001,13,Final Approval & Booking,A.Rao,2026-06-30 17:48:00,10,10,False,None,Medium
2606,LN-2026174,SOP-LU-001,14,Disbursement Instruction,J.Pillai,2026-06-30 18:11:00,10,8,False,None,Medium
2607,LN-2026174,SOP-LU-001,15,Post-Disbursement Audit Tagging,T.Sharma,2026-06-30 18:29:00,5,4,False,None,Low
2608,LN-2026175,SOP-LU-001,1,Application Intake,N.Bose,2026-07-06 20:21:00,10,11,True,Approval Bypassed,Low
2609,LN-2026175,SOP-LU-001,2,KYC & Identity Verification,R.Das,2026-07-06 20:55:00,20,23,False,None,High
2610,LN-2026175,SOP-LU-001,3,Credit Bureau Pull,K.Menon,2026-07-06 21:14:00,15,17,False,None,Medium
2611,LN-2026175,SOP-LU-001,4,Income & Employment Verification,J.Pillai,2026-07-06 21:42:00,25,22,False,None,Medium
2612,LN-2026175,SOP-LU-001,5,Debt-to-Income Calculation,K.Menon,2026-07-06 22:10:00,10,25,True,Duration Overrun,Medium
2613,LN-2026175,SOP-LU-001,6,Collateral Valuation,N.Bose,2026-07-06 23:00:00,45,44,False,None,High
2614,LN-2026175,SOP-LU-001,7,Fraud Risk Screening,R.Das,2026-07-06 23:26:00,15,15,False,None,High
2615,LN-2026175,SOP-LU-001,8,Automated Credit Scoring,T.Sharma,2026-07-06 23:43:00,5,5,False,None,Medium
2616,LN-2026175,SOP-LU-001,9,Manual Underwriting Review,A.Rao,2026-07-07 00:28:00,30,28,False,None,High
2617,LN-2026175,SOP-LU-001,10,Conditional Approval Decision,N.Bose,2026-07-07 00:42:00,15,12,False,None,Medium
2618,LN-2026175,SOP-LU-001,12,Final Compliance Sign-off,J.Pillai,2026-07-07 01:16:00,15,16,False,None,High
2619,LN-2026175,SOP-LU-001,13,Final Approval & Booking,M.Khan,2026-07-07 01:32:00,10,8,False,None,Medium
2620,LN-2026175,SOP-LU-001,14,Disbursement Instruction,R.Das,2026-07-07 01:42:00,10,8,False,None,Medium
2621,LN-2026175,SOP-LU-001,15,Post-Disbursement Audit Tagging,A.Rao,2026-07-07 01:56:00,5,6,False,None,Low
2622,LN-2026176,SOP-LU-001,1,Application Intake,J.Pillai,2026-08-03 02:17:00,10,9,False,None,Low
2623,LN-2026176,SOP-LU-001,2,KYC & Identity Verification,V.Reddy,2026-08-03 02:53:00,20,17,True,Approval Bypassed,High
2624,LN-2026176,SOP-LU-001,3,Credit Bureau Pull,J.Pillai,2026-08-03 03:30:00,15,19,False,None,Medium
2625,LN-2026176,SOP-LU-001,4,Income & Employment Verification,J.Pillai,2026-08-03 04:30:00,25,41,True,Extra Manual Step Added,Medium
2626,LN-2026176,SOP-LU-001,5,Debt-to-Income Calculation,K.Menon,2026-08-03 05:01:00,10,30,True,Duration Overrun,Medium
2627,LN-2026176,SOP-LU-001,6,Collateral Valuation,R.Das,2026-08-03 06:02:00,45,49,True,Step Skipped,High
2628,LN-2026176,SOP-LU-001,7,Fraud Risk Screening,R.Das,2026-08-03 06:23:00,15,13,True,Documentation Missing,High
2629,LN-2026176,SOP-LU-001,8,Automated Credit Scoring,A.Rao,2026-08-03 06:36:00,5,8,True,Extra Manual Step Added,Medium
2630,LN-2026176,SOP-LU-001,9,Manual Underwriting Review,J.Pillai,2026-08-03 07:15:00,30,24,False,None,High
2631,LN-2026176,SOP-LU-001,10,Conditional Approval Decision,S.Iyer,2026-08-03 07:31:00,15,15,True,Documentation Missing,Medium
2632,LN-2026176,SOP-LU-001,11,Document Stipulation Collection,T.Sharma,2026-08-03 08:04:00,20,22,False,None,Low
2633,LN-2026176,SOP-LU-001,12,Final Compliance Sign-off,R.Das,2026-08-03 08:34:00,15,14,False,None,High
2634,LN-2026176,SOP-LU-001,13,Final Approval & Booking,P.Nair,2026-08-03 08:57:00,10,10,False,None,Medium
2635,LN-2026176,SOP-LU-001,14,Disbursement Instruction,N.Bose,2026-08-03 09:07:00,10,9,False,None,Medium
2636,LN-2026176,SOP-LU-001,15,Post-Disbursement Audit Tagging,T.Sharma,2026-08-03 09:29:00,5,5,False,None,Low
2637,LN-2026177,SOP-LU-001,1,Application Intake,S.Iyer,2026-06-28 00:28:00,10,11,False,None,Low
2638,LN-2026177,SOP-LU-001,2,KYC & Identity Verification,M.Khan,2026-06-28 00:58:00,20,24,False,None,High
2639,LN-2026177,SOP-LU-001,3,Credit Bureau Pull,P.Nair,2026-06-28 01:19:00,15,14,False,None,Medium
2640,LN-2026177,SOP-LU-001,4,Income & Employment Verification,S.Iyer,2026-06-28 02:00:00,25,29,False,None,Medium
2641,LN-2026177,SOP-LU-001,5,Debt-to-Income Calculation,T.Sharma,2026-06-28 02:27:00,10,11,True,Approval Bypassed,Medium
2642,LN-2026177,SOP-LU-001,6,Collateral Valuation,K.Menon,2026-06-28 03:51:00,45,66,True,Extra Manual Step Added,High
2643,LN-2026177,SOP-LU-001,7,Fraud Risk Screening,M.Khan,2026-06-28 04:28:00,15,28,True,Duration Overrun,High
2644,LN-2026177,SOP-LU-001,8,Automated Credit Scoring,V.Reddy,2026-06-28 04:48:00,5,5,False,None,Medium
2645,LN-2026177,SOP-LU-001,9,Manual Underwriting Review,N.Bose,2026-06-28 05:25:00,30,35,False,None,High
2646,LN-2026177,SOP-LU-001,10,Conditional Approval Decision,M.Khan,2026-06-28 05:58:00,15,14,True,Approval Bypassed,Medium
2647,LN-2026177,SOP-LU-001,11,Document Stipulation Collection,S.Iyer,2026-06-28 06:23:00,20,19,False,None,Low
2648,LN-2026177,SOP-LU-001,12,Final Compliance Sign-off,M.Khan,2026-06-28 06:53:00,15,14,False,None,High
2649,LN-2026177,SOP-LU-001,13,Final Approval & Booking,V.Reddy,2026-06-28 07:23:00,10,12,True,Tool Substitution,Medium
2650,LN-2026177,SOP-LU-001,14,Disbursement Instruction,T.Sharma,2026-06-28 07:41:00,10,11,False,None,Medium
2651,LN-2026177,SOP-LU-001,15,Post-Disbursement Audit Tagging,A.Rao,2026-06-28 08:04:00,5,5,False,None,Low
2652,LN-2026178,SOP-LU-001,1,Application Intake,M.Khan,2026-07-04 11:22:00,10,9,False,None,Low
2653,LN-2026178,SOP-LU-001,2,KYC & Identity Verification,R.Das,2026-07-04 11:56:00,20,18,False,None,High
2654,LN-2026178,SOP-LU-001,3,Credit Bureau Pull,R.Das,2026-07-04 12:27:00,15,15,False,None,Medium
2655,LN-2026178,SOP-LU-001,4,Income & Employment Verification,R.Das,2026-07-04 13:03:00,25,25,False,None,Medium
2656,LN-2026178,SOP-LU-001,5,Debt-to-Income Calculation,M.Khan,2026-07-04 13:24:00,10,7,False,None,Medium
2657,LN-2026178,SOP-LU-001,6,Collateral Valuation,P.Nair,2026-07-04 14:26:00,45,47,False,None,High
2658,LN-2026178,SOP-LU-001,7,Fraud Risk Screening,J.Pillai,2026-07-04 14:53:00,15,17,False,None,High
2659,LN-2026178,SOP-LU-001,8,Automated Credit Scoring,N.Bose,2026-07-04 15:14:00,5,4,False,None,Medium
2660,LN-2026178,SOP-LU-001,9,Manual Underwriting Review,S.Iyer,2026-07-04 16:05:00,30,32,False,None,High
2661,LN-2026178,SOP-LU-001,10,Conditional Approval Decision,A.Rao,2026-07-04 16:25:00,15,17,False,None,Medium
2662,LN-2026178,SOP-LU-001,11,Document Stipulation Collection,K.Menon,2026-07-04 17:00:00,20,21,False,None,Low
2663,LN-2026178,SOP-LU-001,12,Final Compliance Sign-off,N.Bose,2026-07-04 17:33:00,15,15,True,Step Skipped,High
2664,LN-2026178,SOP-LU-001,13,Final Approval & Booking,T.Sharma,2026-07-04 17:55:00,10,21,True,Duration Overrun,Medium
2665,LN-2026178,SOP-LU-001,14,Disbursement Instruction,R.Das,2026-07-04 18:22:00,10,15,True,Extra Manual Step Added,Medium
2666,LN-2026179,SOP-LU-001,1,Application Intake,P.Nair,2026-05-15 19:22:00,10,9,True,Documentation Missing,Low
2667,LN-2026179,SOP-LU-001,2,KYC & Identity Verification,K.Menon,2026-05-15 19:48:00,20,23,False,None,High
2668,LN-2026179,SOP-LU-001,3,Credit Bureau Pull,K.Menon,2026-05-15 20:17:00,15,17,False,None,Medium
2669,LN-2026179,SOP-LU-001,5,Debt-to-Income Calculation,S.Iyer,2026-05-15 20:40:00,10,9,True,Documentation Missing,Medium
2670,LN-2026179,SOP-LU-001,4,Income & Employment Verification,J.Pillai,2026-05-15 21:12:00,25,27,False,None,Medium
2671,LN-2026179,SOP-LU-001,6,Collateral Valuation,S.Iyer,2026-05-15 22:00:00,45,45,False,None,High
2672,LN-2026179,SOP-LU-001,7,Fraud Risk Screening,S.Iyer,2026-05-15 22:31:00,15,14,False,None,High
2673,LN-2026179,SOP-LU-001,8,Automated Credit Scoring,K.Menon,2026-05-15 22:55:00,5,10,True,Duration Overrun,Medium
2674,LN-2026179,SOP-LU-001,9,Manual Underwriting Review,R.Das,2026-05-15 23:29:00,30,29,False,None,High
2675,LN-2026179,SOP-LU-001,10,Conditional Approval Decision,T.Sharma,2026-05-15 23:55:00,15,15,False,None,Medium
2676,LN-2026179,SOP-LU-001,11,Document Stipulation Collection,K.Menon,2026-05-16 00:18:00,20,21,True,Tool Substitution,Low
2677,LN-2026179,SOP-LU-001,12,Final Compliance Sign-off,M.Khan,2026-05-16 00:38:00,15,15,True,Step Skipped,High
2678,LN-2026179,SOP-LU-001,13,Final Approval & Booking,A.Rao,2026-05-16 01:00:00,10,9,False,None,Medium
2679,LN-2026179,SOP-LU-001,14,Disbursement Instruction,R.Das,2026-05-16 01:16:00,10,10,True,Tool Substitution,Medium
2680,LN-2026179,SOP-LU-001,15,Post-Disbursement Audit Tagging,V.Reddy,2026-05-16 01:39:00,5,5,True,Step Skipped,Low
2681,LN-2026180,SOP-LU-001,1,Application Intake,V.Reddy,2026-07-05 00:18:00,10,12,False,None,Low
2682,LN-2026180,SOP-LU-001,2,KYC & Identity Verification,M.Khan,2026-07-05 00:47:00,20,20,True,Documentation Missing,High
2683,LN-2026180,SOP-LU-001,3,Credit Bureau Pull,K.Menon,2026-07-05 01:21:00,15,15,True,Approval Bypassed,Medium
2684,LN-2026180,SOP-LU-001,4,Income & Employment Verification,R.Das,2026-07-05 01:47:00,25,21,False,None,Medium
2685,LN-2026180,SOP-LU-001,5,Debt-to-Income Calculation,K.Menon,2026-07-05 02:16:00,10,10,True,Step Skipped,Medium
2686,LN-2026180,SOP-LU-001,6,Collateral Valuation,R.Das,2026-07-05 03:10:00,45,51,False,None,High
2687,LN-2026180,SOP-LU-001,7,Fraud Risk Screening,A.Rao,2026-07-05 03:30:00,15,13,False,None,High
2688,LN-2026180,SOP-LU-001,8,Automated Credit Scoring,S.Iyer,2026-07-05 03:48:00,5,5,False,None,Medium
2689,LN-2026180,SOP-LU-001,9,Manual Underwriting Review,A.Rao,2026-07-05 04:25:00,30,32,False,None,High
2690,LN-2026180,SOP-LU-001,10,Conditional Approval Decision,M.Khan,2026-07-05 04:48:00,15,15,False,None,Medium
2691,LN-2026180,SOP-LU-001,11,Document Stipulation Collection,T.Sharma,2026-07-05 05:24:00,20,18,True,Approval Bypassed,Low
2692,LN-2026180,SOP-LU-001,12,Final Compliance Sign-off,J.Pillai,2026-07-05 05:55:00,15,15,False,None,High
2693,LN-2026180,SOP-LU-001,13,Final Approval & Booking,V.Reddy,2026-07-05 06:17:00,10,9,True,Approval Bypassed,Medium
2694,LN-2026180,SOP-LU-001,14,Disbursement Instruction,M.Khan,2026-07-05 06:35:00,10,8,False,None,Medium
2695,LN-2026180,SOP-LU-001,15,Post-Disbursement Audit Tagging,K.Menon,2026-07-05 06:54:00,5,4,False,None,Low
2696,LN-2026181,SOP-LU-001,1,Application Intake,V.Reddy,2026-05-28 00:17:00,10,9,False,None,Low
2697,LN-2026181,SOP-LU-001,2,KYC & Identity Verification,T.Sharma,2026-05-28 00:48:00,20,18,True,Documentation Missing,High
2698,LN-2026181,SOP-LU-001,3,Credit Bureau Pull,R.Das,2026-05-28 01:21:00,15,15,False,None,Medium
2699,LN-2026181,SOP-LU-001,4,Income & Employment Verification,K.Menon,2026-05-28 01:48:00,25,22,False,None,Medium
2700,LN-2026181,SOP-LU-001,5,Debt-to-Income Calculation,T.Sharma,2026-05-28 02:14:00,10,10,False,None,Medium
2701,LN-2026181,SOP-LU-001,6,Collateral Valuation,R.Das,2026-05-28 03:42:00,45,81,True,Duration Overrun,High
2702,LN-2026181,SOP-LU-001,7,Fraud Risk Screening,S.Iyer,2026-05-28 04:01:00,15,15,False,None,High
2703,LN-2026181,SOP-LU-001,8,Automated Credit Scoring,M.Khan,2026-05-28 04:21:00,5,4,False,None,Medium
2704,LN-2026181,SOP-LU-001,9,Manual Underwriting Review,R.Das,2026-05-28 04:55:00,30,31,False,None,High
2705,LN-2026181,SOP-LU-001,10,Conditional Approval Decision,K.Menon,2026-05-28 05:25:00,15,16,False,None,Medium
2706,LN-2026181,SOP-LU-001,11,Document Stipulation Collection,T.Sharma,2026-05-28 05:57:00,20,17,False,None,Low
2707,LN-2026181,SOP-LU-001,12,Final Compliance Sign-off,V.Reddy,2026-05-28 06:32:00,15,18,False,None,High
2708,LN-2026181,SOP-LU-001,13,Final Approval & Booking,S.Iyer,2026-05-28 06:53:00,10,10,False,None,Medium
2709,LN-2026181,SOP-LU-001,15,Post-Disbursement Audit Tagging,J.Pillai,2026-05-28 07:17:00,5,5,True,Step Skipped,Low
2710,LN-2026181,SOP-LU-001,14,Disbursement Instruction,K.Menon,2026-05-28 07:58:00,10,28,True,Duration Overrun,Medium
2711,LN-2026182,SOP-LU-001,1,Application Intake,V.Reddy,2026-07-13 21:19:00,10,10,False,None,Low
2712,LN-2026182,SOP-LU-001,2,KYC & Identity Verification,A.Rao,2026-07-13 21:38:00,20,18,False,None,High
2713,LN-2026182,SOP-LU-001,3,Credit Bureau Pull,T.Sharma,2026-07-13 22:12:00,15,15,True,Step Skipped,Medium
2714,LN-2026182,SOP-LU-001,4,Income & Employment Verification,A.Rao,2026-07-13 22:43:00,25,25,False,None,Medium
2715,LN-2026182,SOP-LU-001,5,Debt-to-Income Calculation,P.Nair,2026-07-13 22:56:00,10,9,False,None,Medium
2716,LN-2026182,SOP-LU-001,6,Collateral Valuation,N.Bose,2026-07-14 00:00:00,45,54,False,None,High
2717,LN-2026182,SOP-LU-001,7,Fraud Risk Screening,N.Bose,2026-07-14 00:30:00,15,13,False,None,High
2718,LN-2026182,SOP-LU-001,8,Automated Credit Scoring,P.Nair,2026-07-14 00:50:00,5,4,True,Documentation Missing,Medium
2719,LN-2026182,SOP-LU-001,9,Manual Underwriting Review,A.Rao,2026-07-14 01:39:00,30,33,False,None,High
2720,LN-2026182,SOP-LU-001,10,Conditional Approval Decision,V.Reddy,2026-07-14 02:02:00,15,15,False,None,Medium
2721,LN-2026182,SOP-LU-001,11,Document Stipulation Collection,V.Reddy,2026-07-14 02:39:00,20,19,False,None,Low
2722,LN-2026182,SOP-LU-001,12,Final Compliance Sign-off,J.Pillai,2026-07-14 03:03:00,15,13,False,None,High
2723,LN-2026182,SOP-LU-001,13,Final Approval & Booking,S.Iyer,2026-07-14 03:19:00,10,7,True,Approval Bypassed,Medium
2724,LN-2026182,SOP-LU-001,14,Disbursement Instruction,A.Rao,2026-07-14 03:33:00,10,8,True,Approval Bypassed,Medium
2725,LN-2026182,SOP-LU-001,15,Post-Disbursement Audit Tagging,K.Menon,2026-07-14 03:41:00,5,6,False,None,Low
2726,LN-2026183,SOP-LU-001,1,Application Intake,K.Menon,2026-07-09 16:15:00,10,9,False,None,Low
2727,LN-2026183,SOP-LU-001,2,KYC & Identity Verification,J.Pillai,2026-07-09 16:40:00,20,24,True,Documentation Missing,High
2728,LN-2026183,SOP-LU-001,3,Credit Bureau Pull,P.Nair,2026-07-09 16:55:00,15,14,True,Tool Substitution,Medium
2729,LN-2026183,SOP-LU-001,4,Income & Employment Verification,M.Khan,2026-07-09 17:30:00,25,21,False,None,Medium
2730,LN-2026183,SOP-LU-001,5,Debt-to-Income Calculation,J.Pillai,2026-07-09 17:50:00,10,13,False,None,Medium
2731,LN-2026183,SOP-LU-001,6,Collateral Valuation,T.Sharma,2026-07-09 18:53:00,45,53,False,None,High
2732,LN-2026183,SOP-LU-001,7,Fraud Risk Screening,P.Nair,2026-07-09 19:23:00,15,13,False,None,High
2733,LN-2026183,SOP-LU-001,8,Automated Credit Scoring,J.Pillai,2026-07-09 19:42:00,5,3,False,None,Medium
2734,LN-2026183,SOP-LU-001,9,Manual Underwriting Review,K.Menon,2026-07-09 20:25:00,30,30,True,Step Skipped,High
2735,LN-2026183,SOP-LU-001,10,Conditional Approval Decision,M.Khan,2026-07-09 21:01:00,15,18,True,Tool Substitution,Medium
2736,LN-2026183,SOP-LU-001,11,Document Stipulation Collection,N.Bose,2026-07-09 21:33:00,20,27,True,Extra Manual Step Added,Low
2737,LN-2026183,SOP-LU-001,12,Final Compliance Sign-off,J.Pillai,2026-07-09 21:58:00,15,17,True,Order Swapped,High
2738,LN-2026183,SOP-LU-001,13,Final Approval & Booking,J.Pillai,2026-07-09 22:19:00,10,11,True,Step Skipped,Medium
2739,LN-2026183,SOP-LU-001,14,Disbursement Instruction,S.Iyer,2026-07-09 22:29:00,10,7,False,None,Medium
2740,LN-2026183,SOP-LU-001,15,Post-Disbursement Audit Tagging,K.Menon,2026-07-09 22:51:00,5,11,True,Duration Overrun,Low
2741,LN-2026184,SOP-LU-001,2,KYC & Identity Verification,J.Pillai,2026-05-19 00:39:00,20,20,False,None,High
2742,LN-2026184,SOP-LU-001,3,Credit Bureau Pull,M.Khan,2026-05-19 01:09:00,15,18,False,None,Medium
2743,LN-2026184,SOP-LU-001,4,Income & Employment Verification,V.Reddy,2026-05-19 01:45:00,25,31,False,None,Medium
2744,LN-2026184,SOP-LU-001,5,Debt-to-Income Calculation,P.Nair,2026-05-19 02:11:00,10,11,False,None,Medium
2745,LN-2026184,SOP-LU-001,6,Collateral Valuation,N.Bose,2026-05-19 03:31:00,45,65,True,Extra Manual Step Added,High
2746,LN-2026184,SOP-LU-001,7,Fraud Risk Screening,P.Nair,2026-05-19 03:50:00,15,15,False,None,High
2747,LN-2026184,SOP-LU-001,8,Automated Credit Scoring,J.Pillai,2026-05-19 04:13:00,5,4,False,None,Medium
2748,LN-2026184,SOP-LU-001,9,Manual Underwriting Review,J.Pillai,2026-05-19 04:55:00,30,31,False,None,High
2749,LN-2026184,SOP-LU-001,10,Conditional Approval Decision,J.Pillai,2026-05-19 05:47:00,15,41,True,Duration Overrun,Medium
2750,LN-2026184,SOP-LU-001,11,Document Stipulation Collection,R.Das,2026-05-19 06:11:00,20,19,False,None,Low
2751,LN-2026184,SOP-LU-001,12,Final Compliance Sign-off,A.Rao,2026-05-19 06:39:00,15,14,False,None,High
2752,LN-2026184,SOP-LU-001,13,Final Approval & Booking,P.Nair,2026-05-19 06:59:00,10,10,False,None,Medium
2753,LN-2026184,SOP-LU-001,14,Disbursement Instruction,K.Menon,2026-05-19 07:21:00,10,10,True,Documentation Missing,Medium
2754,LN-2026184,SOP-LU-001,15,Post-Disbursement Audit Tagging,N.Bose,2026-05-19 07:38:00,5,5,False,None,Low
2755,LN-2026185,SOP-LU-001,1,Application Intake,P.Nair,2026-07-11 12:21:00,10,10,False,None,Low
2756,LN-2026185,SOP-LU-001,2,KYC & Identity Verification,K.Menon,2026-07-11 12:53:00,20,25,True,Order Swapped,High
2757,LN-2026185,SOP-LU-001,3,Credit Bureau Pull,V.Reddy,2026-07-11 13:24:00,15,16,False,None,Medium
2758,LN-2026185,SOP-LU-001,4,Income & Employment Verification,S.Iyer,2026-07-11 14:05:00,25,22,False,None,Medium
2759,LN-2026185,SOP-LU-001,5,Debt-to-Income Calculation,A.Rao,2026-07-11 14:26:00,10,9,False,None,Medium
2760,LN-2026185,SOP-LU-001,6,Collateral Valuation,R.Das,2026-07-11 15:37:00,45,58,True,Extra Manual Step Added,High
2761,LN-2026185,SOP-LU-001,7,Fraud Risk Screening,T.Sharma,2026-07-11 16:18:00,15,23,True,Extra Manual Step Added,High
2762,LN-2026185,SOP-LU-001,8,Automated Credit Scoring,V.Reddy,2026-07-11 16:23:00,5,4,False,None,Medium
2763,LN-2026185,SOP-LU-001,9,Manual Underwriting Review,A.Rao,2026-07-11 17:02:00,30,22,True,Approval Bypassed,High
2764,LN-2026185,SOP-LU-001,10,Conditional Approval Decision,S.Iyer,2026-07-11 17:27:00,15,14,False,None,Medium
2765,LN-2026185,SOP-LU-001,11,Document Stipulation Collection,V.Reddy,2026-07-11 17:56:00,20,14,True,Step Skipped,Low
2766,LN-2026185,SOP-LU-001,12,Final Compliance Sign-off,K.Menon,2026-07-11 18:29:00,15,16,False,None,High
2767,LN-2026185,SOP-LU-001,13,Final Approval & Booking,V.Reddy,2026-07-11 18:51:00,10,8,False,None,Medium
2768,LN-2026185,SOP-LU-001,14,Disbursement Instruction,T.Sharma,2026-07-11 19:12:00,10,9,False,None,Medium
2769,LN-2026185,SOP-LU-001,15,Post-Disbursement Audit Tagging,T.Sharma,2026-07-11 19:34:00,5,4,False,None,Low
2770,LN-2026186,SOP-LU-001,1,Application Intake,M.Khan,2026-05-10 12:15:00,10,9,True,Order Swapped,Low
2771,LN-2026186,SOP-LU-001,2,KYC & Identity Verification,M.Khan,2026-05-10 12:33:00,20,17,False,None,High
2772,LN-2026186,SOP-LU-001,3,Credit Bureau Pull,K.Menon,2026-05-10 13:07:00,15,16,False,None,Medium
2773,LN-2026186,SOP-LU-001,4,Income & Employment Verification,V.Reddy,2026-05-10 13:38:00,25,23,False,None,Medium
2774,LN-2026186,SOP-LU-001,5,Debt-to-Income Calculation,S.Iyer,2026-05-10 14:07:00,10,27,True,Duration Overrun,Medium
2775,LN-2026186,SOP-LU-001,6,Collateral Valuation,V.Reddy,2026-05-10 14:50:00,45,33,True,Documentation Missing,High
2776,LN-2026186,SOP-LU-001,7,Fraud Risk Screening,S.Iyer,2026-05-10 15:29:00,15,21,True,Extra Manual Step Added,High
2777,LN-2026186,SOP-LU-001,8,Automated Credit Scoring,P.Nair,2026-05-10 15:42:00,5,5,False,None,Medium
2778,LN-2026186,SOP-LU-001,9,Manual Underwriting Review,R.Das,2026-05-10 16:19:00,30,27,False,None,High
2779,LN-2026186,SOP-LU-001,10,Conditional Approval Decision,A.Rao,2026-05-10 16:38:00,15,15,True,Order Swapped,Medium
2780,LN-2026186,SOP-LU-001,11,Document Stipulation Collection,A.Rao,2026-05-10 17:04:00,20,22,False,None,Low
2781,LN-2026186,SOP-LU-001,12,Final Compliance Sign-off,V.Reddy,2026-05-10 17:28:00,15,16,True,Step Skipped,High
2782,LN-2026186,SOP-LU-001,13,Final Approval & Booking,S.Iyer,2026-05-10 17:45:00,10,10,False,None,Medium
2783,LN-2026186,SOP-LU-001,14,Disbursement Instruction,P.Nair,2026-05-10 17:59:00,10,9,False,None,Medium
2784,LN-2026186,SOP-LU-001,15,Post-Disbursement Audit Tagging,J.Pillai,2026-05-10 18:06:00,5,5,False,None,Low
2785,LN-2026187,SOP-LU-001,1,Application Intake,S.Iyer,2026-07-21 14:22:00,10,8,False,None,Low
2786,LN-2026187,SOP-LU-001,2,KYC & Identity Verification,N.Bose,2026-07-21 14:59:00,20,19,False,None,High
2787,LN-2026187,SOP-LU-001,3,Credit Bureau Pull,K.Menon,2026-07-21 15:20:00,15,15,False,None,Medium
2788,LN-2026187,SOP-LU-001,4,Income & Employment Verification,N.Bose,2026-07-21 15:41:00,25,16,False,None,Medium
2789,LN-2026187,SOP-LU-001,5,Debt-to-Income Calculation,P.Nair,2026-07-21 15:59:00,10,8,False,None,Medium
2790,LN-2026187,SOP-LU-001,6,Collateral Valuation,V.Reddy,2026-07-21 17:04:00,45,46,False,None,High
2791,LN-2026187,SOP-LU-001,7,Fraud Risk Screening,M.Khan,2026-07-21 17:25:00,15,18,True,Approval Bypassed,High
2792,LN-2026187,SOP-LU-001,8,Automated Credit Scoring,P.Nair,2026-07-21 17:37:00,5,5,False,None,Medium
2793,LN-2026187,SOP-LU-001,9,Manual Underwriting Review,J.Pillai,2026-07-21 18:54:00,30,58,True,Duration Overrun,High
2794,LN-2026187,SOP-LU-001,10,Conditional Approval Decision,S.Iyer,2026-07-21 19:19:00,15,16,True,Documentation Missing,Medium
2795,LN-2026187,SOP-LU-001,11,Document Stipulation Collection,A.Rao,2026-07-21 19:56:00,20,21,False,None,Low
2796,LN-2026187,SOP-LU-001,12,Final Compliance Sign-off,A.Rao,2026-07-21 20:27:00,15,18,False,None,High
2797,LN-2026187,SOP-LU-001,13,Final Approval & Booking,N.Bose,2026-07-21 21:03:00,10,17,True,Duration Overrun,Medium
2798,LN-2026187,SOP-LU-001,14,Disbursement Instruction,M.Khan,2026-07-21 21:21:00,10,11,True,Documentation Missing,Medium
2799,LN-2026187,SOP-LU-001,15,Post-Disbursement Audit Tagging,K.Menon,2026-07-21 21:33:00,5,4,False,None,Low
2800,LN-2026188,SOP-LU-001,1,Application Intake,A.Rao,2026-06-15 17:12:00,10,8,False,None,Low
2801,LN-2026188,SOP-LU-001,2,KYC & Identity Verification,M.Khan,2026-06-15 17:53:00,20,26,False,None,High
2802,LN-2026188,SOP-LU-001,3,Credit Bureau Pull,S.Iyer,2026-06-15 18:24:00,15,17,False,None,Medium
2803,LN-2026188,SOP-LU-001,4,Income & Employment Verification,P.Nair,2026-06-15 18:50:00,25,23,False,None,Medium
2804,LN-2026188,SOP-LU-001,5,Debt-to-Income Calculation,K.Menon,2026-06-15 19:04:00,10,9,False,None,Medium
2805,LN-2026188,SOP-LU-001,6,Collateral Valuation,R.Das,2026-06-15 20:02:00,45,47,True,Approval Bypassed,High
2806,LN-2026188,SOP-LU-001,7,Fraud Risk Screening,J.Pillai,2026-06-15 20:46:00,15,32,True,Duration Overrun,High
2807,LN-2026188,SOP-LU-001,8,Automated Credit Scoring,A.Rao,2026-06-15 20:58:00,5,3,False,None,Medium
2808,LN-2026188,SOP-LU-001,9,Manual Underwriting Review,V.Reddy,2026-06-15 21:48:00,30,35,False,None,High
2809,LN-2026188,SOP-LU-001,10,Conditional Approval Decision,M.Khan,2026-06-15 22:05:00,15,15,False,None,Medium
2810,LN-2026188,SOP-LU-001,11,Document Stipulation Collection,T.Sharma,2026-06-15 22:34:00,20,17,True,Tool Substitution,Low
2811,LN-2026188,SOP-LU-001,12,Final Compliance Sign-off,A.Rao,2026-06-15 22:47:00,15,12,False,None,High
2812,LN-2026188,SOP-LU-001,13,Final Approval & Booking,K.Menon,2026-06-15 23:13:00,10,11,False,None,Medium
2813,LN-2026188,SOP-LU-001,14,Disbursement Instruction,T.Sharma,2026-06-15 23:36:00,10,10,False,None,Medium
2814,LN-2026188,SOP-LU-001,15,Post-Disbursement Audit Tagging,R.Das,2026-06-16 00:00:00,5,5,False,None,Low
2815,LN-2026189,SOP-LU-001,1,Application Intake,N.Bose,2026-07-31 18:17:00,10,9,False,None,Low
2816,LN-2026189,SOP-LU-001,2,KYC & Identity Verification,P.Nair,2026-07-31 18:40:00,20,18,False,None,High
2817,LN-2026189,SOP-LU-001,3,Credit Bureau Pull,K.Menon,2026-07-31 19:05:00,15,15,False,None,Medium
2818,LN-2026189,SOP-LU-001,4,Income & Employment Verification,T.Sharma,2026-07-31 19:28:00,25,21,False,None,Medium
2819,LN-2026189,SOP-LU-001,5,Debt-to-Income Calculation,A.Rao,2026-07-31 19:57:00,10,11,False,None,Medium
2820,LN-2026189,SOP-LU-001,6,Collateral Valuation,T.Sharma,2026-07-31 20:43:00,45,39,False,None,High
2821,LN-2026189,SOP-LU-001,7,Fraud Risk Screening,K.Menon,2026-07-31 21:09:00,15,12,False,None,High
2822,LN-2026189,SOP-LU-001,8,Automated Credit Scoring,V.Reddy,2026-07-31 21:16:00,5,5,False,None,Medium
2823,LN-2026189,SOP-LU-001,9,Manual Underwriting Review,T.Sharma,2026-07-31 21:58:00,30,34,False,None,High
2824,LN-2026189,SOP-LU-001,10,Conditional Approval Decision,N.Bose,2026-07-31 22:18:00,15,13,False,None,Medium
2825,LN-2026189,SOP-LU-001,11,Document Stipulation Collection,N.Bose,2026-07-31 22:48:00,20,24,False,None,Low
2826,LN-2026189,SOP-LU-001,12,Final Compliance Sign-off,P.Nair,2026-07-31 23:10:00,15,14,False,None,High
2827,LN-2026189,SOP-LU-001,13,Final Approval & Booking,P.Nair,2026-07-31 23:39:00,10,14,True,Extra Manual Step Added,Medium
2828,LN-2026189,SOP-LU-001,14,Disbursement Instruction,V.Reddy,2026-07-31 23:59:00,10,8,False,None,Medium
2829,LN-2026189,SOP-LU-001,15,Post-Disbursement Audit Tagging,J.Pillai,2026-08-01 00:14:00,5,6,False,None,Low
2830,LN-2026190,SOP-LU-001,1,Application Intake,P.Nair,2026-07-16 00:26:00,10,9,False,None,Low
2831,LN-2026190,SOP-LU-001,2,KYC & Identity Verification,R.Das,2026-07-16 00:52:00,20,21,False,None,High
2832,LN-2026190,SOP-LU-001,3,Credit Bureau Pull,M.Khan,2026-07-16 01:20:00,15,18,False,None,Medium
2833,LN-2026190,SOP-LU-001,4,Income & Employment Verification,T.Sharma,2026-07-16 02:02:00,25,29,True,Step Skipped,Medium
2834,LN-2026190,SOP-LU-001,5,Debt-to-Income Calculation,V.Reddy,2026-07-16 02:14:00,10,11,False,None,Medium
2835,LN-2026190,SOP-LU-001,6,Collateral Valuation,K.Menon,2026-07-16 03:06:00,45,44,False,None,High
2836,LN-2026190,SOP-LU-001,7,Fraud Risk Screening,N.Bose,2026-07-16 03:29:00,15,13,False,None,High
2837,LN-2026190,SOP-LU-001,8,Automated Credit Scoring,N.Bose,2026-07-16 03:44:00,5,4,False,None,Medium
2838,LN-2026190,SOP-LU-001,9,Manual Underwriting Review,V.Reddy,2026-07-16 04:31:00,30,35,False,None,High
2839,LN-2026190,SOP-LU-001,10,Conditional Approval Decision,K.Menon,2026-07-16 04:56:00,15,14,False,None,Medium
2840,LN-2026190,SOP-LU-001,11,Document Stipulation Collection,K.Menon,2026-07-16 05:44:00,20,44,True,Duration Overrun,Low
2841,LN-2026190,SOP-LU-001,12,Final Compliance Sign-off,R.Das,2026-07-16 06:02:00,15,11,True,Order Swapped,High
2842,LN-2026190,SOP-LU-001,13,Final Approval & Booking,K.Menon,2026-07-16 06:20:00,10,10,False,None,Medium
2843,LN-2026190,SOP-LU-001,14,Disbursement Instruction,K.Menon,2026-07-16 06:49:00,10,17,True,Extra Manual Step Added,Medium
2844,LN-2026190,SOP-LU-001,15,Post-Disbursement Audit Tagging,V.Reddy,2026-07-16 06:56:00,5,4,False,None,Low
2845,LN-2026191,SOP-LU-001,1,Application Intake,A.Rao,2026-06-29 22:27:00,10,11,False,None,Low
2846,LN-2026191,SOP-LU-001,2,KYC & Identity Verification,N.Bose,2026-06-29 22:55:00,20,21,True,Approval Bypassed,High
2847,LN-2026191,SOP-LU-001,3,Credit Bureau Pull,V.Reddy,2026-06-29 23:20:00,15,18,False,None,Medium
2848,LN-2026191,SOP-LU-001,4,Income & Employment Verification,V.Reddy,2026-06-29 23:59:00,25,27,False,None,Medium
2849,LN-2026191,SOP-LU-001,5,Debt-to-Income Calculation,A.Rao,2026-06-30 00:16:00,10,9,False,None,Medium
2850,LN-2026191,SOP-LU-001,6,Collateral Valuation,A.Rao,2026-06-30 01:20:00,45,55,True,Step Skipped,High
2851,LN-2026191,SOP-LU-001,7,Fraud Risk Screening,P.Nair,2026-06-30 01:40:00,15,16,False,None,High
2852,LN-2026191,SOP-LU-001,8,Automated Credit Scoring,N.Bose,2026-06-30 01:56:00,5,4,False,None,Medium
2853,LN-2026191,SOP-LU-001,9,Manual Underwriting Review,M.Khan,2026-06-30 02:43:00,30,29,False,None,High
2854,LN-2026191,SOP-LU-001,10,Conditional Approval Decision,T.Sharma,2026-06-30 03:09:00,15,11,False,None,Medium
2855,LN-2026191,SOP-LU-001,11,Document Stipulation Collection,N.Bose,2026-06-30 03:39:00,20,20,False,None,Low
2856,LN-2026191,SOP-LU-001,12,Final Compliance Sign-off,V.Reddy,2026-06-30 04:03:00,15,12,False,None,High
2857,LN-2026191,SOP-LU-001,13,Final Approval & Booking,J.Pillai,2026-06-30 04:27:00,10,8,False,None,Medium
2858,LN-2026191,SOP-LU-001,14,Disbursement Instruction,R.Das,2026-06-30 04:51:00,10,10,True,Tool Substitution,Medium
2859,LN-2026191,SOP-LU-001,15,Post-Disbursement Audit Tagging,P.Nair,2026-06-30 05:10:00,5,8,True,Extra Manual Step Added,Low
2860,LN-2026192,SOP-LU-001,1,Application Intake,A.Rao,2026-06-28 20:23:00,10,10,False,None,Low
2861,LN-2026192,SOP-LU-001,2,KYC & Identity Verification,V.Reddy,2026-06-28 20:58:00,20,28,True,Extra Manual Step Added,High
2862,LN-2026192,SOP-LU-001,3,Credit Bureau Pull,J.Pillai,2026-06-28 21:20:00,15,15,False,None,Medium
2863,LN-2026192,SOP-LU-001,4,Income & Employment Verification,N.Bose,2026-06-28 22:01:00,25,28,False,None,Medium
2864,LN-2026192,SOP-LU-001,5,Debt-to-Income Calculation,S.Iyer,2026-06-28 22:21:00,10,13,True,Order Swapped,Medium
2865,LN-2026192,SOP-LU-001,6,Collateral Valuation,A.Rao,2026-06-28 23:17:00,45,48,True,Step Skipped,High
2866,LN-2026192,SOP-LU-001,7,Fraud Risk Screening,J.Pillai,2026-06-28 23:45:00,15,11,False,None,High
2867,LN-2026192,SOP-LU-001,8,Automated Credit Scoring,T.Sharma,2026-06-29 00:03:00,5,6,True,Extra Manual Step Added,Medium
2868,LN-2026192,SOP-LU-001,9,Manual Underwriting Review,A.Rao,2026-06-29 00:55:00,30,36,True,Documentation Missing,High
2869,LN-2026192,SOP-LU-001,10,Conditional Approval Decision,T.Sharma,2026-06-29 01:20:00,15,17,False,None,Medium
2870,LN-2026192,SOP-LU-001,11,Document Stipulation Collection,N.Bose,2026-06-29 02:16:00,20,46,True,Duration Overrun,Low
2871,LN-2026192,SOP-LU-001,12,Final Compliance Sign-off,N.Bose,2026-06-29 02:52:00,15,18,False,None,High
2872,LN-2026192,SOP-LU-001,13,Final Approval & Booking,M.Khan,2026-06-29 03:14:00,10,6,True,Step Skipped,Medium
2873,LN-2026192,SOP-LU-001,14,Disbursement Instruction,S.Iyer,2026-06-29 03:31:00,10,8,False,None,Medium
2874,LN-2026192,SOP-LU-001,15,Post-Disbursement Audit Tagging,T.Sharma,2026-06-29 03:39:00,5,4,False,None,Low
2875,LN-2026193,SOP-LU-001,1,Application Intake,N.Bose,2026-07-07 17:26:00,10,9,False,None,Low
2876,LN-2026193,SOP-LU-001,2,KYC & Identity Verification,R.Das,2026-07-07 17:59:00,20,18,False,None,High
2877,LN-2026193,SOP-LU-001,3,Credit Bureau Pull,R.Das,2026-07-07 18:25:00,15,14,False,None,Medium
2878,LN-2026193,SOP-LU-001,4,Income & Employment Verification,J.Pillai,2026-07-07 18:51:00,25,19,False,None,Medium
2879,LN-2026193,SOP-LU-001,5,Debt-to-Income Calculation,J.Pillai,2026-07-07 19:13:00,10,10,False,None,Medium
2880,LN-2026193,SOP-LU-001,6,Collateral Valuation,V.Reddy,2026-07-07 20:19:00,45,55,False,None,High
2881,LN-2026193,SOP-LU-001,7,Fraud Risk Screening,K.Menon,2026-07-07 20:38:00,15,14,False,None,High
2882,LN-2026193,SOP-LU-001,8,Automated Credit Scoring,A.Rao,2026-07-07 21:00:00,5,4,False,None,Medium
2883,LN-2026193,SOP-LU-001,9,Manual Underwriting Review,K.Menon,2026-07-07 21:46:00,30,35,True,Documentation Missing,High
2884,LN-2026193,SOP-LU-001,10,Conditional Approval Decision,J.Pillai,2026-07-07 22:28:00,15,30,True,Duration Overrun,Medium
2885,LN-2026193,SOP-LU-001,11,Document Stipulation Collection,V.Reddy,2026-07-07 22:53:00,20,20,False,None,Low
2886,LN-2026193,SOP-LU-001,12,Final Compliance Sign-off,T.Sharma,2026-07-07 23:15:00,15,13,False,None,High
2887,LN-2026193,SOP-LU-001,13,Final Approval & Booking,P.Nair,2026-07-07 23:34:00,10,11,True,Approval Bypassed,Medium
2888,LN-2026193,SOP-LU-001,14,Disbursement Instruction,P.Nair,2026-07-08 00:04:00,10,11,False,None,Medium
2889,LN-2026193,SOP-LU-001,15,Post-Disbursement Audit Tagging,R.Das,2026-07-08 00:10:00,5,4,False,None,Low
2890,LN-2026194,SOP-LU-001,1,Application Intake,K.Menon,2026-07-19 13:17:00,10,9,False,None,Low
2891,LN-2026194,SOP-LU-001,2,KYC & Identity Verification,M.Khan,2026-07-19 13:43:00,20,14,False,None,High
2892,LN-2026194,SOP-LU-001,3,Credit Bureau Pull,J.Pillai,2026-07-19 14:15:00,15,25,True,Extra Manual Step Added,Medium
2893,LN-2026194,SOP-LU-001,4,Income & Employment Verification,A.Rao,2026-07-19 14:52:00,25,34,False,None,Medium
2894,LN-2026194,SOP-LU-001,5,Debt-to-Income Calculation,T.Sharma,2026-07-19 15:07:00,10,9,False,None,Medium
2895,LN-2026194,SOP-LU-001,6,Collateral Valuation,M.Khan,2026-07-19 16:06:00,45,49,False,None,High
2896,LN-2026194,SOP-LU-001,7,Fraud Risk Screening,T.Sharma,2026-07-19 16:24:00,15,15,False,None,High
2897,LN-2026194,SOP-LU-001,8,Automated Credit Scoring,T.Sharma,2026-07-19 16:36:00,5,8,True,Extra Manual Step Added,Medium
2898,LN-2026194,SOP-LU-001,9,Manual Underwriting Review,N.Bose,2026-07-19 18:08:00,30,82,True,Duration Overrun,High
2899,LN-2026194,SOP-LU-001,10,Conditional Approval Decision,V.Reddy,2026-07-19 18:35:00,15,18,True,Approval Bypassed,Medium
2900,LN-2026194,SOP-LU-001,11,Document Stipulation Collection,M.Khan,2026-07-19 19:09:00,20,19,False,None,Low
2901,LN-2026194,SOP-LU-001,12,Final Compliance Sign-off,R.Das,2026-07-19 19:32:00,15,15,False,None,High
2902,LN-2026194,SOP-LU-001,13,Final Approval & Booking,M.Khan,2026-07-19 19:51:00,10,11,True,Approval Bypassed,Medium
2903,LN-2026194,SOP-LU-001,14,Disbursement Instruction,M.Khan,2026-07-19 20:18:00,10,8,False,None,Medium
2904,LN-2026194,SOP-LU-001,15,Post-Disbursement Audit Tagging,J.Pillai,2026-07-19 20:26:00,5,5,True,Documentation Missing,Low
2905,LN-2026195,SOP-LU-001,2,KYC & Identity Verification,N.Bose,2026-08-01 20:37:00,20,19,False,None,High
2906,LN-2026195,SOP-LU-001,3,Credit Bureau Pull,K.Menon,2026-08-01 21:04:00,15,11,False,None,Medium
2907,LN-2026195,SOP-LU-001,4,Income & Employment Verification,J.Pillai,2026-08-01 21:44:00,25,23,False,None,Medium
2908,LN-2026195,SOP-LU-001,5,Debt-to-Income Calculation,K.Menon,2026-08-01 22:06:00,10,10,False,None,Medium
2909,LN-2026195,SOP-LU-001,6,Collateral Valuation,R.Das,2026-08-01 22:53:00,45,46,True,Approval Bypassed,High
2910,LN-2026195,SOP-LU-001,7,Fraud Risk Screening,N.Bose,2026-08-01 23:24:00,15,14,False,None,High
2911,LN-2026195,SOP-LU-001,8,Automated Credit Scoring,J.Pillai,2026-08-01 23:38:00,5,4,False,None,Medium
2912,LN-2026195,SOP-LU-001,9,Manual Underwriting Review,S.Iyer,2026-08-02 00:24:00,30,29,False,None,High
2913,LN-2026195,SOP-LU-001,10,Conditional Approval Decision,M.Khan,2026-08-02 00:46:00,15,15,True,Tool Substitution,Medium
2914,LN-2026195,SOP-LU-001,11,Document Stipulation Collection,A.Rao,2026-08-02 01:44:00,20,47,True,Duration Overrun,Low
2915,LN-2026195,SOP-LU-001,12,Final Compliance Sign-off,R.Das,2026-08-02 02:03:00,15,15,False,None,High
2916,LN-2026195,SOP-LU-001,13,Final Approval & Booking,R.Das,2026-08-02 02:16:00,10,9,False,None,Medium
2917,LN-2026195,SOP-LU-001,14,Disbursement Instruction,V.Reddy,2026-08-02 02:42:00,10,7,False,None,Medium
2918,LN-2026195,SOP-LU-001,15,Post-Disbursement Audit Tagging,A.Rao,2026-08-02 02:57:00,5,5,True,Tool Substitution,Low
2919,LN-2026196,SOP-LU-001,1,Application Intake,V.Reddy,2026-08-03 20:23:00,10,10,False,None,Low
2920,LN-2026196,SOP-LU-001,2,KYC & Identity Verification,R.Das,2026-08-03 20:46:00,20,21,True,Approval Bypassed,High
2921,LN-2026196,SOP-LU-001,3,Credit Bureau Pull,V.Reddy,2026-08-03 21:03:00,15,15,False,None,Medium
2922,LN-2026196,SOP-LU-001,4,Income & Employment Verification,P.Nair,2026-08-03 21:29:00,25,19,False,None,Medium
2923,LN-2026196,SOP-LU-001,5,Debt-to-Income Calculation,R.Das,2026-08-03 21:54:00,10,9,True,Tool Substitution,Medium
2924,LN-2026196,SOP-LU-001,6,Collateral Valuation,K.Menon,2026-08-03 23:01:00,45,60,False,None,High
2925,LN-2026196,SOP-LU-001,7,Fraud Risk Screening,T.Sharma,2026-08-03 23:20:00,15,17,False,None,High
2926,LN-2026196,SOP-LU-001,8,Automated Credit Scoring,J.Pillai,2026-08-03 23:33:00,5,4,False,None,Medium
2927,LN-2026196,SOP-LU-001,9,Manual Underwriting Review,R.Das,2026-08-04 00:17:00,30,33,False,None,High
2928,LN-2026196,SOP-LU-001,10,Conditional Approval Decision,V.Reddy,2026-08-04 00:36:00,15,12,False,None,Medium
2929,LN-2026196,SOP-LU-001,11,Document Stipulation Collection,K.Menon,2026-08-04 01:04:00,20,22,False,None,Low
2930,LN-2026196,SOP-LU-001,12,Final Compliance Sign-off,J.Pillai,2026-08-04 01:39:00,15,18,False,None,High
2931,LN-2026196,SOP-LU-001,13,Final Approval & Booking,S.Iyer,2026-08-04 02:03:00,10,15,True,Extra Manual Step Added,Medium
2932,LN-2026196,SOP-LU-001,14,Disbursement Instruction,S.Iyer,2026-08-04 02:15:00,10,11,False,None,Medium
2933,LN-2026196,SOP-LU-001,15,Post-Disbursement Audit Tagging,S.Iyer,2026-08-04 02:38:00,5,5,False,None,Low
2934,LN-2026197,SOP-LU-001,1,Application Intake,T.Sharma,2026-05-04 19:25:00,10,14,False,None,Low
2935,LN-2026197,SOP-LU-001,2,KYC & Identity Verification,N.Bose,2026-05-04 19:59:00,20,31,True,Extra Manual Step Added,High
2936,LN-2026197,SOP-LU-001,3,Credit Bureau Pull,K.Menon,2026-05-04 20:27:00,15,10,False,None,Medium
2937,LN-2026197,SOP-LU-001,4,Income & Employment Verification,S.Iyer,2026-05-04 21:11:00,25,27,False,None,Medium
2938,LN-2026197,SOP-LU-001,5,Debt-to-Income Calculation,J.Pillai,2026-05-04 21:22:00,10,9,False,None,Medium
2939,LN-2026197,SOP-LU-001,6,Collateral Valuation,N.Bose,2026-05-04 22:03:00,45,37,False,None,High
2940,LN-2026197,SOP-LU-001,7,Fraud Risk Screening,T.Sharma,2026-05-04 22:24:00,15,15,False,None,High
2941,LN-2026197,SOP-LU-001,9,Manual Underwriting Review,R.Das,2026-05-04 23:01:00,30,32,False,None,High
2942,LN-2026197,SOP-LU-001,8,Automated Credit Scoring,T.Sharma,2026-05-04 23:14:00,5,6,True,Approval Bypassed,Medium
2943,LN-2026197,SOP-LU-001,10,Conditional Approval Decision,T.Sharma,2026-05-04 23:38:00,15,16,True,Documentation Missing,Medium
2944,LN-2026197,SOP-LU-001,11,Document Stipulation Collection,A.Rao,2026-05-05 00:01:00,20,20,False,None,Low
2945,LN-2026197,SOP-LU-001,12,Final Compliance Sign-off,T.Sharma,2026-05-05 00:39:00,15,24,True,Extra Manual Step Added,High
2946,LN-2026197,SOP-LU-001,13,Final Approval & Booking,M.Khan,2026-05-05 01:06:00,10,10,False,None,Medium
2947,LN-2026197,SOP-LU-001,14,Disbursement Instruction,S.Iyer,2026-05-05 01:28:00,10,9,False,None,Medium
2948,LN-2026197,SOP-LU-001,15,Post-Disbursement Audit Tagging,N.Bose,2026-05-05 01:46:00,5,4,True,Order Swapped,Low
2949,LN-2026198,SOP-LU-001,1,Application Intake,J.Pillai,2026-06-01 06:12:00,10,9,False,None,Low
2950,LN-2026198,SOP-LU-001,2,KYC & Identity Verification,N.Bose,2026-06-01 06:55:00,20,27,False,None,High
2951,LN-2026198,SOP-LU-001,3,Credit Bureau Pull,N.Bose,2026-06-01 07:18:00,15,15,False,None,Medium
2952,LN-2026198,SOP-LU-001,4,Income & Employment Verification,K.Menon,2026-06-01 08:00:00,25,25,False,None,Medium
2953,LN-2026198,SOP-LU-001,5,Debt-to-Income Calculation,K.Menon,2026-06-01 08:21:00,10,10,False,None,Medium
2954,LN-2026198,SOP-LU-001,6,Collateral Valuation,A.Rao,2026-06-01 09:08:00,45,45,True,Order Swapped,High
2955,LN-2026198,SOP-LU-001,7,Fraud Risk Screening,R.Das,2026-06-01 09:35:00,15,16,False,None,High
2956,LN-2026198,SOP-LU-001,8,Automated Credit Scoring,S.Iyer,2026-06-01 09:53:00,5,5,False,None,Medium
2957,LN-2026198,SOP-LU-001,9,Manual Underwriting Review,J.Pillai,2026-06-01 10:41:00,30,30,False,None,High
2958,LN-2026198,SOP-LU-001,10,Conditional Approval Decision,T.Sharma,2026-06-01 11:04:00,15,14,False,None,Medium
2959,LN-2026198,SOP-LU-001,11,Document Stipulation Collection,A.Rao,2026-06-01 11:54:00,20,31,True,Extra Manual Step Added,Low
2960,LN-2026198,SOP-LU-001,12,Final Compliance Sign-off,K.Menon,2026-06-01 12:22:00,15,12,False,None,High
2961,LN-2026198,SOP-LU-001,13,Final Approval & Booking,S.Iyer,2026-06-01 12:38:00,10,13,True,Tool Substitution,Medium
2962,LN-2026198,SOP-LU-001,14,Disbursement Instruction,R.Das,2026-06-01 12:58:00,10,10,False,None,Medium
2963,LN-2026198,SOP-LU-001,15,Post-Disbursement Audit Tagging,K.Menon,2026-06-01 13:14:00,5,4,True,Order Swapped,Low
2964,LN-2026199,SOP-LU-001,1,Application Intake,V.Reddy,2026-05-23 22:16:00,10,9,True,Step Skipped,Low
2965,LN-2026199,SOP-LU-001,2,KYC & Identity Verification,A.Rao,2026-05-23 22:33:00,20,16,False,None,High
2966,LN-2026199,SOP-LU-001,3,Credit Bureau Pull,N.Bose,2026-05-23 23:00:00,15,14,True,Step Skipped,Medium
2967,LN-2026199,SOP-LU-001,4,Income & Employment Verification,V.Reddy,2026-05-23 23:42:00,25,33,False,None,Medium
2968,LN-2026199,SOP-LU-001,5,Debt-to-Income Calculation,A.Rao,2026-05-24 00:08:00,10,17,True,Extra Manual Step Added,Medium
2969,LN-2026199,SOP-LU-001,6,Collateral Valuation,A.Rao,2026-05-24 01:19:00,45,56,True,Approval Bypassed,High
2970,LN-2026199,SOP-LU-001,7,Fraud Risk Screening,K.Menon,2026-05-24 01:35:00,15,13,False,None,High
2971,LN-2026199,SOP-LU-001,8,Automated Credit Scoring,P.Nair,2026-05-24 01:52:00,5,6,False,None,Medium
2972,LN-2026199,SOP-LU-001,9,Manual Underwriting Review,P.Nair,2026-05-24 02:40:00,30,33,False,None,High
2973,LN-2026199,SOP-LU-001,10,Conditional Approval Decision,A.Rao,2026-05-24 03:18:00,15,20,True,Extra Manual Step Added,Medium
2974,LN-2026199,SOP-LU-001,11,Document Stipulation Collection,R.Das,2026-05-24 03:53:00,20,17,True,Tool Substitution,Low
2975,LN-2026199,SOP-LU-001,12,Final Compliance Sign-off,T.Sharma,2026-05-24 04:13:00,15,12,False,None,High
2976,LN-2026199,SOP-LU-001,13,Final Approval & Booking,N.Bose,2026-05-24 04:24:00,10,9,False,None,Medium
2977,LN-2026199,SOP-LU-001,14,Disbursement Instruction,J.Pillai,2026-05-24 04:42:00,10,8,False,None,Medium
2978,LN-2026199,SOP-LU-001,15,Post-Disbursement Audit Tagging,K.Menon,2026-05-24 04:52:00,5,5,True,Documentation Missing,Low
2979,LN-2026200,SOP-LU-001,1,Application Intake,P.Nair,2026-06-15 08:09:00,10,7,False,None,Low
2980,LN-2026200,SOP-LU-001,2,KYC & Identity Verification,S.Iyer,2026-06-15 08:39:00,20,26,False,None,High
2981,LN-2026200,SOP-LU-001,3,Credit Bureau Pull,N.Bose,2026-06-15 09:14:00,15,17,False,None,Medium
2982,LN-2026200,SOP-LU-001,4,Income & Employment Verification,K.Menon,2026-06-15 09:36:00,25,21,True,Approval Bypassed,Medium
2983,LN-2026200,SOP-LU-001,5,Debt-to-Income Calculation,N.Bose,2026-06-15 09:59:00,10,9,False,None,Medium
2984,LN-2026200,SOP-LU-001,6,Collateral Valuation,V.Reddy,2026-06-15 10:42:00,45,39,False,None,High
2985,LN-2026200,SOP-LU-001,7,Fraud Risk Screening,J.Pillai,2026-06-15 10:55:00,15,11,False,None,High
2986,LN-2026200,SOP-LU-001,8,Automated Credit Scoring,K.Menon,2026-06-15 11:16:00,5,5,True,Approval Bypassed,Medium
2987,LN-2026200,SOP-LU-001,9,Manual Underwriting Review,M.Khan,2026-06-15 12:09:00,30,50,True,Extra Manual Step Added,High
2988,LN-2026200,SOP-LU-001,10,Conditional Approval Decision,N.Bose,2026-06-15 12:34:00,15,14,False,None,Medium
2989,LN-2026200,SOP-LU-001,11,Document Stipulation Collection,T.Sharma,2026-06-15 13:09:00,20,28,True,Step Skipped,Low
2990,LN-2026200,SOP-LU-001,12,Final Compliance Sign-off,N.Bose,2026-06-15 13:37:00,15,18,True,Step Skipped,High
2991,LN-2026200,SOP-LU-001,13,Final Approval & Booking,T.Sharma,2026-06-15 13:57:00,10,10,True,Tool Substitution,Medium
2992,LN-2026200,SOP-LU-001,14,Disbursement Instruction,N.Bose,2026-06-15 14:13:00,10,6,False,None,Medium
2993,LN-2026201,SOP-LU-001,1,Application Intake,M.Khan,2026-05-30 19:21:00,10,11,False,None,Low
2994,LN-2026201,SOP-LU-001,2,KYC & Identity Verification,R.Das,2026-05-30 20:01:00,20,21,True,Documentation Missing,High
2995,LN-2026201,SOP-LU-001,3,Credit Bureau Pull,V.Reddy,2026-05-30 20:28:00,15,17,False,None,Medium
2996,LN-2026201,SOP-LU-001,4,Income & Employment Verification,R.Das,2026-05-30 21:26:00,25,51,True,Duration Overrun,Medium
2997,LN-2026201,SOP-LU-001,5,Debt-to-Income Calculation,M.Khan,2026-05-30 21:38:00,10,11,False,None,Medium
2998,LN-2026201,SOP-LU-001,6,Collateral Valuation,V.Reddy,2026-05-30 22:30:00,45,43,True,Step Skipped,High
2999,LN-2026201,SOP-LU-001,7,Fraud Risk Screening,T.Sharma,2026-05-30 22:50:00,15,12,False,None,High
3000,LN-2026201,SOP-LU-001,8,Automated Credit Scoring,V.Reddy,2026-05-30 23:07:00,5,4,True,Approval Bypassed,Medium
3001,LN-2026201,SOP-LU-001,9,Manual Underwriting Review,M.Khan,2026-05-30 23:54:00,30,29,False,None,High
3002,LN-2026201,SOP-LU-001,10,Conditional Approval Decision,K.Menon,2026-05-31 00:20:00,15,14,False,None,Medium
3003,LN-2026201,SOP-LU-001,11,Document Stipulation Collection,M.Khan,2026-05-31 01:15:00,20,39,True,Duration Overrun,Low
3004,LN-2026201,SOP-LU-001,12,Final Compliance Sign-off,K.Menon,2026-05-31 01:33:00,15,13,False,None,High
3005,LN-2026201,SOP-LU-001,13,Final Approval & Booking,S.Iyer,2026-05-31 01:51:00,10,11,False,None,Medium
3006,LN-2026201,SOP-LU-001,14,Disbursement Instruction,T.Sharma,2026-05-31 02:20:00,10,10,True,Order Swapped,Medium
3007,LN-2026201,SOP-LU-001,15,Post-Disbursement Audit Tagging,M.Khan,2026-05-31 02:34:00,5,6,True,Tool Substitution,Low
3008,LN-2026202,SOP-LU-001,1,Application Intake,J.Pillai,2026-06-09 20:11:00,10,10,True,Approval Bypassed,Low
3009,LN-2026202,SOP-LU-001,2,KYC & Identity Verification,M.Khan,2026-06-09 20:48:00,20,19,False,None,High
3010,LN-2026202,SOP-LU-001,3,Credit Bureau Pull,J.Pillai,2026-06-09 21:16:00,15,17,False,None,Medium
3011,LN-2026202,SOP-LU-001,4,Income & Employment Verification,V.Reddy,2026-06-09 21:44:00,25,24,False,None,Medium
3012,LN-2026202,SOP-LU-001,5,Debt-to-Income Calculation,S.Iyer,2026-06-09 21:59:00,10,10,False,None,Medium
3013,LN-2026202,SOP-LU-001,6,Collateral Valuation,K.Menon,2026-06-09 23:06:00,45,49,False,None,High
3014,LN-2026202,SOP-LU-001,7,Fraud Risk Screening,V.Reddy,2026-06-09 23:53:00,15,45,True,Duration Overrun,High
3015,LN-2026202,SOP-LU-001,8,Automated Credit Scoring,A.Rao,2026-06-10 00:07:00,5,5,True,Order Swapped,Medium
3016,LN-2026202,SOP-LU-001,9,Manual Underwriting Review,K.Menon,2026-06-10 00:37:00,30,27,True,Step Skipped,High
3017,LN-2026202,SOP-LU-001,10,Conditional Approval Decision,A.Rao,2026-06-10 00:52:00,15,14,False,None,Medium
3018,LN-2026202,SOP-LU-001,12,Final Compliance Sign-off,M.Khan,2026-06-10 01:19:00,15,17,False,None,High
3019,LN-2026202,SOP-LU-001,13,Final Approval & Booking,T.Sharma,2026-06-10 01:43:00,10,9,False,None,Medium
3020,LN-2026202,SOP-LU-001,14,Disbursement Instruction,J.Pillai,2026-06-10 01:56:00,10,10,True,Documentation Missing,Medium
3021,LN-2026202,SOP-LU-001,15,Post-Disbursement Audit Tagging,N.Bose,2026-06-10 02:08:00,5,3,True,Step Skipped,Low
3022,LN-2026203,SOP-LU-001,1,Application Intake,V.Reddy,2026-06-15 14:20:00,10,8,True,Approval Bypassed,Low
3023,LN-2026203,SOP-LU-001,2,KYC & Identity Verification,R.Das,2026-06-15 14:45:00,20,23,False,None,High
3024,LN-2026203,SOP-LU-001,3,Credit Bureau Pull,N.Bose,2026-06-15 15:08:00,15,14,False,None,Medium
3025,LN-2026203,SOP-LU-001,4,Income & Employment Verification,A.Rao,2026-06-15 15:48:00,25,21,False,None,Medium
3026,LN-2026203,SOP-LU-001,5,Debt-to-Income Calculation,K.Menon,2026-06-15 16:02:00,10,8,False,None,Medium
3027,LN-2026203,SOP-LU-001,6,Collateral Valuation,T.Sharma,2026-06-15 17:06:00,45,60,False,None,High
3028,LN-2026203,SOP-LU-001,7,Fraud Risk Screening,V.Reddy,2026-06-15 17:28:00,15,18,False,None,High
3029,LN-2026203,SOP-LU-001,8,Automated Credit Scoring,A.Rao,2026-06-15 17:35:00,5,3,False,None,Medium
3030,LN-2026203,SOP-LU-001,9,Manual Underwriting Review,R.Das,2026-06-15 18:24:00,30,33,True,Approval Bypassed,High
3031,LN-2026203,SOP-LU-001,10,Conditional Approval Decision,S.Iyer,2026-06-15 18:58:00,15,18,False,None,Medium
3032,LN-2026203,SOP-LU-001,11,Document Stipulation Collection,S.Iyer,2026-06-15 19:30:00,20,20,False,None,Low
3033,LN-2026203,SOP-LU-001,12,Final Compliance Sign-off,V.Reddy,2026-06-15 20:29:00,15,41,True,Duration Overrun,High
3034,LN-2026203,SOP-LU-001,13,Final Approval & Booking,J.Pillai,2026-06-15 20:48:00,10,9,False,None,Medium
3035,LN-2026203,SOP-LU-001,14,Disbursement Instruction,N.Bose,2026-06-15 21:04:00,10,9,False,None,Medium
3036,LN-2026203,SOP-LU-001,15,Post-Disbursement Audit Tagging,J.Pillai,2026-06-15 21:09:00,5,4,False,None,Low
3037,LN-2026204,SOP-LU-001,1,Application Intake,M.Khan,2026-07-15 06:21:00,10,11,True,Step Skipped,Low
3038,LN-2026204,SOP-LU-001,2,KYC & Identity Verification,M.Khan,2026-07-15 06:47:00,20,17,True,Documentation Missing,High
3039,LN-2026204,SOP-LU-001,3,Credit Bureau Pull,T.Sharma,2026-07-15 07:07:00,15,10,False,None,Medium
3040,LN-2026204,SOP-LU-001,4,Income & Employment Verification,R.Das,2026-07-15 07:38:00,25,30,False,None,Medium
3041,LN-2026204,SOP-LU-001,5,Debt-to-Income Calculation,J.Pillai,2026-07-15 08:03:00,10,10,True,Step Skipped,Medium
3042,LN-2026204,SOP-LU-001,6,Collateral Valuation,T.Sharma,2026-07-15 09:00:00,45,40,True,Tool Substitution,High
3043,LN-2026204,SOP-LU-001,7,Fraud Risk Screening,J.Pillai,2026-07-15 09:16:00,15,14,False,None,High
3044,LN-2026204,SOP-LU-001,8,Automated Credit Scoring,T.Sharma,2026-07-15 09:33:00,5,4,True,Approval Bypassed,Medium
3045,LN-2026204,SOP-LU-001,9,Manual Underwriting Review,M.Khan,2026-07-15 10:14:00,30,38,False,None,High
3046,LN-2026204,SOP-LU-001,10,Conditional Approval Decision,T.Sharma,2026-07-15 10:48:00,15,17,False,None,Medium
3047,LN-2026204,SOP-LU-001,11,Document Stipulation Collection,A.Rao,2026-07-15 11:19:00,20,18,False,None,Low
3048,LN-2026204,SOP-LU-001,12,Final Compliance Sign-off,P.Nair,2026-07-15 11:55:00,15,18,False,None,High
3049,LN-2026204,SOP-LU-001,13,Final Approval & Booking,J.Pillai,2026-07-15 12:12:00,10,14,True,Extra Manual Step Added,Medium
3050,LN-2026204,SOP-LU-001,14,Disbursement Instruction,K.Menon,2026-07-15 12:30:00,10,9,True,Approval Bypassed,Medium
3051,LN-2026204,SOP-LU-001,15,Post-Disbursement Audit Tagging,K.Menon,2026-07-15 12:37:00,5,5,False,None,Low
3052,LN-2026205,SOP-LU-001,1,Application Intake,M.Khan,2026-05-02 18:20:00,10,10,True,Approval Bypassed,Low
3053,LN-2026205,SOP-LU-001,2,KYC & Identity Verification,M.Khan,2026-05-02 18:48:00,20,18,False,None,High
3054,LN-2026205,SOP-LU-001,3,Credit Bureau Pull,V.Reddy,2026-05-02 19:20:00,15,16,True,Approval Bypassed,Medium
3055,LN-2026205,SOP-LU-001,4,Income & Employment Verification,T.Sharma,2026-05-02 19:57:00,25,21,False,None,Medium
3056,LN-2026205,SOP-LU-001,5,Debt-to-Income Calculation,M.Khan,2026-05-02 20:27:00,10,12,False,None,Medium
3057,LN-2026205,SOP-LU-001,6,Collateral Valuation,V.Reddy,2026-05-02 21:20:00,45,45,True,Step Skipped,High
3058,LN-2026205,SOP-LU-001,7,Fraud Risk Screening,P.Nair,2026-05-02 21:43:00,15,13,True,Approval Bypassed,High
3059,LN-2026205,SOP-LU-001,9,Manual Underwriting Review,N.Bose,2026-05-02 22:30:00,30,36,False,None,High
3060,LN-2026205,SOP-LU-001,8,Automated Credit Scoring,T.Sharma,2026-05-02 22:51:00,5,3,False,None,Medium
3061,LN-2026205,SOP-LU-001,10,Conditional Approval Decision,T.Sharma,2026-05-02 23:19:00,15,22,True,Extra Manual Step Added,Medium
3062,LN-2026205,SOP-LU-001,11,Document Stipulation Collection,P.Nair,2026-05-02 23:49:00,20,16,False,None,Low
3063,LN-2026205,SOP-LU-001,12,Final Compliance Sign-off,K.Menon,2026-05-03 00:10:00,15,14,False,None,High
3064,LN-2026205,SOP-LU-001,13,Final Approval & Booking,N.Bose,2026-05-03 00:38:00,10,11,False,None,Medium
3065,LN-2026205,SOP-LU-001,14,Disbursement Instruction,A.Rao,2026-05-03 01:02:00,10,13,True,Extra Manual Step Added,Medium
3066,LN-2026205,SOP-LU-001,15,Post-Disbursement Audit Tagging,M.Khan,2026-05-03 01:24:00,5,6,True,Documentation Missing,Low
3067,LN-2026206,SOP-LU-001,1,Application Intake,J.Pillai,2026-06-15 18:28:00,10,9,False,None,Low
3068,LN-2026206,SOP-LU-001,2,KYC & Identity Verification,R.Das,2026-06-15 19:12:00,20,34,True,Extra Manual Step Added,High
3069,LN-2026206,SOP-LU-001,3,Credit Bureau Pull,N.Bose,2026-06-15 19:35:00,15,10,True,Tool Substitution,Medium
3070,LN-2026206,SOP-LU-001,4,Income & Employment Verification,P.Nair,2026-06-15 20:03:00,25,26,False,None,Medium
3071,LN-2026206,SOP-LU-001,5,Debt-to-Income Calculation,K.Menon,2026-06-15 20:24:00,10,8,False,None,Medium
3072,LN-2026206,SOP-LU-001,6,Collateral Valuation,R.Das,2026-06-15 21:08:00,45,41,False,None,High
3073,LN-2026206,SOP-LU-001,7,Fraud Risk Screening,R.Das,2026-06-15 21:28:00,15,18,False,None,High
3074,LN-2026206,SOP-LU-001,8,Automated Credit Scoring,N.Bose,2026-06-15 21:40:00,5,4,False,None,Medium
3075,LN-2026206,SOP-LU-001,9,Manual Underwriting Review,M.Khan,2026-06-15 22:44:00,30,56,True,Duration Overrun,High
3076,LN-2026206,SOP-LU-001,10,Conditional Approval Decision,V.Reddy,2026-06-15 22:59:00,15,10,True,Documentation Missing,Medium
3077,LN-2026206,SOP-LU-001,11,Document Stipulation Collection,N.Bose,2026-06-15 23:20:00,20,17,False,None,Low
3078,LN-2026206,SOP-LU-001,12,Final Compliance Sign-off,N.Bose,2026-06-15 23:39:00,15,16,True,Step Skipped,High
3079,LN-2026206,SOP-LU-001,13,Final Approval & Booking,J.Pillai,2026-06-15 23:59:00,10,9,False,None,Medium
3080,LN-2026206,SOP-LU-001,14,Disbursement Instruction,V.Reddy,2026-06-16 00:19:00,10,11,False,None,Medium
3081,LN-2026206,SOP-LU-001,15,Post-Disbursement Audit Tagging,N.Bose,2026-06-16 00:31:00,5,4,True,Approval Bypassed,Low
3082,LN-2026207,SOP-LU-001,1,Application Intake,J.Pillai,2026-05-08 17:24:00,10,6,False,None,Low
3083,LN-2026207,SOP-LU-001,2,KYC & Identity Verification,A.Rao,2026-05-08 17:58:00,20,15,False,None,High
3084,LN-2026207,SOP-LU-001,3,Credit Bureau Pull,T.Sharma,2026-05-08 18:20:00,15,14,False,None,Medium
3085,LN-2026207,SOP-LU-001,4,Income & Employment Verification,P.Nair,2026-05-08 18:48:00,25,25,False,None,Medium
3086,LN-2026207,SOP-LU-001,5,Debt-to-Income Calculation,R.Das,2026-05-08 19:09:00,10,9,True,Approval Bypassed,Medium
3087,LN-2026207,SOP-LU-001,6,Collateral Valuation,M.Khan,2026-05-08 20:08:00,45,47,False,None,High
3088,LN-2026207,SOP-LU-001,7,Fraud Risk Screening,K.Menon,2026-05-08 20:28:00,15,15,True,Tool Substitution,High
3089,LN-2026207,SOP-LU-001,8,Automated Credit Scoring,M.Khan,2026-05-08 20:40:00,5,4,False,None,Medium
3090,LN-2026207,SOP-LU-001,9,Manual Underwriting Review,S.Iyer,2026-05-08 21:41:00,30,49,True,Extra Manual Step Added,High
3091,LN-2026207,SOP-LU-001,10,Conditional Approval Decision,P.Nair,2026-05-08 22:04:00,15,11,True,Documentation Missing,Medium
3092,LN-2026207,SOP-LU-001,11,Document Stipulation Collection,K.Menon,2026-05-08 22:45:00,20,25,False,None,Low
3093,LN-2026207,SOP-LU-001,12,Final Compliance Sign-off,P.Nair,2026-05-08 23:17:00,15,19,True,Step Skipped,High
3094,LN-2026207,SOP-LU-001,13,Final Approval & Booking,R.Das,2026-05-08 23:37:00,10,11,False,None,Medium
3095,LN-2026207,SOP-LU-001,14,Disbursement Instruction,N.Bose,2026-05-09 00:00:00,10,7,False,None,Medium
3096,LN-2026207,SOP-LU-001,15,Post-Disbursement Audit Tagging,M.Khan,2026-05-09 00:10:00,5,4,False,None,Low
3097,LN-2026208,SOP-LU-001,1,Application Intake,R.Das,2026-05-05 09:28:00,10,9,True,Step Skipped,Low
3098,LN-2026208,SOP-LU-001,2,KYC & Identity Verification,R.Das,2026-05-05 10:04:00,20,17,False,None,High
3099,LN-2026208,SOP-LU-001,3,Credit Bureau Pull,S.Iyer,2026-05-05 10:19:00,15,13,False,None,Medium
3100,LN-2026208,SOP-LU-001,4,Income & Employment Verification,A.Rao,2026-05-05 10:53:00,25,24,False,None,Medium
3101,LN-2026208,SOP-LU-001,6,Collateral Valuation,V.Reddy,2026-05-05 11:41:00,45,39,False,None,High
3102,LN-2026208,SOP-LU-001,5,Debt-to-Income Calculation,A.Rao,2026-05-05 11:53:00,10,11,False,None,Medium
3103,LN-2026208,SOP-LU-001,7,Fraud Risk Screening,K.Menon,2026-05-05 12:22:00,15,14,False,None,High
3104,LN-2026208,SOP-LU-001,8,Automated Credit Scoring,K.Menon,2026-05-05 12:46:00,5,7,True,Extra Manual Step Added,Medium
3105,LN-2026208,SOP-LU-001,9,Manual Underwriting Review,M.Khan,2026-05-05 13:23:00,30,26,False,None,High
3106,LN-2026208,SOP-LU-001,10,Conditional Approval Decision,K.Menon,2026-05-05 13:47:00,15,16,False,None,Medium
3107,LN-2026208,SOP-LU-001,11,Document Stipulation Collection,S.Iyer,2026-05-05 14:22:00,20,19,False,None,Low
3108,LN-2026208,SOP-LU-001,12,Final Compliance Sign-off,N.Bose,2026-05-05 14:48:00,15,12,True,Documentation Missing,High
3109,LN-2026208,SOP-LU-001,13,Final Approval & Booking,N.Bose,2026-05-05 15:11:00,10,12,False,None,Medium
3110,LN-2026208,SOP-LU-001,14,Disbursement Instruction,J.Pillai,2026-05-05 15:38:00,10,10,False,None,Medium
3111,LN-2026208,SOP-LU-001,15,Post-Disbursement Audit Tagging,N.Bose,2026-05-05 15:53:00,5,3,False,None,Low
3112,LN-2026209,SOP-LU-001,1,Application Intake,T.Sharma,2026-07-04 14:29:00,10,11,True,Step Skipped,Low
3113,LN-2026209,SOP-LU-001,2,KYC & Identity Verification,M.Khan,2026-07-04 15:00:00,20,17,True,Documentation Missing,High
3114,LN-2026209,SOP-LU-001,3,Credit Bureau Pull,P.Nair,2026-07-04 15:15:00,15,14,False,None,Medium
3115,LN-2026209,SOP-LU-001,4,Income & Employment Verification,P.Nair,2026-07-04 15:53:00,25,23,False,None,Medium
3116,LN-2026209,SOP-LU-001,5,Debt-to-Income Calculation,P.Nair,2026-07-04 16:14:00,10,11,True,Order Swapped,Medium
3117,LN-2026209,SOP-LU-001,6,Collateral Valuation,V.Reddy,2026-07-04 17:06:00,45,40,False,None,High
3118,LN-2026209,SOP-LU-001,7,Fraud Risk Screening,J.Pillai,2026-07-04 17:32:00,15,15,False,None,High
3119,LN-2026209,SOP-LU-001,8,Automated Credit Scoring,T.Sharma,2026-07-04 17:55:00,5,4,True,Documentation Missing,Medium
3120,LN-2026209,SOP-LU-001,9,Manual Underwriting Review,K.Menon,2026-07-04 18:22:00,30,25,False,None,High
3121,LN-2026209,SOP-LU-001,10,Conditional Approval Decision,V.Reddy,2026-07-04 19:03:00,15,32,True,Duration Overrun,Medium
3122,LN-2026209,SOP-LU-001,11,Document Stipulation Collection,R.Das,2026-07-04 19:25:00,20,20,False,None,Low
3123,LN-2026209,SOP-LU-001,12,Final Compliance Sign-off,S.Iyer,2026-07-04 19:50:00,15,17,False,None,High
3124,LN-2026209,SOP-LU-001,13,Final Approval & Booking,T.Sharma,2026-07-04 20:15:00,10,9,False,None,Medium
3125,LN-2026209,SOP-LU-001,14,Disbursement Instruction,A.Rao,2026-07-04 20:41:00,10,11,False,None,Medium
3126,LN-2026209,SOP-LU-001,15,Post-Disbursement Audit Tagging,J.Pillai,2026-07-04 20:46:00,5,4,False,None,Low
3127,LN-2026210,SOP-LU-001,1,Application Intake,P.Nair,2026-06-18 02:15:00,10,12,False,None,Low
3128,LN-2026210,SOP-LU-001,2,KYC & Identity Verification,R.Das,2026-06-18 03:16:00,20,54,True,Duration Overrun,High
3129,LN-2026210,SOP-LU-001,3,Credit Bureau Pull,T.Sharma,2026-06-18 03:41:00,15,14,False,None,Medium
3130,LN-2026210,SOP-LU-001,4,Income & Employment Verification,K.Menon,2026-06-18 04:23:00,25,25,False,None,Medium
3131,LN-2026210,SOP-LU-001,5,Debt-to-Income Calculation,P.Nair,2026-06-18 04:50:00,10,12,False,None,Medium
3132,LN-2026210,SOP-LU-001,6,Collateral Valuation,M.Khan,2026-06-18 05:31:00,45,38,False,None,High
3133,LN-2026210,SOP-LU-001,7,Fraud Risk Screening,R.Das,2026-06-18 06:04:00,15,24,True,Duration Overrun,High
3134,LN-2026210,SOP-LU-001,8,Automated Credit Scoring,P.Nair,2026-06-18 06:16:00,5,5,True,Tool Substitution,Medium
3135,LN-2026210,SOP-LU-001,9,Manual Underwriting Review,S.Iyer,2026-06-18 07:08:00,30,36,True,Tool Substitution,High
3136,LN-2026210,SOP-LU-001,10,Conditional Approval Decision,T.Sharma,2026-06-18 07:33:00,15,16,False,None,Medium
3137,LN-2026210,SOP-LU-001,11,Document Stipulation Collection,M.Khan,2026-06-18 07:56:00,20,19,False,None,Low
3138,LN-2026210,SOP-LU-001,12,Final Compliance Sign-off,R.Das,2026-06-18 08:12:00,15,15,False,None,High
3139,LN-2026210,SOP-LU-001,13,Final Approval & Booking,V.Reddy,2026-06-18 08:36:00,10,11,False,None,Medium
3140,LN-2026210,SOP-LU-001,14,Disbursement Instruction,M.Khan,2026-06-18 08:53:00,10,9,False,None,Medium
3141,LN-2026211,SOP-LU-001,1,Application Intake,K.Menon,2026-05-26 20:14:00,10,10,False,None,Low
3142,LN-2026211,SOP-LU-001,2,KYC & Identity Verification,R.Das,2026-05-26 20:34:00,20,19,False,None,High
3143,LN-2026211,SOP-LU-001,3,Credit Bureau Pull,T.Sharma,2026-05-26 20:56:00,15,13,False,None,Medium
3144,LN-2026211,SOP-LU-001,4,Income & Employment Verification,N.Bose,2026-05-26 21:36:00,25,27,False,None,Medium
3145,LN-2026211,SOP-LU-001,5,Debt-to-Income Calculation,V.Reddy,2026-05-26 22:05:00,10,11,False,None,Medium
3146,LN-2026211,SOP-LU-001,6,Collateral Valuation,A.Rao,2026-05-26 23:00:00,45,43,False,None,High
3147,LN-2026211,SOP-LU-001,7,Fraud Risk Screening,S.Iyer,2026-05-26 23:27:00,15,16,False,None,High
3148,LN-2026211,SOP-LU-001,8,Automated Credit Scoring,S.Iyer,2026-05-26 23:39:00,5,3,False,None,Medium
3149,LN-2026211,SOP-LU-001,9,Manual Underwriting Review,R.Das,2026-05-27 00:32:00,30,36,True,Order Swapped,High
3150,LN-2026211,SOP-LU-001,10,Conditional Approval Decision,K.Menon,2026-05-27 00:59:00,15,13,True,Step Skipped,Medium
3151,LN-2026211,SOP-LU-001,11,Document Stipulation Collection,S.Iyer,2026-05-27 01:26:00,20,19,True,Documentation Missing,Low
3152,LN-2026211,SOP-LU-001,12,Final Compliance Sign-off,M.Khan,2026-05-27 01:42:00,15,11,False,None,High
3153,LN-2026211,SOP-LU-001,13,Final Approval & Booking,T.Sharma,2026-05-27 02:02:00,10,11,False,None,Medium
3154,LN-2026211,SOP-LU-001,14,Disbursement Instruction,S.Iyer,2026-05-27 02:30:00,10,10,False,None,Medium
3155,LN-2026211,SOP-LU-001,15,Post-Disbursement Audit Tagging,J.Pillai,2026-05-27 02:48:00,5,4,True,Approval Bypassed,Low
3156,LN-2026212,SOP-LU-001,1,Application Intake,T.Sharma,2026-05-11 16:38:00,10,22,True,Duration Overrun,Low
3157,LN-2026212,SOP-LU-001,2,KYC & Identity Verification,J.Pillai,2026-05-11 17:39:00,20,46,True,Duration Overrun,High
3158,LN-2026212,SOP-LU-001,3,Credit Bureau Pull,N.Bose,2026-05-11 18:10:00,15,12,True,Step Skipped,Medium
3159,LN-2026212,SOP-LU-001,4,Income & Employment Verification,P.Nair,2026-05-11 18:39:00,25,19,False,None,Medium
3160,LN-2026212,SOP-LU-001,5,Debt-to-Income Calculation,V.Reddy,2026-05-11 18:51:00,10,9,False,None,Medium
3161,LN-2026212,SOP-LU-001,6,Collateral Valuation,S.Iyer,2026-05-11 19:37:00,45,42,True,Approval Bypassed,High
3162,LN-2026212,SOP-LU-001,7,Fraud Risk Screening,M.Khan,2026-05-11 20:06:00,15,15,True,Documentation Missing,High
3163,LN-2026212,SOP-LU-001,8,Automated Credit Scoring,S.Iyer,2026-05-11 20:12:00,5,5,False,None,Medium
3164,LN-2026212,SOP-LU-001,9,Manual Underwriting Review,S.Iyer,2026-05-11 20:52:00,30,39,True,Extra Manual Step Added,High
3165,LN-2026212,SOP-LU-001,10,Conditional Approval Decision,K.Menon,2026-05-11 21:25:00,15,18,False,None,Medium
3166,LN-2026212,SOP-LU-001,11,Document Stipulation Collection,M.Khan,2026-05-11 21:59:00,20,21,True,Documentation Missing,Low
3167,LN-2026212,SOP-LU-001,12,Final Compliance Sign-off,V.Reddy,2026-05-11 22:31:00,15,19,False,None,High
3168,LN-2026212,SOP-LU-001,13,Final Approval & Booking,V.Reddy,2026-05-11 22:51:00,10,9,False,None,Medium
3169,LN-2026212,SOP-LU-001,14,Disbursement Instruction,P.Nair,2026-05-11 23:07:00,10,7,True,Approval Bypassed,Medium
3170,LN-2026212,SOP-LU-001,15,Post-Disbursement Audit Tagging,R.Das,2026-05-11 23:21:00,5,5,True,Tool Substitution,Low
3171,LN-2026213,SOP-LU-001,1,Application Intake,P.Nair,2026-06-14 19:21:00,10,9,True,Tool Substitution,Low
3172,LN-2026213,SOP-LU-001,2,KYC & Identity Verification,R.Das,2026-06-14 19:55:00,20,24,False,None,High
3173,LN-2026213,SOP-LU-001,3,Credit Bureau Pull,P.Nair,2026-06-14 20:30:00,15,17,False,None,Medium
3174,LN-2026213,SOP-LU-001,4,Income & Employment Verification,M.Khan,2026-06-14 21:11:00,25,26,False,None,Medium
3175,LN-2026213,SOP-LU-001,5,Debt-to-Income Calculation,A.Rao,2026-06-14 21:29:00,10,10,False,None,Medium
3176,LN-2026213,SOP-LU-001,6,Collateral Valuation,P.Nair,2026-06-14 22:48:00,45,65,True,Extra Manual Step Added,High
3177,LN-2026213,SOP-LU-001,7,Fraud Risk Screening,P.Nair,2026-06-14 23:18:00,15,15,False,None,High
3178,LN-2026213,SOP-LU-001,8,Automated Credit Scoring,V.Reddy,2026-06-14 23:30:00,5,5,False,None,Medium
3179,LN-2026213,SOP-LU-001,9,Manual Underwriting Review,S.Iyer,2026-06-15 00:55:00,30,82,True,Duration Overrun,High
3180,LN-2026213,SOP-LU-001,10,Conditional Approval Decision,M.Khan,2026-06-15 01:30:00,15,17,False,None,Medium
3181,LN-2026213,SOP-LU-001,11,Document Stipulation Collection,M.Khan,2026-06-15 01:52:00,20,17,False,None,Low
3182,LN-2026213,SOP-LU-001,12,Final Compliance Sign-off,J.Pillai,2026-06-15 02:20:00,15,16,False,None,High
3183,LN-2026213,SOP-LU-001,13,Final Approval & Booking,N.Bose,2026-06-15 02:43:00,10,10,True,Step Skipped,Medium
3184,LN-2026213,SOP-LU-001,14,Disbursement Instruction,P.Nair,2026-06-15 03:08:00,10,13,True,Extra Manual Step Added,Medium
3185,LN-2026213,SOP-LU-001,15,Post-Disbursement Audit Tagging,T.Sharma,2026-06-15 03:14:00,5,5,False,None,Low
3186,LN-2026214,SOP-LU-001,1,Application Intake,J.Pillai,2026-07-04 15:29:00,10,12,False,None,Low
3187,LN-2026214,SOP-LU-001,2,KYC & Identity Verification,A.Rao,2026-07-04 16:03:00,20,16,False,None,High
3188,LN-2026214,SOP-LU-001,3,Credit Bureau Pull,J.Pillai,2026-07-04 16:24:00,15,14,True,Documentation Missing,Medium
3189,LN-2026214,SOP-LU-001,4,Income & Employment Verification,M.Khan,2026-07-04 16:56:00,25,25,False,None,Medium
3190,LN-2026214,SOP-LU-001,5,Debt-to-Income Calculation,S.Iyer,2026-07-04 17:17:00,10,11,False,None,Medium
3191,LN-2026214,SOP-LU-001,6,Collateral Valuation,N.Bose,2026-07-04 18:08:00,45,49,False,None,High
3192,LN-2026214,SOP-LU-001,7,Fraud Risk Screening,R.Das,2026-07-04 18:28:00,15,17,True,Order Swapped,High
3193,LN-2026214,SOP-LU-001,8,Automated Credit Scoring,T.Sharma,2026-07-04 18:41:00,5,12,True,Duration Overrun,Medium
3194,LN-2026214,SOP-LU-001,9,Manual Underwriting Review,S.Iyer,2026-07-04 19:31:00,30,31,False,None,High
3195,LN-2026214,SOP-LU-001,10,Conditional Approval Decision,N.Bose,2026-07-04 19:59:00,15,14,True,Approval Bypassed,Medium
3196,LN-2026214,SOP-LU-001,11,Document Stipulation Collection,R.Das,2026-07-04 20:39:00,20,21,False,None,Low
3197,LN-2026214,SOP-LU-001,12,Final Compliance Sign-off,S.Iyer,2026-07-04 20:56:00,15,8,True,Step Skipped,High
3198,LN-2026214,SOP-LU-001,13,Final Approval & Booking,R.Das,2026-07-04 21:13:00,10,12,False,None,Medium
3199,LN-2026214,SOP-LU-001,14,Disbursement Instruction,M.Khan,2026-07-04 21:40:00,10,9,False,None,Medium
3200,LN-2026214,SOP-LU-001,15,Post-Disbursement Audit Tagging,J.Pillai,2026-07-04 22:07:00,5,8,True,Extra Manual Step Added,Low
3201,LN-2026215,SOP-LU-001,1,Application Intake,M.Khan,2026-06-15 16:18:00,10,12,False,None,Low
3202,LN-2026215,SOP-LU-001,2,KYC & Identity Verification,T.Sharma,2026-06-15 16:56:00,20,24,False,None,High
3203,LN-2026215,SOP-LU-001,3,Credit Bureau Pull,V.Reddy,2026-06-15 17:22:00,15,13,False,None,Medium
3204,LN-2026215,SOP-LU-001,4,Income & Employment Verification,S.Iyer,2026-06-15 17:54:00,25,21,False,None,Medium
3205,LN-2026215,SOP-LU-001,5,Debt-to-Income Calculation,V.Reddy,2026-06-15 18:22:00,10,9,False,None,Medium
3206,LN-2026215,SOP-LU-001,6,Collateral Valuation,A.Rao,2026-06-15 19:25:00,45,50,True,Order Swapped,High
3207,LN-2026215,SOP-LU-001,7,Fraud Risk Screening,V.Reddy,2026-06-15 19:57:00,15,15,True,Step Skipped,High
3208,LN-2026215,SOP-LU-001,8,Automated Credit Scoring,V.Reddy,2026-06-15 20:04:00,5,3,True,Approval Bypassed,Medium
3209,LN-2026215,SOP-LU-001,9,Manual Underwriting Review,V.Reddy,2026-06-15 20:44:00,30,36,False,None,High
3210,LN-2026215,SOP-LU-001,10,Conditional Approval Decision,N.Bose,2026-06-15 21:08:00,15,21,True,Extra Manual Step Added,Medium
3211,LN-2026215,SOP-LU-001,11,Document Stipulation Collection,V.Reddy,2026-06-15 21:39:00,20,14,False,None,Low
3212,LN-2026215,SOP-LU-001,12,Final Compliance Sign-off,S.Iyer,2026-06-15 22:03:00,15,18,True,Approval Bypassed,High
3213,LN-2026215,SOP-LU-001,13,Final Approval & Booking,P.Nair,2026-06-15 22:32:00,10,11,True,Step Skipped,Medium
3214,LN-2026215,SOP-LU-001,14,Disbursement Instruction,S.Iyer,2026-06-15 22:46:00,10,13,False,None,Medium
3215,LN-2026215,SOP-LU-001,15,Post-Disbursement Audit Tagging,N.Bose,2026-06-15 22:55:00,5,5,False,None,Low
3216,LN-2026216,SOP-LU-001,1,Application Intake,P.Nair,2026-06-03 16:14:00,10,9,False,None,Low
3217,LN-2026216,SOP-LU-001,2,KYC & Identity Verification,A.Rao,2026-06-03 16:40:00,20,19,False,None,High
3218,LN-2026216,SOP-LU-001,3,Credit Bureau Pull,J.Pillai,2026-06-03 17:06:00,15,16,False,None,Medium
3219,LN-2026216,SOP-LU-001,4,Income & Employment Verification,P.Nair,2026-06-03 17:37:00,25,24,True,Step Skipped,Medium
3220,LN-2026216,SOP-LU-001,5,Debt-to-Income Calculation,K.Menon,2026-06-03 18:03:00,10,7,False,None,Medium
3221,LN-2026216,SOP-LU-001,6,Collateral Valuation,A.Rao,2026-06-03 18:58:00,45,53,False,None,High
3222,LN-2026216,SOP-LU-001,7,Fraud Risk Screening,K.Menon,2026-06-03 19:27:00,15,13,True,Approval Bypassed,High
3223,LN-2026216,SOP-LU-001,8,Automated Credit Scoring,J.Pillai,2026-06-03 19:36:00,5,4,False,None,Medium
3224,LN-2026216,SOP-LU-001,9,Manual Underwriting Review,K.Menon,2026-06-03 20:23:00,30,30,False,None,High
3225,LN-2026216,SOP-LU-001,10,Conditional Approval Decision,S.Iyer,2026-06-03 20:46:00,15,14,False,None,Medium
3226,LN-2026216,SOP-LU-001,11,Document Stipulation Collection,V.Reddy,2026-06-03 21:52:00,20,49,True,Duration Overrun,Low
3227,LN-2026216,SOP-LU-001,12,Final Compliance Sign-off,R.Das,2026-06-03 22:22:00,15,14,False,None,High
3228,LN-2026216,SOP-LU-001,13,Final Approval & Booking,A.Rao,2026-06-03 22:33:00,10,10,False,None,Medium
3229,LN-2026216,SOP-LU-001,14,Disbursement Instruction,J.Pillai,2026-06-03 22:51:00,10,9,True,Step Skipped,Medium
3230,LN-2026216,SOP-LU-001,15,Post-Disbursement Audit Tagging,T.Sharma,2026-06-03 22:58:00,5,4,False,None,Low
3231,LN-2026217,SOP-LU-001,1,Application Intake,J.Pillai,2026-05-19 09:17:00,10,12,False,None,Low
3232,LN-2026217,SOP-LU-001,2,KYC & Identity Verification,A.Rao,2026-05-19 09:45:00,20,22,True,Tool Substitution,High
3233,LN-2026217,SOP-LU-001,3,Credit Bureau Pull,R.Das,2026-05-19 10:14:00,15,14,False,None,Medium
3234,LN-2026217,SOP-LU-001,4,Income & Employment Verification,K.Menon,2026-05-19 10:37:00,25,22,True,Step Skipped,Medium
3235,LN-2026217,SOP-LU-001,5,Debt-to-Income Calculation,J.Pillai,2026-05-19 10:48:00,10,10,False,None,Medium
3236,LN-2026217,SOP-LU-001,6,Collateral Valuation,M.Khan,2026-05-19 11:46:00,45,47,False,None,High
3237,LN-2026217,SOP-LU-001,7,Fraud Risk Screening,M.Khan,2026-05-19 12:12:00,15,16,True,Order Swapped,High
3238,LN-2026217,SOP-LU-001,8,Automated Credit Scoring,P.Nair,2026-05-19 12:33:00,5,4,True,Tool Substitution,Medium
3239,LN-2026217,SOP-LU-001,9,Manual Underwriting Review,M.Khan,2026-05-19 13:12:00,30,28,True,Tool Substitution,High
3240,LN-2026217,SOP-LU-001,10,Conditional Approval Decision,S.Iyer,2026-05-19 13:41:00,15,18,True,Tool Substitution,Medium
3241,LN-2026217,SOP-LU-001,11,Document Stipulation Collection,M.Khan,2026-05-19 14:18:00,20,32,True,Duration Overrun,Low
3242,LN-2026217,SOP-LU-001,12,Final Compliance Sign-off,R.Das,2026-05-19 14:45:00,15,12,False,None,High
3243,LN-2026217,SOP-LU-001,13,Final Approval & Booking,J.Pillai,2026-05-19 15:09:00,10,9,False,None,Medium
3244,LN-2026217,SOP-LU-001,14,Disbursement Instruction,K.Menon,2026-05-19 15:23:00,10,9,True,Approval Bypassed,Medium
3245,LN-2026217,SOP-LU-001,15,Post-Disbursement Audit Tagging,N.Bose,2026-05-19 15:41:00,5,5,False,None,Low
3246,LN-2026218,SOP-LU-001,1,Application Intake,R.Das,2026-05-11 16:10:00,10,9,False,None,Low
3247,LN-2026218,SOP-LU-001,2,KYC & Identity Verification,M.Khan,2026-05-11 16:46:00,20,23,False,None,High
3248,LN-2026218,SOP-LU-001,3,Credit Bureau Pull,T.Sharma,2026-05-11 17:14:00,15,27,True,Duration Overrun,Medium
3249,LN-2026218,SOP-LU-001,4,Income & Employment Verification,M.Khan,2026-05-11 18:00:00,25,29,False,None,Medium
3250,LN-2026218,SOP-LU-001,5,Debt-to-Income Calculation,K.Menon,2026-05-11 18:26:00,10,10,False,None,Medium
3251,LN-2026218,SOP-LU-001,6,Collateral Valuation,V.Reddy,2026-05-11 19:48:00,45,77,True,Extra Manual Step Added,High
3252,LN-2026218,SOP-LU-001,7,Fraud Risk Screening,S.Iyer,2026-05-11 20:08:00,15,14,False,None,High
3253,LN-2026218,SOP-LU-001,8,Automated Credit Scoring,N.Bose,2026-05-11 20:22:00,5,4,False,None,Medium
3254,LN-2026218,SOP-LU-001,9,Manual Underwriting Review,N.Bose,2026-05-11 20:57:00,30,25,False,None,High
3255,LN-2026218,SOP-LU-001,10,Conditional Approval Decision,M.Khan,2026-05-11 21:47:00,15,32,True,Duration Overrun,Medium
3256,LN-2026218,SOP-LU-001,11,Document Stipulation Collection,V.Reddy,2026-05-11 22:11:00,20,22,True,Tool Substitution,Low
3257,LN-2026218,SOP-LU-001,12,Final Compliance Sign-off,R.Das,2026-05-11 22:41:00,15,16,True,Order Swapped,High
3258,LN-2026218,SOP-LU-001,13,Final Approval & Booking,N.Bose,2026-05-11 22:56:00,10,11,False,None,Medium
3259,LN-2026218,SOP-LU-001,14,Disbursement Instruction,J.Pillai,2026-05-11 23:26:00,10,12,False,None,Medium
3260,LN-2026218,SOP-LU-001,15,Post-Disbursement Audit Tagging,A.Rao,2026-05-11 23:33:00,5,4,True,Step Skipped,Low
3261,LN-2026219,SOP-LU-001,1,Application Intake,V.Reddy,2026-07-05 18:29:00,10,11,False,None,Low
3262,LN-2026219,SOP-LU-001,2,KYC & Identity Verification,J.Pillai,2026-07-05 18:51:00,20,17,False,None,High
3263,LN-2026219,SOP-LU-001,3,Credit Bureau Pull,T.Sharma,2026-07-05 19:22:00,15,15,False,None,Medium
3264,LN-2026219,SOP-LU-001,4,Income & Employment Verification,N.Bose,2026-07-05 19:59:00,25,26,True,Step Skipped,Medium
3265,LN-2026219,SOP-LU-001,5,Debt-to-Income Calculation,V.Reddy,2026-07-05 20:24:00,10,9,True,Approval Bypassed,Medium
3266,LN-2026219,SOP-LU-001,6,Collateral Valuation,M.Khan,2026-07-05 21:09:00,45,43,True,Order Swapped,High
3267,LN-2026219,SOP-LU-001,7,Fraud Risk Screening,R.Das,2026-07-05 21:55:00,15,29,True,Duration Overrun,High
3268,LN-2026219,SOP-LU-001,8,Automated Credit Scoring,V.Reddy,2026-07-05 22:14:00,5,4,True,Approval Bypassed,Medium
3269,LN-2026219,SOP-LU-001,9,Manual Underwriting Review,V.Reddy,2026-07-05 22:59:00,30,33,False,None,High
3270,LN-2026219,SOP-LU-001,10,Conditional Approval Decision,R.Das,2026-07-05 23:26:00,15,13,False,None,Medium
3271,LN-2026219,SOP-LU-001,11,Document Stipulation Collection,S.Iyer,2026-07-06 00:03:00,20,24,True,Tool Substitution,Low
3272,LN-2026219,SOP-LU-001,12,Final Compliance Sign-off,J.Pillai,2026-07-06 00:25:00,15,19,True,Step Skipped,High
3273,LN-2026219,SOP-LU-001,13,Final Approval & Booking,K.Menon,2026-07-06 00:41:00,10,6,True,Approval Bypassed,Medium
3274,LN-2026219,SOP-LU-001,14,Disbursement Instruction,A.Rao,2026-07-06 01:07:00,10,10,False,None,Medium
3275,LN-2026219,SOP-LU-001,15,Post-Disbursement Audit Tagging,A.Rao,2026-07-06 01:28:00,5,5,True,Step Skipped,Low
3276,LN-2026220,SOP-LU-001,1,Application Intake,J.Pillai,2026-07-16 21:30:00,10,13,False,None,Low
3277,LN-2026220,SOP-LU-001,2,KYC & Identity Verification,R.Das,2026-07-16 21:53:00,20,14,False,None,High
3278,LN-2026220,SOP-LU-001,3,Credit Bureau Pull,J.Pillai,2026-07-16 22:14:00,15,15,False,None,Medium
3279,LN-2026220,SOP-LU-001,4,Income & Employment Verification,M.Khan,2026-07-16 23:04:00,25,31,False,None,Medium
3280,LN-2026220,SOP-LU-001,5,Debt-to-Income Calculation,K.Menon,2026-07-16 23:18:00,10,9,False,None,Medium
3281,LN-2026220,SOP-LU-001,6,Collateral Valuation,P.Nair,2026-07-17 00:21:00,45,46,True,Step Skipped,High
3282,LN-2026220,SOP-LU-001,7,Fraud Risk Screening,P.Nair,2026-07-17 00:47:00,15,13,True,Step Skipped,High
3283,LN-2026220,SOP-LU-001,8,Automated Credit Scoring,P.Nair,2026-07-17 00:53:00,5,5,False,None,Medium
3284,LN-2026220,SOP-LU-001,9,Manual Underwriting Review,S.Iyer,2026-07-17 01:39:00,30,34,False,None,High
3285,LN-2026220,SOP-LU-001,10,Conditional Approval Decision,M.Khan,2026-07-17 02:13:00,15,17,False,None,Medium
3286,LN-2026220,SOP-LU-001,11,Document Stipulation Collection,N.Bose,2026-07-17 02:41:00,20,20,False,None,Low
3287,LN-2026220,SOP-LU-001,12,Final Compliance Sign-off,V.Reddy,2026-07-17 03:20:00,15,23,True,Extra Manual Step Added,High
3288,LN-2026220,SOP-LU-001,13,Final Approval & Booking,A.Rao,2026-07-17 03:52:00,10,30,True,Duration Overrun,Medium
3289,LN-2026220,SOP-LU-001,14,Disbursement Instruction,V.Reddy,2026-07-17 04:09:00,10,7,True,Order Swapped,Medium
3290,LN-2026220,SOP-LU-001,15,Post-Disbursement Audit Tagging,V.Reddy,2026-07-17 04:27:00,5,5,False,None,Low
3291,LN-2026221,SOP-LU-001,1,Application Intake,M.Khan,2026-07-17 00:21:00,10,8,True,Documentation Missing,Low
3292,LN-2026221,SOP-LU-001,2,KYC & Identity Verification,K.Menon,2026-07-17 00:58:00,20,18,True,Step Skipped,High
3293,LN-2026221,SOP-LU-001,3,Credit Bureau Pull,M.Khan,2026-07-17 01:23:00,15,17,False,None,Medium
3294,LN-2026221,SOP-LU-001,4,Income & Employment Verification,V.Reddy,2026-07-17 02:10:00,25,29,False,None,Medium
3295,LN-2026221,SOP-LU-001,5,Debt-to-Income Calculation,J.Pillai,2026-07-17 02:38:00,10,10,False,None,Medium
3296,LN-2026221,SOP-LU-001,6,Collateral Valuation,R.Das,2026-07-17 03:41:00,45,52,False,None,High
3297,LN-2026221,SOP-LU-001,7,Fraud Risk Screening,V.Reddy,2026-07-17 04:12:00,15,24,True,Duration Overrun,High
3298,LN-2026221,SOP-LU-001,8,Automated Credit Scoring,J.Pillai,2026-07-17 04:32:00,5,4,False,None,Medium
3299,LN-2026221,SOP-LU-001,9,Manual Underwriting Review,V.Reddy,2026-07-17 05:13:00,30,30,False,None,High
3300,LN-2026221,SOP-LU-001,10,Conditional Approval Decision,N.Bose,2026-07-17 05:47:00,15,18,True,Step Skipped,Medium
3301,LN-2026221,SOP-LU-001,12,Final Compliance Sign-off,T.Sharma,2026-07-17 06:17:00,15,12,True,Documentation Missing,High
3302,LN-2026221,SOP-LU-001,13,Final Approval & Booking,R.Das,2026-07-17 06:45:00,10,11,False,None,Medium
3303,LN-2026221,SOP-LU-001,14,Disbursement Instruction,M.Khan,2026-07-17 07:01:00,10,11,False,None,Medium
3304,LN-2026221,SOP-LU-001,15,Post-Disbursement Audit Tagging,K.Menon,2026-07-17 07:18:00,5,6,False,None,Low
3305,LN-2026222,SOP-LU-001,1,Application Intake,M.Khan,2026-06-11 11:25:00,10,8,True,Approval Bypassed,Low
3306,LN-2026222,SOP-LU-001,2,KYC & Identity Verification,P.Nair,2026-06-11 11:55:00,20,26,True,Extra Manual Step Added,High
3307,LN-2026222,SOP-LU-001,3,Credit Bureau Pull,V.Reddy,2026-06-11 12:25:00,15,11,False,None,Medium
3308,LN-2026222,SOP-LU-001,4,Income & Employment Verification,J.Pillai,2026-06-11 13:06:00,25,23,True,Order Swapped,Medium
3309,LN-2026222,SOP-LU-001,5,Debt-to-Income Calculation,T.Sharma,2026-06-11 13:32:00,10,9,False,None,Medium
3310,LN-2026222,SOP-LU-001,6,Collateral Valuation,V.Reddy,2026-06-11 14:34:00,45,50,False,None,High
3311,LN-2026222,SOP-LU-001,7,Fraud Risk Screening,M.Khan,2026-06-11 15:00:00,15,22,True,Extra Manual Step Added,High
3312,LN-2026222,SOP-LU-001,8,Automated Credit Scoring,T.Sharma,2026-06-11 15:23:00,5,4,False,None,Medium
3313,LN-2026222,SOP-LU-001,9,Manual Underwriting Review,S.Iyer,2026-06-11 16:10:00,30,35,False,None,High
3314,LN-2026222,SOP-LU-001,10,Conditional Approval Decision,R.Das,2026-06-11 16:33:00,15,20,False,None,Medium
3315,LN-2026222,SOP-LU-001,11,Document Stipulation Collection,K.Menon,2026-06-11 17:02:00,20,17,False,None,Low
3316,LN-2026222,SOP-LU-001,12,Final Compliance Sign-off,S.Iyer,2026-06-11 17:19:00,15,16,False,None,High
3317,LN-2026222,SOP-LU-001,13,Final Approval & Booking,J.Pillai,2026-06-11 17:29:00,10,9,True,Order Swapped,Medium
3318,LN-2026222,SOP-LU-001,14,Disbursement Instruction,M.Khan,2026-06-11 17:43:00,10,10,False,None,Medium
3319,LN-2026222,SOP-LU-001,15,Post-Disbursement Audit Tagging,V.Reddy,2026-06-11 17:52:00,5,5,False,None,Low
3320,LN-2026223,SOP-LU-001,1,Application Intake,T.Sharma,2026-07-15 05:26:00,10,8,True,Step Skipped,Low
3321,LN-2026223,SOP-LU-001,2,KYC & Identity Verification,T.Sharma,2026-07-15 05:44:00,20,15,False,None,High
3322,LN-2026223,SOP-LU-001,3,Credit Bureau Pull,S.Iyer,2026-07-15 06:10:00,15,17,False,None,Medium
3323,LN-2026223,SOP-LU-001,4,Income & Employment Verification,N.Bose,2026-07-15 06:48:00,25,27,False,None,Medium
3324,LN-2026223,SOP-LU-001,5,Debt-to-Income Calculation,T.Sharma,2026-07-15 07:05:00,10,8,True,Step Skipped,Medium
3325,LN-2026223,SOP-LU-001,6,Collateral Valuation,J.Pillai,2026-07-15 08:14:00,45,58,False,None,High
3326,LN-2026223,SOP-LU-001,7,Fraud Risk Screening,P.Nair,2026-07-15 08:36:00,15,13,True,Documentation Missing,High
3327,LN-2026223,SOP-LU-001,8,Automated Credit Scoring,T.Sharma,2026-07-15 08:43:00,5,4,False,None,Medium
3328,LN-2026223,SOP-LU-001,9,Manual Underwriting Review,A.Rao,2026-07-15 09:11:00,30,27,False,None,High
3329,LN-2026223,SOP-LU-001,10,Conditional Approval Decision,N.Bose,2026-07-15 09:39:00,15,14,False,None,Medium
3330,LN-2026223,SOP-LU-001,11,Document Stipulation Collection,N.Bose,2026-07-15 10:16:00,20,20,True,Order Swapped,Low
3331,LN-2026223,SOP-LU-001,12,Final Compliance Sign-off,K.Menon,2026-07-15 10:45:00,15,15,False,None,High
3332,LN-2026223,SOP-LU-001,13,Final Approval & Booking,V.Reddy,2026-07-15 11:08:00,10,11,False,None,Medium
3333,LN-2026223,SOP-LU-001,14,Disbursement Instruction,K.Menon,2026-07-15 11:32:00,10,7,False,None,Medium
3334,LN-2026223,SOP-LU-001,15,Post-Disbursement Audit Tagging,J.Pillai,2026-07-15 11:47:00,5,3,False,None,Low
3335,LN-2026224,SOP-LU-001,1,Application Intake,A.Rao,2026-05-03 06:11:00,10,10,True,Documentation Missing,Low
3336,LN-2026224,SOP-LU-001,2,KYC & Identity Verification,S.Iyer,2026-05-03 06:38:00,20,22,False,None,High
3337,LN-2026224,SOP-LU-001,3,Credit Bureau Pull,P.Nair,2026-05-03 07:00:00,15,9,False,None,Medium
3338,LN-2026224,SOP-LU-001,4,Income & Employment Verification,S.Iyer,2026-05-03 07:36:00,25,26,False,None,Medium
3339,LN-2026224,SOP-LU-001,5,Debt-to-Income Calculation,V.Reddy,2026-05-03 07:59:00,10,10,False,None,Medium
3340,LN-2026224,SOP-LU-001,6,Collateral Valuation,V.Reddy,2026-05-03 08:39:00,45,37,False,None,High
3341,LN-2026224,SOP-LU-001,7,Fraud Risk Screening,K.Menon,2026-05-03 09:06:00,15,14,False,None,High
3342,LN-2026224,SOP-LU-001,8,Automated Credit Scoring,T.Sharma,2026-05-03 09:14:00,5,7,True,Extra Manual Step Added,Medium
3343,LN-2026224,SOP-LU-001,9,Manual Underwriting Review,K.Menon,2026-05-03 09:47:00,30,30,False,None,High
3344,LN-2026224,SOP-LU-001,10,Conditional Approval Decision,V.Reddy,2026-05-03 10:09:00,15,15,False,None,Medium
3345,LN-2026224,SOP-LU-001,11,Document Stipulation Collection,A.Rao,2026-05-03 10:46:00,20,19,False,None,Low
3346,LN-2026224,SOP-LU-001,12,Final Compliance Sign-off,V.Reddy,2026-05-03 11:05:00,15,12,True,Tool Substitution,High
3347,LN-2026224,SOP-LU-001,13,Final Approval & Booking,S.Iyer,2026-05-03 11:24:00,10,11,True,Documentation Missing,Medium
3348,LN-2026224,SOP-LU-001,14,Disbursement Instruction,M.Khan,2026-05-03 11:43:00,10,15,True,Extra Manual Step Added,Medium
3349,LN-2026224,SOP-LU-001,15,Post-Disbursement Audit Tagging,P.Nair,2026-05-03 11:49:00,5,5,False,None,Low
3350,LN-2026225,SOP-LU-001,1,Application Intake,P.Nair,2026-06-14 06:09:00,10,8,False,None,Low
3351,LN-2026225,SOP-LU-001,2,KYC & Identity Verification,M.Khan,2026-06-14 07:17:00,20,58,True,Duration Overrun,High
3352,LN-2026225,SOP-LU-001,3,Credit Bureau Pull,V.Reddy,2026-06-14 07:41:00,15,12,False,None,Medium
3353,LN-2026225,SOP-LU-001,4,Income & Employment Verification,N.Bose,2026-06-14 08:27:00,25,27,False,None,Medium
3354,LN-2026225,SOP-LU-001,5,Debt-to-Income Calculation,T.Sharma,2026-06-14 08:47:00,10,11,False,None,Medium
3355,LN-2026225,SOP-LU-001,6,Collateral Valuation,V.Reddy,2026-06-14 09:52:00,45,47,False,None,High
3356,LN-2026225,SOP-LU-001,7,Fraud Risk Screening,N.Bose,2026-06-14 10:21:00,15,15,True,Step Skipped,High
3357,LN-2026225,SOP-LU-001,8,Automated Credit Scoring,K.Menon,2026-06-14 10:44:00,5,5,False,None,Medium
3358,LN-2026225,SOP-LU-001,9,Manual Underwriting Review,S.Iyer,2026-06-14 12:11:00,30,74,True,Duration Overrun,High
3359,LN-2026225,SOP-LU-001,10,Conditional Approval Decision,M.Khan,2026-06-14 12:41:00,15,11,False,None,Medium
3360,LN-2026225,SOP-LU-001,11,Document Stipulation Collection,S.Iyer,2026-06-14 13:14:00,20,18,False,None,Low
3361,LN-2026225,SOP-LU-001,12,Final Compliance Sign-off,A.Rao,2026-06-14 13:35:00,15,14,False,None,High
3362,LN-2026225,SOP-LU-001,13,Final Approval & Booking,N.Bose,2026-06-14 13:51:00,10,8,False,None,Medium
3363,LN-2026225,SOP-LU-001,14,Disbursement Instruction,M.Khan,2026-06-14 13:59:00,10,7,False,None,Medium
3364,LN-2026225,SOP-LU-001,15,Post-Disbursement Audit Tagging,N.Bose,2026-06-14 14:04:00,5,3,False,None,Low
3365,LN-2026226,SOP-LU-001,1,Application Intake,A.Rao,2026-05-12 10:19:00,10,13,True,Extra Manual Step Added,Low
3366,LN-2026226,SOP-LU-001,2,KYC & Identity Verification,N.Bose,2026-05-12 10:56:00,20,20,False,None,High
3367,LN-2026226,SOP-LU-001,3,Credit Bureau Pull,S.Iyer,2026-05-12 11:12:00,15,13,False,None,Medium
3368,LN-2026226,SOP-LU-001,4,Income & Employment Verification,V.Reddy,2026-05-12 11:59:00,25,28,False,None,Medium
3369,LN-2026226,SOP-LU-001,5,Debt-to-Income Calculation,N.Bose,2026-05-12 12:17:00,10,10,False,None,Medium
3370,LN-2026226,SOP-LU-001,6,Collateral Valuation,J.Pillai,2026-05-12 13:37:00,45,63,False,None,High
3371,LN-2026226,SOP-LU-001,7,Fraud Risk Screening,T.Sharma,2026-05-12 13:51:00,15,13,False,None,High
3372,LN-2026226,SOP-LU-001,8,Automated Credit Scoring,M.Khan,2026-05-12 14:10:00,5,6,False,None,Medium
3373,LN-2026226,SOP-LU-001,9,Manual Underwriting Review,R.Das,2026-05-12 14:55:00,30,31,False,None,High
3374,LN-2026226,SOP-LU-001,10,Conditional Approval Decision,T.Sharma,2026-05-12 15:09:00,15,11,True,Documentation Missing,Medium
3375,LN-2026226,SOP-LU-001,11,Document Stipulation Collection,S.Iyer,2026-05-12 15:36:00,20,15,False,None,Low
3376,LN-2026226,SOP-LU-001,12,Final Compliance Sign-off,N.Bose,2026-05-12 16:04:00,15,17,False,None,High
3377,LN-2026226,SOP-LU-001,13,Final Approval & Booking,N.Bose,2026-05-12 16:29:00,10,11,True,Step Skipped,Medium
3378,LN-2026226,SOP-LU-001,14,Disbursement Instruction,N.Bose,2026-05-12 16:36:00,10,6,False,None,Medium
3379,LN-2026226,SOP-LU-001,15,Post-Disbursement Audit Tagging,S.Iyer,2026-05-12 16:52:00,5,5,True,Approval Bypassed,Low
3380,LN-2026227,SOP-LU-001,1,Application Intake,R.Das,2026-05-05 00:24:00,10,8,True,Tool Substitution,Low
3381,LN-2026227,SOP-LU-001,2,KYC & Identity Verification,N.Bose,2026-05-05 00:57:00,20,24,False,None,High
3382,LN-2026227,SOP-LU-001,3,Credit Bureau Pull,T.Sharma,2026-05-05 01:19:00,15,13,True,Step Skipped,Medium
3383,LN-2026227,SOP-LU-001,4,Income & Employment Verification,T.Sharma,2026-05-05 01:56:00,25,24,True,Documentation Missing,Medium
3384,LN-2026227,SOP-LU-001,5,Debt-to-Income Calculation,K.Menon,2026-05-05 02:16:00,10,12,True,Tool Substitution,Medium
3385,LN-2026227,SOP-LU-001,6,Collateral Valuation,J.Pillai,2026-05-05 03:06:00,45,49,False,None,High
3386,LN-2026227,SOP-LU-001,7,Fraud Risk Screening,V.Reddy,2026-05-05 03:20:00,15,13,False,None,High
3387,LN-2026227,SOP-LU-001,8,Automated Credit Scoring,J.Pillai,2026-05-05 03:30:00,5,5,True,Order Swapped,Medium
3388,LN-2026227,SOP-LU-001,9,Manual Underwriting Review,N.Bose,2026-05-05 04:15:00,30,29,False,None,High
3389,LN-2026227,SOP-LU-001,10,Conditional Approval Decision,P.Nair,2026-05-05 04:50:00,15,17,False,None,Medium
3390,LN-2026227,SOP-LU-001,11,Document Stipulation Collection,J.Pillai,2026-05-05 05:24:00,20,33,True,Extra Manual Step Added,Low
3391,LN-2026227,SOP-LU-001,12,Final Compliance Sign-off,M.Khan,2026-05-05 05:54:00,15,15,False,None,High
3392,LN-2026227,SOP-LU-001,13,Final Approval & Booking,P.Nair,2026-05-05 06:10:00,10,10,False,None,Medium
3393,LN-2026227,SOP-LU-001,14,Disbursement Instruction,J.Pillai,2026-05-05 06:36:00,10,10,True,Documentation Missing,Medium
3394,LN-2026228,SOP-LU-001,1,Application Intake,S.Iyer,2026-07-31 07:23:00,10,11,False,None,Low
3395,LN-2026228,SOP-LU-001,2,KYC & Identity Verification,M.Khan,2026-07-31 07:51:00,20,23,False,None,High
3396,LN-2026228,SOP-LU-001,3,Credit Bureau Pull,M.Khan,2026-07-31 08:17:00,15,14,True,Step Skipped,Medium
3397,LN-2026228,SOP-LU-001,4,Income & Employment Verification,V.Reddy,2026-07-31 09:01:00,25,26,False,None,Medium
3398,LN-2026228,SOP-LU-001,5,Debt-to-Income Calculation,T.Sharma,2026-07-31 09:21:00,10,8,True,Step Skipped,Medium
3399,LN-2026228,SOP-LU-001,6,Collateral Valuation,M.Khan,2026-07-31 10:11:00,45,43,False,None,High
3400,LN-2026228,SOP-LU-001,7,Fraud Risk Screening,N.Bose,2026-07-31 10:27:00,15,12,False,None,High
3401,LN-2026228,SOP-LU-001,8,Automated Credit Scoring,R.Das,2026-07-31 10:46:00,5,5,False,None,Medium
3402,LN-2026228,SOP-LU-001,9,Manual Underwriting Review,M.Khan,2026-07-31 11:16:00,30,27,False,None,High
3403,LN-2026228,SOP-LU-001,10,Conditional Approval Decision,V.Reddy,2026-07-31 11:41:00,15,15,False,None,Medium
3404,LN-2026228,SOP-LU-001,11,Document Stipulation Collection,M.Khan,2026-07-31 12:10:00,20,16,False,None,Low
3405,LN-2026228,SOP-LU-001,12,Final Compliance Sign-off,S.Iyer,2026-07-31 12:28:00,15,13,False,None,High
3406,LN-2026228,SOP-LU-001,13,Final Approval & Booking,V.Reddy,2026-07-31 12:52:00,10,7,False,None,Medium
3407,LN-2026228,SOP-LU-001,14,Disbursement Instruction,S.Iyer,2026-07-31 13:08:00,10,7,False,None,Medium
3408,LN-2026228,SOP-LU-001,15,Post-Disbursement Audit Tagging,N.Bose,2026-07-31 13:15:00,5,5,False,None,Low
3409,LN-2026229,SOP-LU-001,1,Application Intake,A.Rao,2026-07-02 15:40:00,10,27,True,Duration Overrun,Low
3410,LN-2026229,SOP-LU-001,2,KYC & Identity Verification,N.Bose,2026-07-02 16:11:00,20,22,False,None,High
3411,LN-2026229,SOP-LU-001,3,Credit Bureau Pull,K.Menon,2026-07-02 16:30:00,15,14,False,None,Medium
3412,LN-2026229,SOP-LU-001,4,Income & Employment Verification,M.Khan,2026-07-02 17:00:00,25,25,False,None,Medium
3413,LN-2026229,SOP-LU-001,5,Debt-to-Income Calculation,J.Pillai,2026-07-02 17:30:00,10,14,True,Extra Manual Step Added,Medium
3414,LN-2026229,SOP-LU-001,6,Collateral Valuation,S.Iyer,2026-07-02 18:17:00,45,45,True,Documentation Missing,High
3415,LN-2026229,SOP-LU-001,7,Fraud Risk Screening,T.Sharma,2026-07-02 18:55:00,15,25,True,Extra Manual Step Added,High
3416,LN-2026229,SOP-LU-001,8,Automated Credit Scoring,A.Rao,2026-07-02 19:13:00,5,10,True,Duration Overrun,Medium
3417,LN-2026229,SOP-LU-001,9,Manual Underwriting Review,S.Iyer,2026-07-02 20:00:00,30,37,False,None,High
3418,LN-2026229,SOP-LU-001,10,Conditional Approval Decision,M.Khan,2026-07-02 20:22:00,15,21,False,None,Medium
3419,LN-2026229,SOP-LU-001,11,Document Stipulation Collection,R.Das,2026-07-02 20:59:00,20,30,True,Extra Manual Step Added,Low
3420,LN-2026229,SOP-LU-001,12,Final Compliance Sign-off,V.Reddy,2026-07-02 21:33:00,15,16,True,Tool Substitution,High
3421,LN-2026229,SOP-LU-001,13,Final Approval & Booking,T.Sharma,2026-07-02 21:47:00,10,8,True,Documentation Missing,Medium
3422,LN-2026229,SOP-LU-001,14,Disbursement Instruction,M.Khan,2026-07-02 22:06:00,10,11,True,Step Skipped,Medium
3423,LN-2026229,SOP-LU-001,15,Post-Disbursement Audit Tagging,R.Das,2026-07-02 22:14:00,5,4,False,None,Low
3424,LN-2026230,SOP-LU-001,1,Application Intake,V.Reddy,2026-05-06 22:11:00,10,10,False,None,Low
3425,LN-2026230,SOP-LU-001,2,KYC & Identity Verification,J.Pillai,2026-05-06 22:44:00,20,17,False,None,High
3426,LN-2026230,SOP-LU-001,3,Credit Bureau Pull,N.Bose,2026-05-06 23:06:00,15,18,True,Order Swapped,Medium
3427,LN-2026230,SOP-LU-001,4,Income & Employment Verification,V.Reddy,2026-05-06 23:39:00,25,28,False,None,Medium
3428,LN-2026230,SOP-LU-001,5,Debt-to-Income Calculation,S.Iyer,2026-05-06 23:52:00,10,8,False,None,Medium
3429,LN-2026230,SOP-LU-001,6,Collateral Valuation,T.Sharma,2026-05-07 00:45:00,45,45,False,None,High
3430,LN-2026230,SOP-LU-001,7,Fraud Risk Screening,J.Pillai,2026-05-07 01:02:00,15,13,True,Documentation Missing,High
3431,LN-2026230,SOP-LU-001,8,Automated Credit Scoring,P.Nair,2026-05-07 01:10:00,5,4,False,None,Medium
3432,LN-2026230,SOP-LU-001,9,Manual Underwriting Review,T.Sharma,2026-05-07 02:03:00,30,34,False,None,High
3433,LN-2026230,SOP-LU-001,10,Conditional Approval Decision,V.Reddy,2026-05-07 02:30:00,15,13,False,None,Medium
3434,LN-2026230,SOP-LU-001,11,Document Stipulation Collection,K.Menon,2026-05-07 02:54:00,20,14,False,None,Low
3435,LN-2026230,SOP-LU-001,12,Final Compliance Sign-off,A.Rao,2026-05-07 03:27:00,15,15,False,None,High
3436,LN-2026230,SOP-LU-001,13,Final Approval & Booking,R.Das,2026-05-07 03:55:00,10,9,False,None,Medium
3437,LN-2026230,SOP-LU-001,14,Disbursement Instruction,K.Menon,2026-05-07 04:12:00,10,11,False,None,Medium
3438,LN-2026230,SOP-LU-001,15,Post-Disbursement Audit Tagging,K.Menon,2026-05-07 04:33:00,5,5,False,None,Low
3439,LN-2026231,SOP-LU-001,1,Application Intake,A.Rao,2026-06-20 06:16:00,10,12,False,None,Low
3440,LN-2026231,SOP-LU-001,2,KYC & Identity Verification,N.Bose,2026-06-20 06:46:00,20,19,False,None,High
3441,LN-2026231,SOP-LU-001,3,Credit Bureau Pull,N.Bose,2026-06-20 07:50:00,15,45,True,Duration Overrun,Medium
3442,LN-2026231,SOP-LU-001,4,Income & Employment Verification,K.Menon,2026-06-20 08:20:00,25,22,False,None,Medium
3443,LN-2026231,SOP-LU-001,5,Debt-to-Income Calculation,N.Bose,2026-06-20 08:35:00,10,10,False,None,Medium
3444,LN-2026231,SOP-LU-001,6,Collateral Valuation,R.Das,2026-06-20 09:34:00,45,40,True,Step Skipped,High
3445,LN-2026231,SOP-LU-001,7,Fraud Risk Screening,P.Nair,2026-06-20 10:06:00,15,20,False,None,High
3446,LN-2026231,SOP-LU-001,8,Automated Credit Scoring,J.Pillai,2026-06-20 10:12:00,5,4,False,None,Medium
3447,LN-2026231,SOP-LU-001,9,Manual Underwriting Review,N.Bose,2026-06-20 10:53:00,30,35,False,None,High
3448,LN-2026231,SOP-LU-001,10,Conditional Approval Decision,M.Khan,2026-06-20 11:08:00,15,14,False,None,Medium
3449,LN-2026231,SOP-LU-001,11,Document Stipulation Collection,V.Reddy,2026-06-20 11:51:00,20,25,False,None,Low
3450,LN-2026231,SOP-LU-001,12,Final Compliance Sign-off,A.Rao,2026-06-20 12:13:00,15,16,False,None,High
3451,LN-2026231,SOP-LU-001,13,Final Approval & Booking,M.Khan,2026-06-20 12:38:00,10,9,True,Order Swapped,Medium
3452,LN-2026231,SOP-LU-001,14,Disbursement Instruction,T.Sharma,2026-06-20 12:56:00,10,10,True,Documentation Missing,Medium
3453,LN-2026231,SOP-LU-001,15,Post-Disbursement Audit Tagging,K.Menon,2026-06-20 13:08:00,5,5,False,None,Low
3454,LN-2026232,SOP-LU-001,2,KYC & Identity Verification,R.Das,2026-05-23 00:38:00,20,20,True,Order Swapped,High
3455,LN-2026232,SOP-LU-001,3,Credit Bureau Pull,S.Iyer,2026-05-23 01:04:00,15,13,False,None,Medium
3456,LN-2026232,SOP-LU-001,4,Income & Employment Verification,S.Iyer,2026-05-23 02:13:00,25,68,True,Duration Overrun,Medium
3457,LN-2026232,SOP-LU-001,5,Debt-to-Income Calculation,S.Iyer,2026-05-23 02:37:00,10,14,True,Extra Manual Step Added,Medium
3458,LN-2026232,SOP-LU-001,6,Collateral Valuation,R.Das,2026-05-23 03:39:00,45,43,True,Step Skipped,High
3459,LN-2026232,SOP-LU-001,7,Fraud Risk Screening,T.Sharma,2026-05-23 04:10:00,15,18,False,None,High
3460,LN-2026232,SOP-LU-001,8,Automated Credit Scoring,R.Das,2026-05-23 04:19:00,5,7,True,Extra Manual Step Added,Medium
3461,LN-2026232,SOP-LU-001,9,Manual Underwriting Review,K.Menon,2026-05-23 04:54:00,30,23,False,None,High
3462,LN-2026232,SOP-LU-001,10,Conditional Approval Decision,J.Pillai,2026-05-23 05:25:00,15,16,True,Order Swapped,Medium
3463,LN-2026232,SOP-LU-001,11,Document Stipulation Collection,V.Reddy,2026-05-23 06:03:00,20,19,False,None,Low
3464,LN-2026232,SOP-LU-001,12,Final Compliance Sign-off,N.Bose,2026-05-23 06:33:00,15,16,False,None,High
3465,LN-2026232,SOP-LU-001,13,Final Approval & Booking,K.Menon,2026-05-23 06:45:00,10,11,False,None,Medium
3466,LN-2026232,SOP-LU-001,14,Disbursement Instruction,V.Reddy,2026-05-23 07:03:00,10,15,True,Extra Manual Step Added,Medium
3467,LN-2026232,SOP-LU-001,15,Post-Disbursement Audit Tagging,K.Menon,2026-05-23 07:08:00,5,4,False,None,Low
3468,LN-2026233,SOP-LU-001,1,Application Intake,R.Das,2026-06-18 15:15:00,10,10,True,Step Skipped,Low
3469,LN-2026233,SOP-LU-001,2,KYC & Identity Verification,J.Pillai,2026-06-18 15:49:00,20,22,False,None,High
3470,LN-2026233,SOP-LU-001,3,Credit Bureau Pull,P.Nair,2026-06-18 16:08:00,15,16,False,None,Medium
3471,LN-2026233,SOP-LU-001,4,Income & Employment Verification,S.Iyer,2026-06-18 16:50:00,25,23,False,None,Medium
3472,LN-2026233,SOP-LU-001,5,Debt-to-Income Calculation,V.Reddy,2026-06-18 17:08:00,10,17,True,Duration Overrun,Medium
3473,LN-2026233,SOP-LU-001,6,Collateral Valuation,N.Bose,2026-06-18 17:40:00,45,30,True,Approval Bypassed,High
3474,LN-2026233,SOP-LU-001,7,Fraud Risk Screening,T.Sharma,2026-06-18 17:54:00,15,13,True,Order Swapped,High
3475,LN-2026233,SOP-LU-001,8,Automated Credit Scoring,S.Iyer,2026-06-18 18:16:00,5,4,False,None,Medium
3476,LN-2026233,SOP-LU-001,9,Manual Underwriting Review,N.Bose,2026-06-18 19:03:00,30,30,False,None,High
3477,LN-2026233,SOP-LU-001,10,Conditional Approval Decision,N.Bose,2026-06-18 19:25:00,15,19,False,None,Medium
3478,LN-2026233,SOP-LU-001,11,Document Stipulation Collection,A.Rao,2026-06-18 19:58:00,20,21,False,None,Low
3479,LN-2026233,SOP-LU-001,12,Final Compliance Sign-off,J.Pillai,2026-06-18 20:16:00,15,14,False,None,High
3480,LN-2026233,SOP-LU-001,13,Final Approval & Booking,A.Rao,2026-06-18 20:42:00,10,10,True,Order Swapped,Medium
3481,LN-2026233,SOP-LU-001,14,Disbursement Instruction,R.Das,2026-06-18 21:07:00,10,19,True,Duration Overrun,Medium
3482,LN-2026233,SOP-LU-001,15,Post-Disbursement Audit Tagging,M.Khan,2026-06-18 21:26:00,5,4,False,None,Low
3483,LN-2026234,SOP-LU-001,1,Application Intake,N.Bose,2026-05-01 00:18:00,10,9,True,Tool Substitution,Low
3484,LN-2026234,SOP-LU-001,2,KYC & Identity Verification,N.Bose,2026-05-01 00:44:00,20,23,True,Order Swapped,High
3485,LN-2026234,SOP-LU-001,3,Credit Bureau Pull,R.Das,2026-05-01 00:59:00,15,13,False,None,Medium
3486,LN-2026234,SOP-LU-001,4,Income & Employment Verification,K.Menon,2026-05-01 01:38:00,25,24,True,Approval Bypassed,Medium
3487,LN-2026234,SOP-LU-001,5,Debt-to-Income Calculation,N.Bose,2026-05-01 02:03:00,10,9,False,None,Medium
3488,LN-2026234,SOP-LU-001,6,Collateral Valuation,M.Khan,2026-05-01 03:09:00,45,48,False,None,High
3489,LN-2026234,SOP-LU-001,7,Fraud Risk Screening,T.Sharma,2026-05-01 03:41:00,15,17,True,Documentation Missing,High
3490,LN-2026234,SOP-LU-001,8,Automated Credit Scoring,T.Sharma,2026-05-01 03:53:00,5,4,False,None,Medium
3491,LN-2026234,SOP-LU-001,9,Manual Underwriting Review,V.Reddy,2026-05-01 04:27:00,30,24,False,None,High
3492,LN-2026234,SOP-LU-001,10,Conditional Approval Decision,T.Sharma,2026-05-01 04:58:00,15,15,True,Approval Bypassed,Medium
3493,LN-2026234,SOP-LU-001,11,Document Stipulation Collection,J.Pillai,2026-05-01 06:14:00,20,60,True,Duration Overrun,Low
3494,LN-2026234,SOP-LU-001,12,Final Compliance Sign-off,S.Iyer,2026-05-01 06:36:00,15,12,True,Approval Bypassed,High
3495,LN-2026234,SOP-LU-001,13,Final Approval & Booking,A.Rao,2026-05-01 06:54:00,10,9,False,None,Medium
3496,LN-2026234,SOP-LU-001,14,Disbursement Instruction,A.Rao,2026-05-01 07:09:00,10,8,False,None,Medium
3497,LN-2026234,SOP-LU-001,15,Post-Disbursement Audit Tagging,S.Iyer,2026-05-01 07:22:00,5,6,False,None,Low
3498,LN-2026235,SOP-LU-001,1,Application Intake,M.Khan,2026-05-02 16:18:00,10,10,False,None,Low
3499,LN-2026235,SOP-LU-001,2,KYC & Identity Verification,K.Menon,2026-05-02 16:52:00,20,20,False,None,High
3500,LN-2026235,SOP-LU-001,3,Credit Bureau Pull,V.Reddy,2026-05-02 17:27:00,15,17,False,None,Medium
3501,LN-2026235,SOP-LU-001,4,Income & Employment Verification,T.Sharma,2026-05-02 17:52:00,25,19,False,None,Medium
3502,LN-2026235,SOP-LU-001,5,Debt-to-Income Calculation,M.Khan,2026-05-02 18:07:00,10,9,False,None,Medium
3503,LN-2026235,SOP-LU-001,6,Collateral Valuation,T.Sharma,2026-05-02 18:52:00,45,42,False,None,High
3504,LN-2026235,SOP-LU-001,7,Fraud Risk Screening,A.Rao,2026-05-02 19:20:00,15,15,False,None,High
3505,LN-2026235,SOP-LU-001,8,Automated Credit Scoring,P.Nair,2026-05-02 19:42:00,5,7,True,Extra Manual Step Added,Medium
3506,LN-2026235,SOP-LU-001,9,Manual Underwriting Review,P.Nair,2026-05-02 20:19:00,30,32,False,None,High
3507,LN-2026235,SOP-LU-001,10,Conditional Approval Decision,R.Das,2026-05-02 20:40:00,15,12,False,None,Medium
3508,LN-2026235,SOP-LU-001,11,Document Stipulation Collection,T.Sharma,2026-05-02 21:02:00,20,19,False,None,Low
3509,LN-2026235,SOP-LU-001,12,Final Compliance Sign-off,J.Pillai,2026-05-02 21:22:00,15,13,True,Tool Substitution,High
3510,LN-2026235,SOP-LU-001,13,Final Approval & Booking,P.Nair,2026-05-02 21:33:00,10,5,False,None,Medium
3511,LN-2026235,SOP-LU-001,14,Disbursement Instruction,T.Sharma,2026-05-02 22:13:00,10,30,True,Duration Overrun,Medium
3512,LN-2026235,SOP-LU-001,15,Post-Disbursement Audit Tagging,J.Pillai,2026-05-02 22:42:00,5,10,True,Duration Overrun,Low
3513,LN-2026236,SOP-LU-001,1,Application Intake,M.Khan,2026-07-27 14:10:00,10,9,False,None,Low
3514,LN-2026236,SOP-LU-001,2,KYC & Identity Verification,J.Pillai,2026-07-27 15:01:00,20,35,True,Extra Manual Step Added,High
3515,LN-2026236,SOP-LU-001,3,Credit Bureau Pull,S.Iyer,2026-07-27 15:29:00,15,13,False,None,Medium
3516,LN-2026236,SOP-LU-001,4,Income & Employment Verification,J.Pillai,2026-07-27 16:14:00,25,29,False,None,Medium
3517,LN-2026236,SOP-LU-001,5,Debt-to-Income Calculation,J.Pillai,2026-07-27 16:26:00,10,9,False,None,Medium
3518,LN-2026236,SOP-LU-001,6,Collateral Valuation,K.Menon,2026-07-27 17:32:00,45,51,False,None,High
3519,LN-2026236,SOP-LU-001,7,Fraud Risk Screening,K.Menon,2026-07-27 18:01:00,15,16,False,None,High
3520,LN-2026236,SOP-LU-001,8,Automated Credit Scoring,P.Nair,2026-07-27 18:16:00,5,4,True,Documentation Missing,Medium
3521,LN-2026236,SOP-LU-001,9,Manual Underwriting Review,R.Das,2026-07-27 18:49:00,30,26,False,None,High
3522,LN-2026236,SOP-LU-001,10,Conditional Approval Decision,A.Rao,2026-07-27 19:16:00,15,15,True,Approval Bypassed,Medium
3523,LN-2026236,SOP-LU-001,11,Document Stipulation Collection,N.Bose,2026-07-27 19:35:00,20,16,False,None,Low
3524,LN-2026236,SOP-LU-001,12,Final Compliance Sign-off,N.Bose,2026-07-27 19:48:00,15,12,False,None,High
3525,LN-2026236,SOP-LU-001,13,Final Approval & Booking,A.Rao,2026-07-27 20:06:00,10,10,False,None,Medium
3526,LN-2026236,SOP-LU-001,14,Disbursement Instruction,A.Rao,2026-07-27 20:15:00,10,8,False,None,Medium
3527,LN-2026236,SOP-LU-001,15,Post-Disbursement Audit Tagging,T.Sharma,2026-07-27 20:33:00,5,5,False,None,Low
3528,LN-2026237,SOP-LU-001,1,Application Intake,N.Bose,2026-06-12 11:24:00,10,9,True,Approval Bypassed,Low
3529,LN-2026237,SOP-LU-001,2,KYC & Identity Verification,T.Sharma,2026-06-12 11:55:00,20,18,False,None,High
3530,LN-2026237,SOP-LU-001,3,Credit Bureau Pull,A.Rao,2026-06-12 12:15:00,15,14,False,None,Medium
3531,LN-2026237,SOP-LU-001,4,Income & Employment Verification,P.Nair,2026-06-12 12:56:00,25,32,False,None,Medium
3532,LN-2026237,SOP-LU-001,5,Debt-to-Income Calculation,N.Bose,2026-06-12 13:31:00,10,18,True,Duration Overrun,Medium
3533,LN-2026237,SOP-LU-001,6,Collateral Valuation,A.Rao,2026-06-12 14:26:00,45,36,False,None,High
3534,LN-2026237,SOP-LU-001,7,Fraud Risk Screening,T.Sharma,2026-06-12 14:50:00,15,17,False,None,High
3535,LN-2026237,SOP-LU-001,8,Automated Credit Scoring,A.Rao,2026-06-12 15:01:00,5,5,True,Documentation Missing,Medium
3536,LN-2026237,SOP-LU-001,9,Manual Underwriting Review,P.Nair,2026-06-12 15:31:00,30,27,False,None,High
3537,LN-2026237,SOP-LU-001,10,Conditional Approval Decision,M.Khan,2026-06-12 15:51:00,15,16,False,None,Medium
3538,LN-2026237,SOP-LU-001,11,Document Stipulation Collection,P.Nair,2026-06-12 16:15:00,20,17,False,None,Low
3539,LN-2026237,SOP-LU-001,12,Final Compliance Sign-off,R.Das,2026-06-12 16:53:00,15,19,True,Extra Manual Step Added,High
3540,LN-2026237,SOP-LU-001,13,Final Approval & Booking,K.Menon,2026-06-12 17:06:00,10,8,True,Approval Bypassed,Medium
3541,LN-2026237,SOP-LU-001,14,Disbursement Instruction,A.Rao,2026-06-12 17:45:00,10,30,True,Duration Overrun,Medium
3542,LN-2026237,SOP-LU-001,15,Post-Disbursement Audit Tagging,T.Sharma,2026-06-12 18:00:00,5,5,False,None,Low
3543,LN-2026238,SOP-LU-001,1,Application Intake,T.Sharma,2026-06-30 21:17:00,10,9,False,None,Low
3544,LN-2026238,SOP-LU-001,2,KYC & Identity Verification,T.Sharma,2026-06-30 21:45:00,20,18,False,None,High
3545,LN-2026238,SOP-LU-001,3,Credit Bureau Pull,P.Nair,2026-06-30 22:10:00,15,17,False,None,Medium
3546,LN-2026238,SOP-LU-001,4,Income & Employment Verification,J.Pillai,2026-06-30 22:42:00,25,23,False,None,Medium
3547,LN-2026238,SOP-LU-001,5,Debt-to-Income Calculation,K.Menon,2026-06-30 23:03:00,10,10,False,None,Medium
3548,LN-2026238,SOP-LU-001,6,Collateral Valuation,J.Pillai,2026-06-30 23:51:00,45,46,False,None,High
3549,LN-2026238,SOP-LU-001,7,Fraud Risk Screening,A.Rao,2026-07-01 00:10:00,15,16,True,Step Skipped,High
3550,LN-2026238,SOP-LU-001,8,Automated Credit Scoring,K.Menon,2026-07-01 00:31:00,5,5,False,None,Medium
3551,LN-2026238,SOP-LU-001,9,Manual Underwriting Review,A.Rao,2026-07-01 01:15:00,30,26,False,None,High
3552,LN-2026238,SOP-LU-001,10,Conditional Approval Decision,V.Reddy,2026-07-01 01:45:00,15,12,False,None,Medium
3553,LN-2026238,SOP-LU-001,11,Document Stipulation Collection,M.Khan,2026-07-01 02:19:00,20,18,True,Documentation Missing,Low
3554,LN-2026238,SOP-LU-001,12,Final Compliance Sign-off,A.Rao,2026-07-01 02:47:00,15,15,True,Approval Bypassed,High
3555,LN-2026238,SOP-LU-001,13,Final Approval & Booking,R.Das,2026-07-01 02:59:00,10,10,False,None,Medium
3556,LN-2026238,SOP-LU-001,14,Disbursement Instruction,M.Khan,2026-07-01 03:22:00,10,9,False,None,Medium
3557,LN-2026238,SOP-LU-001,15,Post-Disbursement Audit Tagging,M.Khan,2026-07-01 03:31:00,5,6,True,Tool Substitution,Low
3558,LN-2026239,SOP-LU-001,1,Application Intake,A.Rao,2026-06-22 11:16:00,10,8,False,None,Low
3559,LN-2026239,SOP-LU-001,2,KYC & Identity Verification,V.Reddy,2026-06-22 11:52:00,20,26,False,None,High
3560,LN-2026239,SOP-LU-001,3,Credit Bureau Pull,J.Pillai,2026-06-22 12:17:00,15,13,False,None,Medium
3561,LN-2026239,SOP-LU-001,4,Income & Employment Verification,T.Sharma,2026-06-22 12:44:00,25,24,False,None,Medium
3562,LN-2026239,SOP-LU-001,5,Debt-to-Income Calculation,A.Rao,2026-06-22 13:05:00,10,11,False,None,Medium
3563,LN-2026239,SOP-LU-001,6,Collateral Valuation,T.Sharma,2026-06-22 13:54:00,45,35,False,None,High
3564,LN-2026239,SOP-LU-001,7,Fraud Risk Screening,K.Menon,2026-06-22 14:09:00,15,13,False,None,High
3565,LN-2026239,SOP-LU-001,8,Automated Credit Scoring,K.Menon,2026-06-22 14:21:00,5,4,True,Documentation Missing,Medium
3566,LN-2026239,SOP-LU-001,9,Manual Underwriting Review,P.Nair,2026-06-22 15:00:00,30,32,False,None,High
3567,LN-2026239,SOP-LU-001,10,Conditional Approval Decision,S.Iyer,2026-06-22 15:31:00,15,13,False,None,Medium
3568,LN-2026239,SOP-LU-001,11,Document Stipulation Collection,R.Das,2026-06-22 16:13:00,20,23,False,None,Low
3569,LN-2026239,SOP-LU-001,12,Final Compliance Sign-off,J.Pillai,2026-06-22 17:10:00,15,43,True,Duration Overrun,High
3570,LN-2026239,SOP-LU-001,13,Final Approval & Booking,P.Nair,2026-06-22 17:22:00,10,9,False,None,Medium
3571,LN-2026239,SOP-LU-001,14,Disbursement Instruction,A.Rao,2026-06-22 17:43:00,10,11,True,Step Skipped,Medium
3572,LN-2026239,SOP-LU-001,15,Post-Disbursement Audit Tagging,M.Khan,2026-06-22 17:59:00,5,4,True,Documentation Missing,Low
3573,LN-2026240,SOP-LU-001,1,Application Intake,N.Bose,2026-06-23 14:23:00,10,8,True,Documentation Missing,Low
3574,LN-2026240,SOP-LU-001,2,KYC & Identity Verification,S.Iyer,2026-06-23 14:45:00,20,19,False,None,High
3575,LN-2026240,SOP-LU-001,3,Credit Bureau Pull,J.Pillai,2026-06-23 15:23:00,15,19,False,None,Medium
3576,LN-2026240,SOP-LU-001,4,Income & Employment Verification,A.Rao,2026-06-23 16:09:00,25,34,True,Extra Manual Step Added,Medium
3577,LN-2026240,SOP-LU-001,5,Debt-to-Income Calculation,S.Iyer,2026-06-23 16:39:00,10,11,False,None,Medium
3578,LN-2026240,SOP-LU-001,6,Collateral Valuation,N.Bose,2026-06-23 17:34:00,45,49,True,Documentation Missing,High
3579,LN-2026240,SOP-LU-001,7,Fraud Risk Screening,M.Khan,2026-06-23 17:57:00,15,16,False,None,High
3580,LN-2026240,SOP-LU-001,8,Automated Credit Scoring,P.Nair,2026-06-23 18:05:00,5,4,True,Order Swapped,Medium
3581,LN-2026240,SOP-LU-001,9,Manual Underwriting Review,T.Sharma,2026-06-23 18:51:00,30,29,False,None,High
3582,LN-2026240,SOP-LU-001,10,Conditional Approval Decision,V.Reddy,2026-06-23 19:36:00,15,43,True,Duration Overrun,Medium
3583,LN-2026240,SOP-LU-001,11,Document Stipulation Collection,T.Sharma,2026-06-23 19:59:00,20,21,False,None,Low
3584,LN-2026240,SOP-LU-001,12,Final Compliance Sign-off,J.Pillai,2026-06-23 20:21:00,15,13,False,None,High
3585,LN-2026240,SOP-LU-001,13,Final Approval & Booking,J.Pillai,2026-06-23 20:46:00,10,10,False,None,Medium
3586,LN-2026240,SOP-LU-001,14,Disbursement Instruction,S.Iyer,2026-06-23 21:11:00,10,15,True,Extra Manual Step Added,Medium
3587,LN-2026240,SOP-LU-001,15,Post-Disbursement Audit Tagging,A.Rao,2026-06-23 21:31:00,5,3,True,Tool Substitution,Low
3588,LN-2026241,SOP-LU-001,1,Application Intake,P.Nair,2026-07-08 17:13:00,10,9,False,None,Low
3589,LN-2026241,SOP-LU-001,2,KYC & Identity Verification,P.Nair,2026-07-08 17:51:00,20,19,False,None,High
3590,LN-2026241,SOP-LU-001,3,Credit Bureau Pull,T.Sharma,2026-07-08 18:09:00,15,17,True,Approval Bypassed,Medium
3591,LN-2026241,SOP-LU-001,4,Income & Employment Verification,M.Khan,2026-07-08 18:54:00,25,29,False,None,Medium
3592,LN-2026241,SOP-LU-001,5,Debt-to-Income Calculation,A.Rao,2026-07-08 19:07:00,10,9,True,Order Swapped,Medium
3593,LN-2026241,SOP-LU-001,6,Collateral Valuation,T.Sharma,2026-07-08 19:53:00,45,40,True,Step Skipped,High
3594,LN-2026241,SOP-LU-001,7,Fraud Risk Screening,S.Iyer,2026-07-08 20:16:00,15,12,True,Step Skipped,High
3595,LN-2026241,SOP-LU-001,8,Automated Credit Scoring,J.Pillai,2026-07-08 20:31:00,5,5,True,Order Swapped,Medium
3596,LN-2026241,SOP-LU-001,9,Manual Underwriting Review,T.Sharma,2026-07-08 21:00:00,30,28,False,None,High
3597,LN-2026241,SOP-LU-001,10,Conditional Approval Decision,P.Nair,2026-07-08 21:28:00,15,16,True,Step Skipped,Medium
3598,LN-2026241,SOP-LU-001,11,Document Stipulation Collection,P.Nair,2026-07-08 22:00:00,20,18,True,Order Swapped,Low
3599,LN-2026241,SOP-LU-001,12,Final Compliance Sign-off,S.Iyer,2026-07-08 22:23:00,15,16,False,None,High
3600,LN-2026241,SOP-LU-001,13,Final Approval & Booking,P.Nair,2026-07-08 22:42:00,10,9,True,Documentation Missing,Medium
3601,LN-2026241,SOP-LU-001,14,Disbursement Instruction,S.Iyer,2026-07-08 22:53:00,10,9,True,Step Skipped,Medium
3602,LN-2026241,SOP-LU-001,15,Post-Disbursement Audit Tagging,K.Menon,2026-07-08 23:14:00,5,3,False,None,Low
3603,LN-2026242,SOP-LU-001,1,Application Intake,K.Menon,2026-06-12 09:27:00,10,8,False,None,Low
3604,LN-2026242,SOP-LU-001,2,KYC & Identity Verification,R.Das,2026-06-12 09:54:00,20,25,True,Order Swapped,High
3605,LN-2026242,SOP-LU-001,3,Credit Bureau Pull,T.Sharma,2026-06-12 10:22:00,15,12,False,None,Medium
3606,LN-2026242,SOP-LU-001,4,Income & Employment Verification,S.Iyer,2026-06-12 11:06:00,25,28,False,None,Medium
3607,LN-2026242,SOP-LU-001,5,Debt-to-Income Calculation,J.Pillai,2026-06-12 11:28:00,10,11,False,None,Medium
3608,LN-2026242,SOP-LU-001,6,Collateral Valuation,K.Menon,2026-06-12 12:10:00,45,35,False,None,High
3609,LN-2026242,SOP-LU-001,7,Fraud Risk Screening,P.Nair,2026-06-12 12:35:00,15,12,True,Order Swapped,High
3610,LN-2026242,SOP-LU-001,8,Automated Credit Scoring,T.Sharma,2026-06-12 12:49:00,5,10,True,Duration Overrun,Medium
3611,LN-2026242,SOP-LU-001,9,Manual Underwriting Review,P.Nair,2026-06-12 14:11:00,30,77,True,Duration Overrun,High
3612,LN-2026242,SOP-LU-001,10,Conditional Approval Decision,J.Pillai,2026-06-12 14:29:00,15,13,False,None,Medium
3613,LN-2026242,SOP-LU-001,11,Document Stipulation Collection,N.Bose,2026-06-12 14:51:00,20,18,False,None,Low
3614,LN-2026242,SOP-LU-001,12,Final Compliance Sign-off,T.Sharma,2026-06-12 15:15:00,15,15,True,Order Swapped,High
3615,LN-2026242,SOP-LU-001,13,Final Approval & Booking,R.Das,2026-06-12 15:39:00,10,8,True,Approval Bypassed,Medium
3616,LN-2026242,SOP-LU-001,14,Disbursement Instruction,N.Bose,2026-06-12 16:01:00,10,12,False,None,Medium
3617,LN-2026243,SOP-LU-001,1,Application Intake,V.Reddy,2026-07-09 04:17:00,10,11,True,Step Skipped,Low
3618,LN-2026243,SOP-LU-001,2,KYC & Identity Verification,J.Pillai,2026-07-09 04:58:00,20,24,False,None,High
3619,LN-2026243,SOP-LU-001,3,Credit Bureau Pull,M.Khan,2026-07-09 05:26:00,15,13,True,Documentation Missing,Medium
3620,LN-2026243,SOP-LU-001,4,Income & Employment Verification,N.Bose,2026-07-09 06:11:00,25,26,False,None,Medium
3621,LN-2026243,SOP-LU-001,5,Debt-to-Income Calculation,V.Reddy,2026-07-09 06:35:00,10,8,True,Documentation Missing,Medium
3622,LN-2026243,SOP-LU-001,6,Collateral Valuation,T.Sharma,2026-07-09 07:43:00,45,49,True,Approval Bypassed,High
3623,LN-2026243,SOP-LU-001,7,Fraud Risk Screening,V.Reddy,2026-07-09 08:03:00,15,16,False,None,High
3624,LN-2026243,SOP-LU-001,8,Automated Credit Scoring,V.Reddy,2026-07-09 08:13:00,5,4,False,None,Medium
3625,LN-2026243,SOP-LU-001,9,Manual Underwriting Review,J.Pillai,2026-07-09 09:08:00,30,36,False,None,High
3626,LN-2026243,SOP-LU-001,10,Conditional Approval Decision,J.Pillai,2026-07-09 09:23:00,15,13,False,None,Medium
3627,LN-2026243,SOP-LU-001,11,Document Stipulation Collection,P.Nair,2026-07-09 10:05:00,20,25,False,None,Low
3628,LN-2026243,SOP-LU-001,12,Final Compliance Sign-off,V.Reddy,2026-07-09 10:34:00,15,14,True,Order Swapped,High
3629,LN-2026243,SOP-LU-001,13,Final Approval & Booking,M.Khan,2026-07-09 10:44:00,10,9,False,None,Medium
3630,LN-2026243,SOP-LU-001,14,Disbursement Instruction,M.Khan,2026-07-09 11:31:00,10,29,True,Duration Overrun,Medium
3631,LN-2026243,SOP-LU-001,15,Post-Disbursement Audit Tagging,T.Sharma,2026-07-09 11:41:00,5,4,False,None,Low
3632,LN-2026244,SOP-LU-001,1,Application Intake,T.Sharma,2026-05-27 16:16:00,10,8,True,Documentation Missing,Low
3633,LN-2026244,SOP-LU-001,2,KYC & Identity Verification,V.Reddy,2026-05-27 16:49:00,20,18,True,Step Skipped,High
3634,LN-2026244,SOP-LU-001,3,Credit Bureau Pull,T.Sharma,2026-05-27 17:14:00,15,14,False,None,Medium
3635,LN-2026244,SOP-LU-001,5,Debt-to-Income Calculation,V.Reddy,2026-05-27 17:29:00,10,8,False,None,Medium
3636,LN-2026244,SOP-LU-001,4,Income & Employment Verification,T.Sharma,2026-05-27 18:09:00,25,23,False,None,Medium
3637,LN-2026244,SOP-LU-001,6,Collateral Valuation,T.Sharma,2026-05-27 19:04:00,45,45,False,None,High
3638,LN-2026244,SOP-LU-001,7,Fraud Risk Screening,S.Iyer,2026-05-27 19:26:00,15,16,True,Step Skipped,High
3639,LN-2026244,SOP-LU-001,8,Automated Credit Scoring,R.Das,2026-05-27 19:46:00,5,3,False,None,Medium
3640,LN-2026244,SOP-LU-001,9,Manual Underwriting Review,T.Sharma,2026-05-27 20:27:00,30,25,False,None,High
3641,LN-2026244,SOP-LU-001,10,Conditional Approval Decision,R.Das,2026-05-27 20:59:00,15,16,False,None,Medium
3642,LN-2026244,SOP-LU-001,11,Document Stipulation Collection,N.Bose,2026-05-27 21:34:00,20,24,False,None,Low
3643,LN-2026244,SOP-LU-001,12,Final Compliance Sign-off,K.Menon,2026-05-27 22:09:00,15,18,False,None,High
3644,LN-2026244,SOP-LU-001,13,Final Approval & Booking,P.Nair,2026-05-27 22:19:00,10,9,False,None,Medium
3645,LN-2026244,SOP-LU-001,14,Disbursement Instruction,T.Sharma,2026-05-27 22:38:00,10,9,True,Step Skipped,Medium
3646,LN-2026244,SOP-LU-001,15,Post-Disbursement Audit Tagging,T.Sharma,2026-05-27 22:49:00,5,4,True,Order Swapped,Low
3647,LN-2026245,SOP-LU-001,1,Application Intake,R.Das,2026-07-10 20:26:00,10,10,True,Tool Substitution,Low
3648,LN-2026245,SOP-LU-001,2,KYC & Identity Verification,S.Iyer,2026-07-10 21:03:00,20,21,True,Documentation Missing,High
3649,LN-2026245,SOP-LU-001,3,Credit Bureau Pull,N.Bose,2026-07-10 21:20:00,15,15,False,None,Medium
3650,LN-2026245,SOP-LU-001,4,Income & Employment Verification,A.Rao,2026-07-10 21:52:00,25,25,False,None,Medium
3651,LN-2026245,SOP-LU-001,5,Debt-to-Income Calculation,R.Das,2026-07-10 22:03:00,10,8,False,None,Medium
3652,LN-2026245,SOP-LU-001,6,Collateral Valuation,M.Khan,2026-07-10 22:49:00,45,36,False,None,High
3653,LN-2026245,SOP-LU-001,7,Fraud Risk Screening,J.Pillai,2026-07-10 23:09:00,15,15,False,None,High
3654,LN-2026245,SOP-LU-001,8,Automated Credit Scoring,A.Rao,2026-07-10 23:16:00,5,3,False,None,Medium
3655,LN-2026245,SOP-LU-001,9,Manual Underwriting Review,N.Bose,2026-07-10 23:53:00,30,35,False,None,High
3656,LN-2026245,SOP-LU-001,10,Conditional Approval Decision,S.Iyer,2026-07-11 00:18:00,15,12,False,None,Medium
3657,LN-2026245,SOP-LU-001,11,Document Stipulation Collection,P.Nair,2026-07-11 00:46:00,20,25,False,None,Low
3658,LN-2026245,SOP-LU-001,12,Final Compliance Sign-off,P.Nair,2026-07-11 01:04:00,15,13,True,Approval Bypassed,High
3659,LN-2026245,SOP-LU-001,13,Final Approval & Booking,N.Bose,2026-07-11 01:16:00,10,9,False,None,Medium
3660,LN-2026245,SOP-LU-001,14,Disbursement Instruction,N.Bose,2026-07-11 01:44:00,10,10,False,None,Medium
3661,LN-2026245,SOP-LU-001,15,Post-Disbursement Audit Tagging,V.Reddy,2026-07-11 02:04:00,5,4,False,None,Low
3662,LN-2026246,SOP-LU-001,1,Application Intake,M.Khan,2026-07-09 14:16:00,10,8,False,None,Low
3663,LN-2026246,SOP-LU-001,2,KYC & Identity Verification,N.Bose,2026-07-09 15:00:00,20,32,True,Duration Overrun,High
3664,LN-2026246,SOP-LU-001,3,Credit Bureau Pull,J.Pillai,2026-07-09 15:32:00,15,13,True,Order Swapped,Medium
3665,LN-2026246,SOP-LU-001,4,Income & Employment Verification,R.Das,2026-07-09 16:08:00,25,29,False,None,Medium
3666,LN-2026246,SOP-LU-001,5,Debt-to-Income Calculation,A.Rao,2026-07-09 16:29:00,10,7,False,None,Medium
3667,LN-2026246,SOP-LU-001,7,Fraud Risk Screening,T.Sharma,2026-07-09 16:50:00,15,12,False,None,High
3668,LN-2026246,SOP-LU-001,6,Collateral Valuation,M.Khan,2026-07-09 18:58:00,45,118,True,Duration Overrun,High
3669,LN-2026246,SOP-LU-001,8,Automated Credit Scoring,M.Khan,2026-07-09 19:09:00,5,2,False,None,Medium
3670,LN-2026246,SOP-LU-001,9,Manual Underwriting Review,N.Bose,2026-07-09 19:53:00,30,31,False,None,High
3671,LN-2026246,SOP-LU-001,10,Conditional Approval Decision,A.Rao,2026-07-09 20:21:00,15,17,True,Documentation Missing,Medium
3672,LN-2026246,SOP-LU-001,11,Document Stipulation Collection,A.Rao,2026-07-09 20:47:00,20,14,False,None,Low
3673,LN-2026246,SOP-LU-001,12,Final Compliance Sign-off,S.Iyer,2026-07-09 21:14:00,15,15,False,None,High
3674,LN-2026246,SOP-LU-001,13,Final Approval & Booking,T.Sharma,2026-07-09 21:34:00,10,10,False,None,Medium
3675,LN-2026246,SOP-LU-001,14,Disbursement Instruction,J.Pillai,2026-07-09 21:51:00,10,12,False,None,Medium
3676,LN-2026246,SOP-LU-001,15,Post-Disbursement Audit Tagging,J.Pillai,2026-07-09 22:00:00,5,4,False,None,Low
3677,LN-2026247,SOP-LU-001,1,Application Intake,K.Menon,2026-07-14 11:28:00,10,26,True,Duration Overrun,Low
3678,LN-2026247,SOP-LU-001,2,KYC & Identity Verification,P.Nair,2026-07-14 12:09:00,20,23,False,None,High
3679,LN-2026247,SOP-LU-001,3,Credit Bureau Pull,T.Sharma,2026-07-14 12:34:00,15,16,False,None,Medium
3680,LN-2026247,SOP-LU-001,4,Income & Employment Verification,V.Reddy,2026-07-14 13:16:00,25,27,False,None,Medium
3681,LN-2026247,SOP-LU-001,5,Debt-to-Income Calculation,R.Das,2026-07-14 13:32:00,10,10,False,None,Medium
3682,LN-2026247,SOP-LU-001,6,Collateral Valuation,N.Bose,2026-07-14 14:29:00,45,38,True,Step Skipped,High
3683,LN-2026247,SOP-LU-001,7,Fraud Risk Screening,J.Pillai,2026-07-14 14:44:00,15,12,True,Tool Substitution,High
3684,LN-2026247,SOP-LU-001,8,Automated Credit Scoring,S.Iyer,2026-07-14 14:57:00,5,3,False,None,Medium
3685,LN-2026247,SOP-LU-001,9,Manual Underwriting Review,R.Das,2026-07-14 16:00:00,30,51,True,Duration Overrun,High
3686,LN-2026247,SOP-LU-001,10,Conditional Approval Decision,N.Bose,2026-07-14 16:26:00,15,19,True,Extra Manual Step Added,Medium
3687,LN-2026247,SOP-LU-001,11,Document Stipulation Collection,T.Sharma,2026-07-14 16:53:00,20,18,True,Step Skipped,Low
3688,LN-2026247,SOP-LU-001,12,Final Compliance Sign-off,S.Iyer,2026-07-14 17:19:00,15,12,False,None,High
3689,LN-2026247,SOP-LU-001,13,Final Approval & Booking,M.Khan,2026-07-14 17:57:00,10,26,True,Duration Overrun,Medium
3690,LN-2026247,SOP-LU-001,14,Disbursement Instruction,S.Iyer,2026-07-14 18:12:00,10,11,True,Step Skipped,Medium
3691,LN-2026247,SOP-LU-001,15,Post-Disbursement Audit Tagging,V.Reddy,2026-07-14 18:29:00,5,4,False,None,Low
3692,LN-2026248,SOP-LU-001,1,Application Intake,P.Nair,2026-08-01 09:26:00,10,8,False,None,Low
3693,LN-2026248,SOP-LU-001,2,KYC & Identity Verification,R.Das,2026-08-01 09:52:00,20,15,True,Order Swapped,High
3694,LN-2026248,SOP-LU-001,3,Credit Bureau Pull,V.Reddy,2026-08-01 10:22:00,15,13,False,None,Medium
3695,LN-2026248,SOP-LU-001,4,Income & Employment Verification,R.Das,2026-08-01 11:03:00,25,30,True,Documentation Missing,Medium
3696,LN-2026248,SOP-LU-001,5,Debt-to-Income Calculation,N.Bose,2026-08-01 11:28:00,10,9,False,None,Medium
3697,LN-2026248,SOP-LU-001,6,Collateral Valuation,V.Reddy,2026-08-01 12:05:00,45,36,False,None,High
3698,LN-2026248,SOP-LU-001,7,Fraud Risk Screening,S.Iyer,2026-08-01 12:36:00,15,15,True,Step Skipped,High
3699,LN-2026248,SOP-LU-001,8,Automated Credit Scoring,M.Khan,2026-08-01 12:56:00,5,6,False,None,Medium
3700,LN-2026248,SOP-LU-001,9,Manual Underwriting Review,P.Nair,2026-08-01 13:39:00,30,27,False,None,High
3701,LN-2026248,SOP-LU-001,10,Conditional Approval Decision,J.Pillai,2026-08-01 13:56:00,15,11,False,None,Medium
3702,LN-2026248,SOP-LU-001,11,Document Stipulation Collection,V.Reddy,2026-08-01 14:35:00,20,20,False,None,Low
3703,LN-2026248,SOP-LU-001,12,Final Compliance Sign-off,A.Rao,2026-08-01 14:56:00,15,15,False,None,High
3704,LN-2026248,SOP-LU-001,13,Final Approval & Booking,R.Das,2026-08-01 15:19:00,10,7,False,None,Medium
3705,LN-2026248,SOP-LU-001,14,Disbursement Instruction,V.Reddy,2026-08-01 15:32:00,10,9,False,None,Medium
3706,LN-2026248,SOP-LU-001,15,Post-Disbursement Audit Tagging,R.Das,2026-08-01 15:37:00,5,3,True,Tool Substitution,Low
3707,LN-2026249,SOP-LU-001,1,Application Intake,M.Khan,2026-05-15 11:26:00,10,12,False,None,Low
3708,LN-2026249,SOP-LU-001,2,KYC & Identity Verification,M.Khan,2026-05-15 11:52:00,20,19,True,Documentation Missing,High
3709,LN-2026249,SOP-LU-001,3,Credit Bureau Pull,S.Iyer,2026-05-15 12:17:00,15,10,False,None,Medium
3710,LN-2026249,SOP-LU-001,4,Income & Employment Verification,K.Menon,2026-05-15 12:55:00,25,20,False,None,Medium
3711,LN-2026249,SOP-LU-001,5,Debt-to-Income Calculation,A.Rao,2026-05-15 13:12:00,10,7,False,None,Medium
3712,LN-2026249,SOP-LU-001,6,Collateral Valuation,S.Iyer,2026-05-15 14:16:00,45,53,True,Tool Substitution,High
3713,LN-2026249,SOP-LU-001,7,Fraud Risk Screening,N.Bose,2026-05-15 14:39:00,15,15,True,Approval Bypassed,High
3714,LN-2026249,SOP-LU-001,8,Automated Credit Scoring,P.Nair,2026-05-15 15:01:00,5,3,True,Step Skipped,Medium
3715,LN-2026249,SOP-LU-001,9,Manual Underwriting Review,M.Khan,2026-05-15 15:44:00,30,24,False,None,High
3716,LN-2026249,SOP-LU-001,10,Conditional Approval Decision,N.Bose,2026-05-15 16:11:00,15,15,False,None,Medium
3717,LN-2026249,SOP-LU-001,11,Document Stipulation Collection,K.Menon,2026-05-15 16:56:00,20,32,True,Extra Manual Step Added,Low
3718,LN-2026249,SOP-LU-001,12,Final Compliance Sign-off,N.Bose,2026-05-15 17:25:00,15,17,False,None,High
3719,LN-2026249,SOP-LU-001,13,Final Approval & Booking,T.Sharma,2026-05-15 17:41:00,10,10,False,None,Medium
3720,LN-2026249,SOP-LU-001,14,Disbursement Instruction,S.Iyer,2026-05-15 18:08:00,10,8,False,None,Medium
3721,LN-2026249,SOP-LU-001,15,Post-Disbursement Audit Tagging,A.Rao,2026-05-15 18:28:00,5,4,True,Documentation Missing,Low
3722,LN-2026250,SOP-LU-001,1,Application Intake,V.Reddy,2026-07-10 23:26:00,10,10,False,None,Low
3723,LN-2026250,SOP-LU-001,2,KYC & Identity Verification,M.Khan,2026-07-10 23:55:00,20,19,True,Approval Bypassed,High
3724,LN-2026250,SOP-LU-001,3,Credit Bureau Pull,M.Khan,2026-07-11 00:24:00,15,16,False,None,Medium
3725,LN-2026250,SOP-LU-001,4,Income & Employment Verification,K.Menon,2026-07-11 01:12:00,25,42,True,Extra Manual Step Added,Medium
3726,LN-2026250,SOP-LU-001,5,Debt-to-Income Calculation,S.Iyer,2026-07-11 01:30:00,10,11,False,None,Medium
3727,LN-2026250,SOP-LU-001,6,Collateral Valuation,V.Reddy,2026-07-11 02:22:00,45,40,True,Approval Bypassed,High
3728,LN-2026250,SOP-LU-001,7,Fraud Risk Screening,K.Menon,2026-07-11 02:42:00,15,14,False,None,High
3729,LN-2026250,SOP-LU-001,8,Automated Credit Scoring,P.Nair,2026-07-11 02:57:00,5,3,True,Approval Bypassed,Medium
3730,LN-2026250,SOP-LU-001,9,Manual Underwriting Review,V.Reddy,2026-07-11 03:43:00,30,31,False,None,High
3731,LN-2026250,SOP-LU-001,10,Conditional Approval Decision,R.Das,2026-07-11 04:07:00,15,16,True,Tool Substitution,Medium
3732,LN-2026250,SOP-LU-001,11,Document Stipulation Collection,S.Iyer,2026-07-11 04:40:00,20,22,False,None,Low
3733,LN-2026250,SOP-LU-001,12,Final Compliance Sign-off,J.Pillai,2026-07-11 04:58:00,15,13,False,None,High
3734,LN-2026250,SOP-LU-001,13,Final Approval & Booking,K.Menon,2026-07-11 05:28:00,10,15,True,Extra Manual Step Added,Medium
3735,LN-2026250,SOP-LU-001,15,Post-Disbursement Audit Tagging,M.Khan,2026-07-11 05:42:00,5,6,False,None,Low
3736,LN-2026250,SOP-LU-001,14,Disbursement Instruction,A.Rao,2026-07-11 06:10:00,10,9,True,Approval Bypassed,Medium
3737,LN-2026251,SOP-LU-001,1,Application Intake,A.Rao,2026-07-19 18:20:00,10,9,True,Order Swapped,Low
3738,LN-2026251,SOP-LU-001,2,KYC & Identity Verification,N.Bose,2026-07-19 18:46:00,20,18,False,None,High
3739,LN-2026251,SOP-LU-001,3,Credit Bureau Pull,A.Rao,2026-07-19 19:14:00,15,14,True,Approval Bypassed,Medium
3740,LN-2026251,SOP-LU-001,4,Income & Employment Verification,N.Bose,2026-07-19 19:45:00,25,18,False,None,Medium
3741,LN-2026251,SOP-LU-001,5,Debt-to-Income Calculation,K.Menon,2026-07-19 20:09:00,10,9,False,None,Medium
3742,LN-2026251,SOP-LU-001,6,Collateral Valuation,R.Das,2026-07-19 21:08:00,45,44,False,None,High
3743,LN-2026251,SOP-LU-001,7,Fraud Risk Screening,J.Pillai,2026-07-19 21:30:00,15,13,False,None,High
3744,LN-2026251,SOP-LU-001,8,Automated Credit Scoring,M.Khan,2026-07-19 21:44:00,5,4,True,Tool Substitution,Medium
3745,LN-2026251,SOP-LU-001,9,Manual Underwriting Review,P.Nair,2026-07-19 22:30:00,30,32,False,None,High
3746,LN-2026251,SOP-LU-001,10,Conditional Approval Decision,P.Nair,2026-07-19 22:56:00,15,12,True,Order Swapped,Medium
3747,LN-2026251,SOP-LU-001,11,Document Stipulation Collection,A.Rao,2026-07-19 23:50:00,20,35,True,Duration Overrun,Low
3748,LN-2026251,SOP-LU-001,12,Final Compliance Sign-off,T.Sharma,2026-07-20 00:20:00,15,17,False,None,High
3749,LN-2026251,SOP-LU-001,13,Final Approval & Booking,K.Menon,2026-07-20 00:29:00,10,8,False,None,Medium
3750,LN-2026251,SOP-LU-001,14,Disbursement Instruction,S.Iyer,2026-07-20 00:57:00,10,12,True,Step Skipped,Medium
3751,LN-2026251,SOP-LU-001,15,Post-Disbursement Audit Tagging,A.Rao,2026-07-20 01:10:00,5,5,False,None,Low
3752,LN-2026252,SOP-LU-001,1,Application Intake,P.Nair,2026-07-03 08:23:00,10,9,True,Documentation Missing,Low
3753,LN-2026252,SOP-LU-001,2,KYC & Identity Verification,N.Bose,2026-07-03 09:01:00,20,22,False,None,High
3754,LN-2026252,SOP-LU-001,3,Credit Bureau Pull,M.Khan,2026-07-03 09:28:00,15,8,False,None,Medium
3755,LN-2026252,SOP-LU-001,4,Income & Employment Verification,K.Menon,2026-07-03 10:04:00,25,23,True,Order Swapped,Medium
3756,LN-2026252,SOP-LU-001,5,Debt-to-Income Calculation,A.Rao,2026-07-03 10:19:00,10,7,True,Order Swapped,Medium
3757,LN-2026252,SOP-LU-001,6,Collateral Valuation,T.Sharma,2026-07-03 11:11:00,45,51,False,None,High
3758,LN-2026252,SOP-LU-001,7,Fraud Risk Screening,V.Reddy,2026-07-03 11:35:00,15,17,True,Order Swapped,High
3759,LN-2026252,SOP-LU-001,8,Automated Credit Scoring,R.Das,2026-07-03 11:55:00,5,5,True,Approval Bypassed,Medium
3760,LN-2026252,SOP-LU-001,9,Manual Underwriting Review,T.Sharma,2026-07-03 12:28:00,30,29,False,None,High
3761,LN-2026252,SOP-LU-001,10,Conditional Approval Decision,M.Khan,2026-07-03 12:52:00,15,17,True,Order Swapped,Medium
3762,LN-2026252,SOP-LU-001,11,Document Stipulation Collection,V.Reddy,2026-07-03 13:22:00,20,22,True,Documentation Missing,Low
3763,LN-2026252,SOP-LU-001,12,Final Compliance Sign-off,K.Menon,2026-07-03 13:45:00,15,11,False,None,High
3764,LN-2026252,SOP-LU-001,13,Final Approval & Booking,J.Pillai,2026-07-03 13:59:00,10,10,False,None,Medium
3765,LN-2026252,SOP-LU-001,14,Disbursement Instruction,J.Pillai,2026-07-03 14:16:00,10,9,True,Step Skipped,Medium
3766,LN-2026252,SOP-LU-001,15,Post-Disbursement Audit Tagging,M.Khan,2026-07-03 14:22:00,5,5,True,Approval Bypassed,Low
3767,LN-2026253,SOP-LU-001,1,Application Intake,T.Sharma,2026-07-14 03:09:00,10,8,False,None,Low
3768,LN-2026253,SOP-LU-001,2,KYC & Identity Verification,T.Sharma,2026-07-14 03:30:00,20,14,True,Tool Substitution,High
3769,LN-2026253,SOP-LU-001,3,Credit Bureau Pull,V.Reddy,2026-07-14 04:05:00,15,19,False,None,Medium
3770,LN-2026253,SOP-LU-001,4,Income & Employment Verification,J.Pillai,2026-07-14 04:43:00,25,28,True,Step Skipped,Medium
3771,LN-2026253,SOP-LU-001,5,Debt-to-Income Calculation,V.Reddy,2026-07-14 05:00:00,10,11,False,None,Medium
3772,LN-2026253,SOP-LU-001,6,Collateral Valuation,P.Nair,2026-07-14 06:09:00,45,52,True,Approval Bypassed,High
3773,LN-2026253,SOP-LU-001,7,Fraud Risk Screening,A.Rao,2026-07-14 06:42:00,15,16,False,None,High
3774,LN-2026253,SOP-LU-001,8,Automated Credit Scoring,K.Menon,2026-07-14 07:06:00,5,5,True,Documentation Missing,Medium
3775,LN-2026253,SOP-LU-001,9,Manual Underwriting Review,M.Khan,2026-07-14 07:51:00,30,35,True,Approval Bypassed,High
3776,LN-2026253,SOP-LU-001,10,Conditional Approval Decision,J.Pillai,2026-07-14 08:15:00,15,17,False,None,Medium
3777,LN-2026253,SOP-LU-001,11,Document Stipulation Collection,T.Sharma,2026-07-14 08:49:00,20,16,True,Order Swapped,Low
3778,LN-2026253,SOP-LU-001,12,Final Compliance Sign-off,P.Nair,2026-07-14 09:05:00,15,13,False,None,High
3779,LN-2026253,SOP-LU-001,13,Final Approval & Booking,A.Rao,2026-07-14 09:35:00,10,11,True,Order Swapped,Medium
3780,LN-2026253,SOP-LU-001,14,Disbursement Instruction,J.Pillai,2026-07-14 09:56:00,10,9,True,Approval Bypassed,Medium
3781,LN-2026253,SOP-LU-001,15,Post-Disbursement Audit Tagging,V.Reddy,2026-07-14 10:06:00,5,4,False,None,Low
3782,LN-2026254,SOP-LU-001,1,Application Intake,A.Rao,2026-07-01 14:19:00,10,9,True,Approval Bypassed,Low
3783,LN-2026254,SOP-LU-001,2,KYC & Identity Verification,M.Khan,2026-07-01 14:42:00,20,19,False,None,High
3784,LN-2026254,SOP-LU-001,3,Credit Bureau Pull,R.Das,2026-07-01 15:04:00,15,14,False,None,Medium
3785,LN-2026254,SOP-LU-001,4,Income & Employment Verification,P.Nair,2026-07-01 15:28:00,25,19,False,None,Medium
3786,LN-2026254,SOP-LU-001,5,Debt-to-Income Calculation,T.Sharma,2026-07-01 15:45:00,10,7,False,None,Medium
3787,LN-2026254,SOP-LU-001,6,Collateral Valuation,N.Bose,2026-07-01 16:28:00,45,39,True,Order Swapped,High
3788,LN-2026254,SOP-LU-001,7,Fraud Risk Screening,P.Nair,2026-07-01 16:44:00,15,14,True,Approval Bypassed,High
3789,LN-2026254,SOP-LU-001,8,Automated Credit Scoring,P.Nair,2026-07-01 16:54:00,5,5,False,None,Medium
3790,LN-2026254,SOP-LU-001,9,Manual Underwriting Review,M.Khan,2026-07-01 17:34:00,30,34,False,None,High
3791,LN-2026254,SOP-LU-001,10,Conditional Approval Decision,S.Iyer,2026-07-01 17:57:00,15,16,False,None,Medium
3792,LN-2026254,SOP-LU-001,11,Document Stipulation Collection,A.Rao,2026-07-01 18:24:00,20,23,False,None,Low
3793,LN-2026254,SOP-LU-001,12,Final Compliance Sign-off,K.Menon,2026-07-01 19:08:00,15,32,True,Duration Overrun,High
3794,LN-2026254,SOP-LU-001,13,Final Approval & Booking,A.Rao,2026-07-01 19:30:00,10,10,False,None,Medium
3795,LN-2026254,SOP-LU-001,14,Disbursement Instruction,S.Iyer,2026-07-01 19:54:00,10,9,False,None,Medium
3796,LN-2026254,SOP-LU-001,15,Post-Disbursement Audit Tagging,S.Iyer,2026-07-01 20:12:00,5,4,False,None,Low
3797,LN-2026255,SOP-LU-001,1,Application Intake,P.Nair,2026-05-10 17:21:00,10,12,False,None,Low
3798,LN-2026255,SOP-LU-001,2,KYC & Identity Verification,M.Khan,2026-05-10 17:51:00,20,21,True,Step Skipped,High
3799,LN-2026255,SOP-LU-001,3,Credit Bureau Pull,R.Das,2026-05-10 18:18:00,15,16,False,None,Medium
3800,LN-2026255,SOP-LU-001,4,Income & Employment Verification,P.Nair,2026-05-10 18:55:00,25,26,True,Order Swapped,Medium
3801,LN-2026255,SOP-LU-001,5,Debt-to-Income Calculation,J.Pillai,2026-05-10 19:11:00,10,11,False,None,Medium
3802,LN-2026255,SOP-LU-001,6,Collateral Valuation,J.Pillai,2026-05-10 20:25:00,45,65,True,Extra Manual Step Added,High
3803,LN-2026255,SOP-LU-001,7,Fraud Risk Screening,P.Nair,2026-05-10 20:43:00,15,14,False,None,High
3804,LN-2026255,SOP-LU-001,8,Automated Credit Scoring,V.Reddy,2026-05-10 20:50:00,5,5,True,Tool Substitution,Medium
3805,LN-2026255,SOP-LU-001,9,Manual Underwriting Review,M.Khan,2026-05-10 21:47:00,30,48,True,Extra Manual Step Added,High
3806,LN-2026255,SOP-LU-001,10,Conditional Approval Decision,V.Reddy,2026-05-10 22:30:00,15,25,True,Duration Overrun,Medium
3807,LN-2026255,SOP-LU-001,11,Document Stipulation Collection,J.Pillai,2026-05-10 23:08:00,20,21,False,None,Low
3808,LN-2026255,SOP-LU-001,12,Final Compliance Sign-off,S.Iyer,2026-05-10 23:40:00,15,15,False,None,High
3809,LN-2026255,SOP-LU-001,13,Final Approval & Booking,V.Reddy,2026-05-11 00:00:00,10,11,False,None,Medium
3810,LN-2026255,SOP-LU-001,14,Disbursement Instruction,M.Khan,2026-05-11 00:43:00,10,28,True,Duration Overrun,Medium
3811,LN-2026256,SOP-LU-001,1,Application Intake,J.Pillai,2026-07-11 06:14:00,10,8,False,None,Low
3812,LN-2026256,SOP-LU-001,2,KYC & Identity Verification,N.Bose,2026-07-11 06:36:00,20,18,False,None,High
3813,LN-2026256,SOP-LU-001,3,Credit Bureau Pull,R.Das,2026-07-11 07:07:00,15,18,False,None,Medium
3814,LN-2026256,SOP-LU-001,4,Income & Employment Verification,V.Reddy,2026-07-11 07:51:00,25,39,True,Extra Manual Step Added,Medium
3815,LN-2026256,SOP-LU-001,5,Debt-to-Income Calculation,J.Pillai,2026-07-11 08:01:00,10,9,True,Documentation Missing,Medium
3816,LN-2026256,SOP-LU-001,6,Collateral Valuation,T.Sharma,2026-07-11 08:44:00,45,40,False,None,High
3817,LN-2026256,SOP-LU-001,7,Fraud Risk Screening,P.Nair,2026-07-11 09:36:00,15,42,True,Duration Overrun,High
3818,LN-2026256,SOP-LU-001,8,Automated Credit Scoring,A.Rao,2026-07-11 09:48:00,5,4,True,Order Swapped,Medium
3819,LN-2026256,SOP-LU-001,9,Manual Underwriting Review,T.Sharma,2026-07-11 10:23:00,30,20,True,Documentation Missing,High
3820,LN-2026256,SOP-LU-001,10,Conditional Approval Decision,M.Khan,2026-07-11 10:44:00,15,12,False,None,Medium
3821,LN-2026256,SOP-LU-001,11,Document Stipulation Collection,T.Sharma,2026-07-11 11:09:00,20,16,False,None,Low
3822,LN-2026256,SOP-LU-001,12,Final Compliance Sign-off,J.Pillai,2026-07-11 11:32:00,15,22,True,Extra Manual Step Added,High
3823,LN-2026256,SOP-LU-001,13,Final Approval & Booking,K.Menon,2026-07-11 11:57:00,10,11,True,Step Skipped,Medium
3824,LN-2026256,SOP-LU-001,14,Disbursement Instruction,S.Iyer,2026-07-11 12:15:00,10,10,True,Documentation Missing,Medium
3825,LN-2026256,SOP-LU-001,15,Post-Disbursement Audit Tagging,R.Das,2026-07-11 12:34:00,5,8,True,Duration Overrun,Low
3826,LN-2026257,SOP-LU-001,1,Application Intake,V.Reddy,2026-05-10 03:13:00,10,10,True,Approval Bypassed,Low
3827,LN-2026257,SOP-LU-001,2,KYC & Identity Verification,T.Sharma,2026-05-10 03:35:00,20,15,False,None,High
3828,LN-2026257,SOP-LU-001,3,Credit Bureau Pull,M.Khan,2026-05-10 03:59:00,15,16,False,None,Medium
3829,LN-2026257,SOP-LU-001,4,Income & Employment Verification,P.Nair,2026-05-10 04:29:00,25,29,False,None,Medium
3830,LN-2026257,SOP-LU-001,5,Debt-to-Income Calculation,T.Sharma,2026-05-10 04:46:00,10,11,True,Step Skipped,Medium
3831,LN-2026257,SOP-LU-001,6,Collateral Valuation,A.Rao,2026-05-10 05:31:00,45,34,False,None,High
3832,LN-2026257,SOP-LU-001,7,Fraud Risk Screening,S.Iyer,2026-05-10 05:47:00,15,13,False,None,High
3833,LN-2026257,SOP-LU-001,8,Automated Credit Scoring,S.Iyer,2026-05-10 06:15:00,5,15,True,Duration Overrun,Medium
3834,LN-2026257,SOP-LU-001,9,Manual Underwriting Review,J.Pillai,2026-05-10 06:53:00,30,33,True,Documentation Missing,High
3835,LN-2026257,SOP-LU-001,10,Conditional Approval Decision,S.Iyer,2026-05-10 07:29:00,15,19,False,None,Medium
3836,LN-2026257,SOP-LU-001,11,Document Stipulation Collection,K.Menon,2026-05-10 07:56:00,20,25,True,Tool Substitution,Low
3837,LN-2026257,SOP-LU-001,12,Final Compliance Sign-off,M.Khan,2026-05-10 08:13:00,15,16,False,None,High
3838,LN-2026257,SOP-LU-001,13,Final Approval & Booking,J.Pillai,2026-05-10 08:34:00,10,9,False,None,Medium
3839,LN-2026257,SOP-LU-001,14,Disbursement Instruction,K.Menon,2026-05-10 08:57:00,10,11,False,None,Medium
3840,LN-2026257,SOP-LU-001,15,Post-Disbursement Audit Tagging,P.Nair,2026-05-10 09:14:00,5,5,False,None,Low
3841,LN-2026258,SOP-LU-001,1,Application Intake,R.Das,2026-08-01 01:24:00,10,8,False,None,Low
3842,LN-2026258,SOP-LU-001,2,KYC & Identity Verification,N.Bose,2026-08-01 01:45:00,20,11,False,None,High
3843,LN-2026258,SOP-LU-001,3,Credit Bureau Pull,M.Khan,2026-08-01 02:05:00,15,14,False,None,Medium
3844,LN-2026258,SOP-LU-001,4,Income & Employment Verification,M.Khan,2026-08-01 02:52:00,25,28,False,None,Medium
3845,LN-2026258,SOP-LU-001,5,Debt-to-Income Calculation,K.Menon,2026-08-01 03:09:00,10,9,False,None,Medium
3846,LN-2026258,SOP-LU-001,6,Collateral Valuation,T.Sharma,2026-08-01 04:04:00,45,41,True,Documentation Missing,High
3847,LN-2026258,SOP-LU-001,7,Fraud Risk Screening,R.Das,2026-08-01 04:37:00,15,18,False,None,High
3848,LN-2026258,SOP-LU-001,8,Automated Credit Scoring,M.Khan,2026-08-01 05:00:00,5,5,False,None,Medium
3849,LN-2026258,SOP-LU-001,9,Manual Underwriting Review,A.Rao,2026-08-01 05:31:00,30,29,False,None,High
3850,LN-2026258,SOP-LU-001,10,Conditional Approval Decision,V.Reddy,2026-08-01 05:46:00,15,12,False,None,Medium
3851,LN-2026258,SOP-LU-001,11,Document Stipulation Collection,M.Khan,2026-08-01 06:15:00,20,19,True,Step Skipped,Low
3852,LN-2026258,SOP-LU-001,12,Final Compliance Sign-off,R.Das,2026-08-01 06:48:00,15,14,False,None,High
3853,LN-2026258,SOP-LU-001,13,Final Approval & Booking,S.Iyer,2026-08-01 07:03:00,10,10,False,None,Medium
3854,LN-2026258,SOP-LU-001,14,Disbursement Instruction,S.Iyer,2026-08-01 07:28:00,10,12,True,Order Swapped,Medium
3855,LN-2026258,SOP-LU-001,15,Post-Disbursement Audit Tagging,N.Bose,2026-08-01 07:47:00,5,4,True,Order Swapped,Low
3856,LN-2026259,SOP-LU-001,1,Application Intake,S.Iyer,2026-05-17 16:28:00,10,10,False,None,Low
3857,LN-2026259,SOP-LU-001,2,KYC & Identity Verification,S.Iyer,2026-05-17 16:47:00,20,14,True,Approval Bypassed,High
3858,LN-2026259,SOP-LU-001,3,Credit Bureau Pull,P.Nair,2026-05-17 17:10:00,15,16,False,None,Medium
3859,LN-2026259,SOP-LU-001,4,Income & Employment Verification,M.Khan,2026-05-17 17:41:00,25,23,True,Tool Substitution,Medium
3860,LN-2026259,SOP-LU-001,5,Debt-to-Income Calculation,J.Pillai,2026-05-17 17:50:00,10,8,False,None,Medium
3861,LN-2026259,SOP-LU-001,6,Collateral Valuation,S.Iyer,2026-05-17 18:54:00,45,61,True,Approval Bypassed,High
3862,LN-2026259,SOP-LU-001,7,Fraud Risk Screening,M.Khan,2026-05-17 19:16:00,15,15,True,Step Skipped,High
3863,LN-2026259,SOP-LU-001,8,Automated Credit Scoring,T.Sharma,2026-05-17 19:23:00,5,4,True,Step Skipped,Medium
3864,LN-2026259,SOP-LU-001,9,Manual Underwriting Review,V.Reddy,2026-05-17 20:21:00,30,41,True,Order Swapped,High
3865,LN-2026259,SOP-LU-001,10,Conditional Approval Decision,K.Menon,2026-05-17 20:45:00,15,12,False,None,Medium
3866,LN-2026259,SOP-LU-001,11,Document Stipulation Collection,A.Rao,2026-05-17 21:31:00,20,31,True,Extra Manual Step Added,Low
3867,LN-2026259,SOP-LU-001,12,Final Compliance Sign-off,A.Rao,2026-05-17 21:48:00,15,12,False,None,High
3868,LN-2026259,SOP-LU-001,13,Final Approval & Booking,A.Rao,2026-05-17 22:00:00,10,10,True,Documentation Missing,Medium
3869,LN-2026259,SOP-LU-001,14,Disbursement Instruction,R.Das,2026-05-17 22:28:00,10,12,True,Documentation Missing,Medium
3870,LN-2026259,SOP-LU-001,15,Post-Disbursement Audit Tagging,V.Reddy,2026-05-17 22:36:00,5,5,False,None,Low
